zcta5,obesity_pct,physical_inactivity_pct,totalpopulation,totalpop18plus
01001,31.6,24.7,16984,14019
01002,21.3,18.0,27558,23853
01003,13.9,11.5,13253,13181
01005,34.3,25.3,4900,3889
01007,24.2,17.3,15423,12248
01008,31.6,23.6,1317,1099
01009,33.8,25.2,980,779
01010,30.9,21.6,3711,3021
01011,31.3,22.9,1201,1020
01012,23.8,16.2,519,440
01013,35.3,30.5,23656,18521
01020,34.3,29.3,29781,24349
01022,33.3,29.4,2158,1872
01026,24.5,18.4,1011,864
01027,24.8,19.3,17896,15089
01028,28.8,21.1,16417,13065
01029,30.5,20.8,714,643
01030,31.3,23.1,11708,9538
01031,33.2,23.4,1406,1132
01032,23.3,17.0,483,397
01033,23.8,18.1,6092,5024
01034,31.4,22.9,1977,1652
01035,20.8,15.1,5325,4558
01036,29.5,20.8,4966,4162
01037,32.7,23.5,706,568
01038,24.1,18.0,2522,2147
01039,24.1,17.6,1511,1262
01040,38.3,37.5,38238,29727
01050,26.7,21.4,2467,1995
01053,22.4,18.2,2031,1768
01054,23.6,18.0,1889,1592
01056,33.0,26.7,21002,17568
01057,33.2,25.7,8152,6766
01060,23.7,17.7,14461,12439
01062,24.5,18.2,10910,8906
01063,13.9,12.1,2106,2077
01066,23.4,17.7,215,188
01068,31.9,20.9,1904,1540
01069,33.2,26.7,8428,6976
01070,24.6,19.1,577,489
01071,31.0,21.6,1486,1178
01072,24.8,17.4,1366,1133
01073,23.6,17.0,6224,5007
01074,34.2,25.7,584,426
01075,21.7,17.0,18168,15419
01077,31.3,23.0,9237,7616
01079,33.0,25.9,701,563
01080,32.4,24.6,2400,1893
01081,32.1,23.7,1684,1337
01082,28.4,24.6,10565,8439
01083,33.7,23.7,2549,2031
01084,23.5,16.9,185,154
01085,31.6,24.5,41529,33794
01088,23.2,17.7,598,521
01089,33.3,27.4,28835,22989
01092,33.9,23.1,1343,1039
01093,26.5,19.5,290,262
01094,34.1,24.2,60,55
01095,29.2,20.5,14694,11608
01096,23.6,16.8,2509,2107
01097,33.6,21.8,130,106
01098,24.5,18.8,1147,994
01103,46.1,46.3,2545,2176
01104,40.6,40.1,23598,17954
01105,47.2,50.0,12051,8771
01106,27.5,18.9,16165,12382
01107,44.5,49.3,11252,7773
01108,39.8,38.4,27671,20293
01109,39.9,36.8,30968,23402
01118,34.5,28.5,14296,11265
01119,35.5,31.5,14393,11507
01128,33.3,26.0,2647,2218
01129,34.6,27.2,7024,5690
01151,39.0,35.3,9150,6604
01201,32.9,23.6,45494,36778
01220,33.2,24.6,8166,6640
01222,30.6,20.1,835,691
01223,31.4,20.3,2430,2044
01224,31.1,19.2,217,175
01225,31.4,21.5,3258,2685
01226,30.6,20.8,6324,5101
01229,30.9,20.7,189,182
01230,29.0,20.0,8907,7425
01235,31.8,22.1,2733,2308
01236,28.6,17.4,1513,1200
01237,31.2,20.3,2365,1932
01238,29.4,20.3,5722,4855
01240,28.4,21.7,4692,4022
01242,29.6,18.5,449,375
01243,24.1,18.8,175,151
01244,31.8,19.5,287,250
01245,28.8,19.2,933,826
01247,33.5,25.6,15147,12522
01253,30.7,21.2,808,703
01254,30.0,20.9,946,829
01255,30.3,20.8,959,809
01256,32.9,23.6,645,578
01257,30.2,20.6,2140,1816
01258,28.3,18.5,160,146
01259,30.0,20.4,643,536
01260,28.4,19.1,233,183
01262,29.5,21.1,1758,1564
01264,27.7,20.9,219,197
01266,28.3,17.0,1208,1027
01267,26.0,17.3,7876,6814
01270,30.9,19.2,755,658
01301,27.4,23.8,18042,14859
01330,24.5,18.3,1500,1278
01331,35.2,27.6,13656,10847
01337,25.9,21.3,2562,2138
01338,26.1,22.0,127,116
01339,25.8,21.4,1487,1244
01340,26.0,21.3,1803,1492
01341,24.9,18.3,1539,1280
01342,25.1,18.7,1538,1222
01343,32.6,23.8,165,137
01344,26.0,20.5,1665,1338
01346,26.0,21.5,352,289
01347,25.5,21.3,204,176
01349,26.7,20.2,827,657
01350,26.5,21.6,118,87
01351,26.6,21.3,2293,1936
01354,25.9,21.0,1546,1272
01355,24.4,18.1,879,729
01360,25.0,19.7,2871,2371
01364,30.3,28.8,7665,6159
01366,33.2,22.7,1187,976
01367,25.2,22.0,506,415
01368,34.4,26.2,1283,1070
01370,25.7,20.7,3932,3355
01373,25.5,19.9,4526,3780
01375,23.6,18.7,3639,3185
01376,28.0,24.5,5324,4335
01378,25.8,21.4,780,662
01379,26.6,21.8,774,640
01380,25.7,19.8,82,64
01420,35.6,28.9,41940,32684
01430,32.6,20.9,6303,4867
01431,26.2,18.7,3193,2556
01432,26.4,20.6,8221,6679
01434,33.2,21.2,1652,1537
01436,34.2,25.8,3208,2514
01438,32.0,22.4,414,345
01440,35.7,28.2,21577,17566
01450,24.2,16.0,11298,8651
01451,28.8,17.8,5461,4240
01452,32.7,22.3,4328,3523
01453,34.0,25.7,43752,34853
01460,23.9,16.9,10141,7883
01462,31.4,20.8,11818,9256
01463,25.9,18.4,11621,9257
01464,27.0,19.6,7427,6233
01468,32.9,22.2,4309,3418
01469,26.9,19.6,7055,5587
01473,31.6,20.3,8213,6431
01474,26.7,19.7,2072,1675
01475,34.9,25.6,10304,8155
01501,31.0,21.4,16731,13386
01503,29.9,18.9,3158,2577
01504,32.0,21.2,9208,7377
01505,30.5,18.8,4849,3836
01506,34.7,26.0,3439,2808
01507,31.2,20.7,13315,10498
01510,33.6,23.6,15428,12422
01515,32.1,22.2,2224,1772
01516,31.2,18.9,8962,7072
01518,31.3,19.5,3176,2364
01519,30.0,18.4,7254,5603
01520,29.5,18.1,16394,12450
01521,32.2,23.4,2603,2133
01522,30.2,17.4,3464,2650
01523,30.8,19.0,8377,6828
01524,32.0,22.4,6621,5401
01525,25.3,18.9,73,60
01527,31.7,22.0,13799,11251
01529,32.9,21.8,3174,2504
01531,33.1,23.2,996,799
01532,28.0,17.5,15741,12154
01534,32.7,23.4,6233,4933
01535,33.9,24.6,4735,3834
01536,30.2,20.0,7514,5903
01537,32.5,22.2,2141,1808
01540,33.5,23.5,11032,8925
01541,30.1,17.5,3495,2834
01542,32.1,22.9,2366,1894
01543,31.1,19.2,9049,6812
01545,26.6,18.8,38316,29602
01550,37.3,32.1,17740,13994
01560,28.8,20.3,4896,3681
01562,33.5,24.6,11992,9819
01564,30.3,18.8,7985,6455
01566,30.2,19.4,6691,5292
01568,29.9,17.5,7900,6119
01569,31.5,20.7,14193,11384
01570,35.2,27.3,17776,14479
01571,33.4,24.1,11921,9509
01581,26.7,18.9,21567,16240
01583,31.1,21.7,7652,6378
01585,33.7,25.6,4899,4035
01588,32.7,22.2,10106,8030
01590,30.7,18.5,9279,7320
01602,31.9,23.1,25382,20816
01603,36.4,32.5,22417,17782
01604,35.7,28.7,41301,32926
01605,37.2,31.0,29218,21985
01606,33.6,24.6,21651,17619
01607,37.4,28.9,9378,7283
01608,36.8,31.7,4996,4054
01609,33.2,27.8,23870,20727
01610,37.1,34.2,28717,22708
01611,32.5,22.2,2277,1833
01612,28.4,17.6,5051,4072
01701,24.2,17.9,33005,26640
01702,28.2,25.3,39515,31031
01718,22.8,17.2,688,520
01719,21.8,15.6,5506,4350
01720,21.7,16.1,23232,17593
01721,24.0,17.0,18832,14763
01730,22.3,16.6,14566,11271
01731,24.5,12.6,1555,955
01740,27.7,14.3,5665,4146
01741,21.7,13.7,5237,4013
01742,22.6,15.4,18545,14416
01745,25.9,15.4,433,352
01746,24.0,16.2,14996,11249
01747,30.6,19.6,6017,4700
01748,22.5,14.9,18758,13564
01749,25.6,19.2,20092,16179
01752,27.1,22.4,41793,33511
01754,24.9,16.4,10730,8580
01756,30.9,18.6,6228,4801
01757,33.2,24.9,30479,23949
01760,23.0,16.1,36659,28678
01770,21.9,13.1,4401,3227
01772,27.0,15.7,10017,7564
01773,21.9,15.9,5651,4626
01775,23.4,14.7,7190,5545
01776,22.1,13.9,18934,13811
01778,21.8,14.8,14132,10612
01801,25.6,20.2,40891,33485
01803,22.8,18.0,26074,20857
01810,24.7,16.9,35621,27167
01821,24.6,18.4,30909,25060
01824,23.6,17.4,26881,21248
01826,26.3,20.9,32689,25855
01827,24.0,15.6,3358,2591
01830,32.6,27.6,27553,22108
01832,32.3,26.7,25656,19871
01833,27.4,17.4,8410,6510
01834,27.6,18.9,6752,5384
01835,29.9,21.5,14578,11541
01840,39.7,44.4,7121,5489
01841,37.9,40.0,53654,39222
01843,35.3,34.6,28346,21053
01844,30.9,26.0,52970,41825
01845,26.5,19.0,31855,24910
01850,31.3,29.9,16670,12359
01851,24.4,28.3,32691,25089
01852,28.2,26.1,36708,28774
01854,26.8,27.0,29561,24058
01860,29.3,21.1,6723,5456
01862,25.4,19.4,11430,9513
01863,23.7,17.9,9536,7692
01864,23.9,16.0,15554,12206
01867,23.3,15.9,25522,19676
01876,25.3,19.8,31105,25588
01879,24.7,17.6,12368,9845
01880,24.5,17.1,27071,21808
01886,21.7,15.4,24618,18626
01887,24.7,17.8,23349,18362
01890,21.7,15.5,22970,16678
01901,41.6,43.9,2794,2248
01902,34.9,34.3,50725,37925
01904,31.0,25.8,19944,15622
01905,32.9,31.3,27761,20496
01906,29.5,23.9,28619,23628
01907,28.1,19.6,15148,11936
01908,27.5,19.7,3334,2919
01913,29.9,21.1,17366,14146
01915,28.0,19.9,42341,34832
01921,26.2,16.0,8263,6209
01922,28.3,18.7,3134,2582
01923,27.8,20.3,27987,22597
01929,27.2,16.8,3618,2812
01930,30.2,23.8,29729,24978
01937,31.6,22.8,100,98
01938,27.5,19.1,13785,11448
01940,26.3,18.2,13326,10139
01944,25.3,14.9,5395,4212
01945,26.1,16.2,20462,16016
01949,28.1,21.0,9779,7977
01950,26.8,17.2,18289,14923
01951,28.2,19.1,3582,3035
01952,28.9,20.8,9236,7932
01960,29.0,24.0,54155,44645
01965,29.5,19.1,329,273
01966,27.7,20.5,6992,6053
01969,27.4,17.6,6161,4958
01970,29.7,22.4,44451,37294
01982,27.0,17.6,7618,5730
01983,26.0,16.8,6569,5026
01984,24.7,16.8,4979,3996
01985,27.1,16.9,4500,3541
02019,25.5,17.9,16945,13580
02021,23.1,15.5,24370,19172
02025,22.6,13.0,8381,6148
02026,24.3,17.2,25364,20660
02030,20.9,12.3,5923,4339
02032,22.6,15.2,4853,3740
02035,25.2,17.0,18618,14745
02038,24.0,15.9,33261,25871
02043,25.0,15.1,24272,18091
02045,28.3,18.3,10072,8823
02047,26.2,16.9,371,326
02048,28.4,17.9,23860,18585
02050,28.1,17.5,25956,20722
02052,22.7,13.1,12799,9284
02053,23.9,14.7,13115,10097
02054,24.4,15.9,8460,6720
02056,24.1,14.5,11662,9099
02061,26.3,15.6,11351,8275
02062,25.1,18.6,31611,25530
02066,26.8,15.9,18561,14404
02067,21.1,14.2,18553,13737
02071,23.5,13.1,968,714
02072,27.7,21.2,29281,23655
02081,23.4,14.9,20584,15994
02090,22.0,15.1,16266,12252
02093,24.4,16.4,12178,9570
02108,19.8,14.9,4228,3836
02109,18.8,14.3,3921,3609
02110,19.2,15.7,2921,2644
02111,19.4,27.0,9716,8736
02113,17.6,11.7,7126,6829
02114,18.3,13.7,14469,13464
02115,19.2,22.5,31604,30248
02116,19.3,18.9,23408,21738
02118,24.3,24.7,29073,25415
02119,32.0,35.1,29175,22936
02120,21.9,26.9,17578,15435
02121,34.6,38.1,28766,20930
02122,24.9,29.0,24385,19337
02124,29.3,30.0,50972,39264
02125,26.0,27.7,34926,28515
02126,33.1,32.4,22734,17530
02127,20.2,16.0,37939,33630
02128,25.0,26.6,43066,34826
02129,20.6,16.5,19120,15661
02130,21.4,18.2,38284,32855
02131,24.4,22.4,30544,24640
02132,21.1,18.6,27111,22131
02134,18.2,16.9,21707,19980
02135,19.3,18.1,47232,42978
02136,28.2,26.6,35102,27615
02138,21.0,15.3,37982,34063
02139,22.0,15.9,39525,35054
02140,23.2,16.0,21447,17959
02141,22.2,15.4,15130,13520
02142,20.8,15.4,4499,4092
02143,22.5,14.5,26022,23420
02144,22.5,14.5,25497,22908
02145,25.4,19.1,27520,23502
02148,25.4,23.6,66274,54715
02149,31.0,28.8,49075,38278
02150,28.7,34.7,40721,30976
02151,25.7,28.5,62252,49581
02152,22.9,20.7,19316,15893
02155,23.8,18.1,61483,53078
02163,19.0,16.2,1391,1307
02169,24.0,20.8,62140,52547
02170,20.9,21.0,19950,16729
02171,21.2,20.5,19539,16799
02176,23.8,16.6,29817,23584
02180,24.2,17.7,23244,19092
02184,23.5,18.7,39143,30814
02186,23.5,15.4,28637,21667
02188,25.6,19.3,15133,12531
02189,26.4,18.8,15123,12177
02190,25.1,17.8,18910,15694
02191,24.5,17.9,8271,7048
02199,18.7,15.9,1574,1436
02210,18.3,10.8,5808,5510
02215,17.8,19.2,26926,26173
02301,36.4,29.6,69418,52511
02302,35.1,27.4,36202,27632
02322,27.6,21.1,4777,3810
02324,29.2,19.5,25676,20735
02325,17.7,11.7,3025,3003
02330,30.0,21.6,11645,9330
02332,26.0,15.5,16090,12173
02333,29.3,19.5,14382,11329
02338,28.8,18.7,7749,6218
02339,27.4,17.2,14833,11131
02341,28.2,18.7,10367,8262
02343,26.9,19.5,11364,9122
02346,29.8,21.4,24245,19480
02347,28.8,18.9,11523,9122
02350,26.9,16.5,272,213
02351,29.2,19.3,17085,13684
02356,29.3,19.4,12767,9953
02357,17.4,11.4,1906,1903
02359,28.0,17.2,18361,14428
02360,28.7,19.2,61134,50341
02364,27.4,16.9,13708,10690
02366,27.9,16.7,83,83
02367,30.4,21.5,2930,2315
02368,28.6,22.8,35025,28398
02370,30.0,20.8,17803,14441
02375,29.5,19.1,10373,8352
02379,28.2,18.6,7697,6048
02382,29.9,20.0,15121,11901
02420,19.2,15.0,15502,11515
02421,19.6,15.7,18950,14028
02445,20.8,13.1,22499,17741
02446,20.3,13.7,31957,26829
02451,24.7,19.1,17953,14916
02452,23.9,19.9,15340,13342
02453,23.7,18.2,31854,27196
02457,11.9,9.4,1560,1560
02458,22.1,15.6,12817,10137
02459,20.7,14.5,19017,14809
02460,22.3,15.5,9204,7246
02461,21.0,15.0,7430,5713
02462,21.3,19.7,1569,1263
02464,21.8,16.4,3193,2504
02465,22.2,15.3,12415,9408
02466,20.7,15.8,8434,6848
02467,19.2,14.2,22626,18956
02468,20.9,12.9,5713,4207
02472,23.4,16.3,35392,30110
02474,22.7,15.0,28551,22403
02476,22.8,15.7,17757,14029
02478,21.4,14.7,27286,20569
02481,19.6,13.0,17280,12888
02482,21.4,14.9,10710,8013
02492,21.3,13.0,21359,15589
02493,20.7,15.2,11851,9065
02494,21.4,14.4,10732,8063
02532,26.5,19.0,13411,11576
02534,25.7,18.1,899,783
02535,24.0,16.1,1651,1414
02536,26.8,19.0,19993,16820
02537,26.0,16.9,6178,4999
02538,30.3,21.1,4428,3567
02539,25.5,19.6,5168,4321
02540,25.9,20.1,8450,7609
02542,27.4,15.3,793,581
02543,23.5,15.0,756,682
02553,27.6,19.9,164,142
02554,27.5,17.0,13517,10908
02556,23.8,14.9,3338,2858
02557,26.4,20.9,2372,2014
02558,30.8,23.0,2178,1886
02559,25.6,18.7,3388,2994
02561,25.2,16.1,712,622
02562,25.4,16.6,3204,2680
02563,26.0,17.0,10070,8411
02564,26.6,18.9,703,620
02568,26.4,19.8,8172,6828
02571,30.2,22.4,10858,9163
02575,24.3,15.1,3167,2639
02576,32.6,26.0,3957,3295
02601,31.3,24.5,16487,13332
02630,24.2,16.2,1956,1636
02631,25.9,18.7,10178,8788
02632,26.5,18.9,11475,9676
02633,25.2,18.3,4664,4228
02635,26.3,19.4,3632,3130
02637,23.6,15.2,267,249
02638,24.7,18.4,2968,2678
02639,28.1,19.7,3238,2810
02641,25.0,19.1,332,320
02642,26.5,19.7,5752,5100
02644,27.9,18.2,3954,3066
02645,25.9,18.2,10436,8863
02646,24.7,18.5,1926,1745
02647,28.5,24.8,136,130
02648,27.0,17.9,7325,6128
02649,26.6,19.0,15060,12857
02650,23.4,20.0,829,785
02652,27.0,18.6,1402,1268
02653,25.1,18.3,6307,5666
02655,25.0,16.9,3591,3168
02657,28.6,18.8,3664,3489
02659,25.0,17.1,1100,970
02660,27.0,20.6,6662,5886
02663,25.3,16.6,257,221
02664,27.3,21.4,9935,8535
02666,25.8,19.0,1052,938
02667,26.0,17.7,3309,2951
02668,25.2,15.5,3222,2681
02670,25.5,18.6,1463,1346
02671,26.0,19.3,1216,1078
02672,27.3,23.3,297,246
02673,27.8,20.9,8892,7439
02675,24.4,17.5,6712,5914
02702,29.0,18.1,4267,3372
02703,31.7,23.9,46389,37039
02715,29.5,18.6,4036,3051
02717,29.7,20.0,4951,3932
02718,32.7,23.3,6882,5479
02719,30.5,23.3,15924,13236
02720,33.7,28.4,31209,25460
02721,35.3,31.9,28075,21886
02723,37.0,34.1,16084,12490
02724,36.6,33.1,18050,14068
02725,28.6,22.0,2632,2182
02726,29.3,20.9,15671,12660
02738,28.3,20.2,5347,4339
02739,26.4,16.9,6508,5394
02740,36.8,33.6,45166,35612
02743,30.4,22.6,10434,8459
02744,36.5,33.1,13055,9726
02745,33.6,28.2,25336,20215
02746,39.3,38.3,17355,12791
02747,28.8,21.8,22326,18835
02748,29.2,22.3,11888,9936
02760,28.9,18.9,28716,22554
02762,26.1,18.8,9945,8011
02763,27.9,18.6,2118,1665
02764,29.3,18.8,4081,3198
02766,28.0,18.7,19202,15825
02767,30.3,21.7,15376,12072
02769,29.4,19.9,12521,9978
02770,28.7,18.8,5560,4389
02771,29.0,19.7,15512,12370
02777,29.0,20.3,17133,13977
02779,29.1,18.3,6764,5266
02780,33.7,26.7,52299,41595
02790,30.1,22.3,16458,13804
02791,27.7,20.1,312,281
02802,29.8,21.4,814,703
02804,29.3,19.1,2782,2222
02806,24.5,15.8,17153,12664
02807,30.7,23.7,1410,1221
02808,28.2,16.5,2332,1810
02809,25.1,19.4,22493,19606
02812,26.7,15.6,1220,952
02813,28.9,19.2,8021,6853
02814,30.9,22.5,7549,6147
02815,33.0,23.0,247,181
02816,33.7,24.2,33206,27069
02817,31.9,21.0,6528,5277
02818,29.6,19.0,19907,15782
02822,29.3,19.6,5960,4863
02823,29.4,18.5,151,127
02824,30.5,21.7,404,327
02825,31.1,23.4,5265,4310
02826,31.1,22.9,822,689
02827,32.3,22.2,2224,1784
02828,28.6,23.2,7469,6156
02829,33.2,22.2,122,89
02830,31.4,24.0,6474,5209
02831,30.2,21.5,3860,3074
02832,29.6,19.6,4887,3985
02833,29.2,21.8,469,411
02835,26.3,17.0,5559,4688
02836,29.5,16.0,158,115
02837,26.3,18.1,3616,3048
02838,28.4,20.7,3801,2948
02839,31.3,22.5,1870,1506
02840,28.5,20.8,23902,20288
02841,24.4,16.5,1220,1190
02842,28.3,21.0,17115,13612
02852,27.7,17.4,23579,19078
02857,30.5,22.4,8339,6897
02858,30.4,21.6,580,458
02859,32.0,25.0,6701,5290
02860,36.6,32.7,47894,37040
02861,33.9,28.5,27833,22227
02863,41.3,44.4,22596,16177
02864,29.7,22.3,36376,28830
02865,29.2,22.6,17902,14228
02871,26.4,17.5,17640,14222
02872,27.7,19.8,231,205
02873,29.8,21.1,266,212
02874,26.8,15.5,6137,4782
02875,27.9,16.0,350,278
02876,29.6,21.9,753,660
02878,28.2,21.1,16359,13636
02879,27.5,17.9,20982,17526
02881,22.0,16.1,8443,8071
02882,27.6,18.6,12919,11539
02885,27.6,22.1,11147,9321
02886,32.3,23.7,29373,24465
02888,33.5,23.6,19578,16228
02889,33.8,24.6,28277,23161
02891,28.1,19.9,21803,18310
02892,27.6,16.1,5420,4334
02893,34.8,26.3,31030,25236
02894,27.6,16.1,814,630
02895,36.0,34.0,43269,33798
02896,30.1,23.3,11154,9111
02898,27.3,15.7,1887,1570
02903,29.8,26.3,13264,11979
02904,33.9,29.4,31542,25662
02905,35.4,33.1,26334,20402
02906,27.2,19.4,25559,22215
02907,39.6,41.1,29827,21617
02908,35.3,31.7,38507,29470
02909,38.0,36.5,46119,34048
02910,32.3,27.2,21907,17312
02911,31.9,25.8,16384,13481
02912,18.5,18.3,4739,4711
02914,33.5,30.1,22140,18260
02915,31.4,25.2,16603,14064
02916,31.5,24.9,8350,6885
02917,26.5,21.5,14738,12609
02918,20.1,15.9,3125,3100
02919,31.8,26.7,29473,24353
02920,31.4,26.6,37791,31153
02921,28.7,20.7,12406,9915
03031,31.2,17.6,11763,9130
03032,31.0,16.7,5930,4571
03033,31.3,16.9,5639,4091
03034,32.7,20.5,4066,3355
03036,31.3,17.4,5251,4128
03037,32.1,18.5,4802,3769
03038,32.5,19.6,34482,27405
03042,33.0,19.9,7146,5745
03043,35.3,24.1,1610,1319
03044,32.6,19.7,4739,3844
03045,32.7,21.0,14107,11271
03046,32.8,17.3,3005,2350
03047,35.3,23.6,1727,1370
03048,35.5,24.8,3353,2729
03049,31.3,18.7,8342,6484
03051,33.0,21.4,25394,20475
03052,31.8,19.0,8478,6693
03053,30.6,17.0,25646,19986
03054,32.0,18.6,26622,21161
03055,33.1,21.4,16120,12878
03057,33.2,20.3,2612,2014
03060,35.6,26.7,31251,24751
03062,30.5,20.7,28966,23678
03063,32.2,21.4,16036,13229
03064,34.5,23.5,15069,12126
03070,33.7,20.2,6134,4620
03071,33.2,21.4,5198,3871
03076,32.7,20.4,14222,11298
03077,35.1,22.9,10684,8750
03079,31.4,19.9,30095,24816
03082,34.5,22.1,1621,1367
03084,33.8,22.3,1382,1179
03086,32.8,20.2,3982,3204
03087,28.9,15.1,15817,11687
03101,36.7,24.8,3885,3426
03102,34.2,24.5,33396,27668
03103,37.2,29.3,38039,29762
03104,33.2,22.1,34324,28466
03106,32.8,19.1,14799,12016
03109,32.5,20.9,10580,8606
03110,30.2,18.2,23322,17595
03215,27.8,21.9,510,447
03216,34.7,21.0,2327,1848
03217,29.8,25.0,1938,1643
03218,30.1,19.6,1116,915
03220,33.0,24.1,7368,5894
03221,33.6,18.9,2307,1853
03222,28.4,22.6,5743,4806
03223,27.4,19.5,3410,2793
03224,32.4,18.0,2368,2012
03225,30.6,19.2,3799,3004
03226,30.2,21.2,1145,966
03227,30.1,19.4,1113,960
03229,32.0,17.2,5919,4565
03230,35.7,21.9,1256,1018
03231,37.0,22.2,85,72
03233,27.1,19.3,115,99
03234,33.1,19.8,4817,3931
03235,35.1,22.3,8856,7153
03237,30.2,17.7,2478,1978
03240,28.3,21.7,1385,1129
03241,26.3,20.0,953,845
03242,29.8,16.1,6185,5338
03243,35.1,21.9,1076,891
03244,35.5,24.2,8001,6465
03245,27.0,19.4,2017,1726
03246,31.2,22.4,16905,13952
03249,29.2,18.5,7698,6365
03251,28.1,21.7,1631,1387
03253,29.4,20.1,6558,5597
03254,28.5,17.5,4910,4276
03255,31.7,17.5,2158,1820
03256,30.9,19.6,2373,1977
03257,27.5,15.7,4513,3918
03258,33.0,17.7,2625,2113
03259,30.1,18.3,236,204
03260,32.5,16.6,798,640
03261,32.1,18.8,4685,3796
03262,26.8,20.3,1362,1152
03263,36.2,23.2,4094,3258
03264,23.4,17.2,7054,6138
03266,27.4,20.5,2098,1777
03268,34.3,20.7,1236,1019
03269,29.8,18.8,3026,2507
03273,32.7,17.0,259,204
03275,36.4,23.2,11946,9543
03276,33.7,22.5,8766,7033
03278,33.4,19.9,3126,2571
03279,27.5,20.8,781,647
03280,33.1,24.5,1195,994
03281,32.9,18.7,9092,7103
03282,27.0,20.3,845,719
03284,31.4,19.3,902,733
03285,28.1,19.9,2708,2239
03287,35.0,22.2,1407,1158
03290,32.6,18.2,5129,4043
03291,32.0,19.2,73,51
03293,28.2,20.9,72,70
03301,33.3,20.4,33352,27849
03303,34.5,21.0,16516,13418
03304,30.4,15.0,8229,6234
03307,35.4,21.9,5600,4555
03431,28.8,20.0,24978,20768
03440,35.4,24.3,2726,2182
03441,34.0,26.2,354,277
03442,35.1,22.9,1501,1182
03443,29.5,19.7,616,505
03444,29.0,18.7,1508,1269
03445,30.4,19.7,666,568
03446,31.6,22.9,6351,5176
03447,31.2,21.4,2351,1933
03448,32.4,22.6,752,634
03449,31.2,19.3,1763,1471
03450,29.3,19.0,975,827
03451,31.9,23.4,3948,3177
03452,28.7,18.3,5320,4260
03455,31.0,22.0,2132,1698
03456,32.2,23.3,749,611
03457,30.3,20.2,803,656
03458,31.2,20.1,6794,5482
03461,27.7,17.8,6476,5242
03462,30.1,19.6,1710,1372
03464,30.1,20.3,1194,962
03465,31.2,21.0,2130,1699
03466,29.9,19.1,1226,1016
03467,29.2,20.3,1706,1447
03470,33.7,25.9,4993,4025
03561,30.9,27.6,6005,4992
03570,38.7,31.0,9429,7831
03574,26.6,17.8,2514,2102
03575,31.3,22.6,107,86
03576,37.3,30.4,2939,2486
03579,35.6,26.7,458,415
03580,26.3,20.5,1344,1148
03581,34.5,24.2,3053,2563
03582,38.7,31.4,2337,1912
03583,33.0,22.0,1038,875
03584,35.9,26.8,3490,2818
03585,29.0,23.0,2626,2137
03586,26.4,19.0,654,555
03588,35.5,25.2,1664,1383
03590,38.9,31.4,910,779
03592,37.9,33.2,1094,994
03593,32.9,23.1,329,283
03595,33.5,22.2,713,633
03597,36.4,34.5,374,322
03598,35.1,27.1,3393,2836
03601,33.1,25.1,376,308
03602,32.4,23.4,2599,2173
03603,35.4,26.4,5127,4139
03605,33.8,23.8,1104,891
03607,32.9,25.4,314,272
03608,30.7,22.7,2811,2355
03609,30.8,21.0,807,641
03740,29.2,23.7,1071,864
03741,28.8,22.8,4071,3415
03743,35.1,27.5,13540,10808
03745,31.3,19.6,1616,1382
03748,27.6,19.2,4626,3934
03750,22.6,13.0,938,708
03751,31.5,25.5,399,324
03752,32.9,23.7,784,656
03753,30.8,20.0,3476,2828
03755,19.3,13.5,10926,9547
03765,28.5,22.4,487,396
03766,24.9,17.7,9838,8278
03768,26.1,19.1,1736,1348
03770,30.4,18.1,583,434
03771,28.8,23.3,864,686
03773,34.2,24.6,7801,6377
03774,27.5,23.4,1808,1539
03777,27.3,19.7,1237,1028
03779,27.2,19.4,769,628
03780,27.8,23.0,475,371
03781,31.3,19.5,1876,1565
03782,33.3,23.9,3030,2524
03784,23.8,18.3,4444,3755
03785,28.0,22.2,2245,1827
03801,29.7,16.5,22767,19256
03809,29.1,18.8,3644,3019
03810,29.1,19.1,2246,1921
03811,30.8,18.5,7081,5930
03812,31.0,19.4,936,804
03813,31.7,21.3,3681,3055
03814,31.9,21.0,2357,1989
03816,30.0,19.3,1304,1101
03817,29.1,19.5,452,404
03818,30.7,18.9,3478,2867
03819,33.9,20.6,4208,3406
03820,31.8,17.7,32800,26845
03823,31.5,16.5,1928,1465
03824,28.1,17.2,15498,14116
03825,33.6,18.0,9326,7256
03826,31.5,18.8,2693,2200
03827,32.0,19.3,3307,2636
03830,33.0,22.9,1611,1364
03832,29.5,19.7,405,366
03833,30.1,17.7,22662,18325
03835,36.8,24.0,6758,5497
03836,32.0,23.7,1689,1503
03837,29.3,17.2,1471,1189
03838,31.2,20.9,1150,1025
03839,35.0,20.7,4058,3200
03840,30.2,16.5,4076,3236
03841,31.5,19.1,6486,5170
03842,31.9,19.9,16048,13795
03844,30.2,17.0,2428,1923
03845,30.6,19.8,1093,955
03846,31.6,21.0,995,887
03847,31.9,22.1,326,284
03848,33.1,19.9,6202,5125
03849,30.3,18.4,1446,1216
03850,29.1,20.2,340,308
03851,35.7,23.1,3891,3219
03852,35.5,22.4,591,460
03853,29.2,20.8,769,677
03854,29.2,18.2,1000,891
03855,34.2,20.5,2693,2233
03856,30.1,15.1,1769,1361
03857,31.2,16.9,9430,7841
03858,32.7,19.5,4820,3875
03860,30.7,20.6,3910,3381
03861,31.8,16.4,4499,3477
03862,30.0,17.9,4597,3862
03864,33.5,24.0,1999,1650
03865,32.1,19.4,7830,6341
03867,35.4,22.5,22369,18327
03868,33.8,21.5,6065,4973
03869,33.3,19.2,2456,1999
03870,29.7,17.2,5234,4435
03871,28.7,18.9,250,225
03872,32.8,22.6,3981,3276
03873,33.9,20.4,6557,5119
03874,34.1,23.7,8542,7257
03875,30.3,19.0,973,807
03878,34.6,21.2,11919,9619
03882,33.3,22.9,1682,1380
03883,31.0,18.9,300,237
03884,34.5,19.8,4230,3327
03885,29.3,15.2,7660,5942
03886,30.6,18.7,1977,1661
03887,34.1,20.3,2151,1715
03890,30.8,19.5,177,141
03894,30.0,21.0,6382,5440
03901,33.2,19.8,7937,6093
03902,31.0,18.3,2362,1985
03903,32.4,19.5,6717,5513
03904,31.9,19.5,8148,6817
03905,31.4,19.9,1922,1689
03906,33.5,20.9,4990,3944
03907,28.5,16.8,1577,1461
03908,31.8,17.2,7468,5772
03909,31.5,19.9,10938,9126
03910,31.5,17.6,116,103
03911,32.5,23.9,307,262
04001,34.2,21.8,2665,2206
04002,34.0,22.9,7589,6285
04003,26.6,18.6,363,325
04005,33.7,22.3,24581,20594
04006,31.6,21.6,100,78
04008,31.0,22.9,3047,2445
04009,29.9,22.8,5298,4370
04010,34.6,23.4,1631,1279
04011,25.5,17.6,21756,18162
04015,29.2,20.8,3646,3003
04017,24.4,16.5,396,328
04019,25.5,17.4,72,61
04020,35.2,25.0,1508,1218
04021,25.5,13.8,6729,5002
04022,34.5,24.5,1197,999
04024,30.3,23.8,572,483
04027,34.9,21.9,6469,5047
04029,30.4,23.2,1917,1593
04030,33.6,20.9,2239,1802
04032,27.1,17.4,8737,6976
04037,35.2,25.3,3762,3032
04038,26.2,16.3,18336,14395
04039,27.5,16.7,7922,6416
04040,31.4,23.4,2853,2409
04041,35.7,25.3,1609,1288
04042,34.5,21.9,4745,3779
04043,31.0,19.4,11536,9499
04046,32.3,20.0,7893,6590
04047,36.1,25.2,1791,1504
04048,34.1,21.4,3188,2502
04049,35.4,23.4,3892,3051
04050,26.5,17.4,234,199
04051,34.8,24.7,1095,910
04055,29.3,19.7,3925,3153
04056,33.8,25.3,167,139
04057,25.1,20.8,120,102
04061,35.1,21.4,3437,2577
04062,26.9,16.4,18464,14765
04063,30.0,21.2,508,479
04064,34.3,22.5,8452,7544
04066,25.4,17.6,579,532
04068,35.4,25.2,1600,1248
04069,27.7,18.1,1566,1262
04071,27.2,16.9,4915,4014
04072,32.4,19.5,20381,16592
04073,35.7,25.3,17283,13642
04074,25.3,15.8,21952,17710
04076,34.9,22.4,2927,2422
04079,26.4,17.8,4089,3538
04083,34.8,23.1,4699,3782
04084,27.6,18.3,8253,6898
04085,32.0,23.0,1991,1563
04086,28.7,21.8,9560,7789
04087,34.3,21.1,2269,1800
04088,34.4,24.1,1533,1259
04090,32.8,21.6,11314,9498
04091,30.8,23.0,942,750
04092,27.8,18.4,20400,16572
04093,32.5,19.3,8376,6841
04095,35.4,23.7,1481,1228
04096,26.1,15.1,8990,6839
04097,27.2,16.5,4072,3097
04101,29.1,17.8,18109,15954
04102,27.8,16.8,18002,15286
04103,26.8,16.8,31185,25669
04105,24.2,14.2,12406,9722
04106,27.0,17.6,26641,21982
04107,24.3,13.7,9575,7468
04108,27.5,17.1,907,795
04109,26.6,17.2,133,114
04110,24.6,15.5,1752,1441
04210,35.3,26.8,24061,19207
04216,35.8,26.4,666,568
04217,33.8,22.1,3283,2694
04219,33.8,22.8,1544,1252
04220,33.9,22.7,3186,2485
04221,33.7,25.3,1125,941
04222,33.7,21.1,4173,3241
04224,35.4,24.7,2746,2233
04226,34.1,28.9,88,86
04231,34.0,22.9,276,215
04236,36.7,27.6,4376,3494
04237,33.9,22.6,286,239
04238,33.6,21.7,1223,950
04239,33.7,24.1,4620,3723
04240,37.8,30.1,37121,29159
04250,33.9,25.4,4813,3902
04252,34.4,23.7,4876,3811
04253,34.5,23.8,2127,1758
04254,42.3,35.7,3060,2334
04255,34.0,22.7,730,612
04256,36.5,27.1,3107,2431
04257,35.0,25.4,2756,2214
04258,36.9,27.4,2766,2156
04259,31.8,22.0,3179,2588
04260,27.7,17.4,5676,4500
04261,35.9,26.3,488,422
04263,38.3,28.3,2262,1793
04265,31.6,21.7,903,714
04268,36.8,29.1,5077,4129
04270,35.5,25.8,6082,4847
04274,34.6,23.2,5906,4725
04275,36.0,27.4,464,421
04276,37.6,29.7,5858,4769
04280,36.0,26.2,6674,5314
04281,35.2,25.9,5135,4114
04282,33.7,22.6,5817,4546
04284,31.4,22.6,1113,943
04285,36.9,30.0,376,326
04287,31.2,22.4,3136,2446
04289,36.3,26.7,1775,1364
04290,34.4,24.5,1488,1218
04292,35.0,23.8,986,774
04294,37.0,27.1,3862,3066
04330,34.1,26.8,26322,21556
04341,29.1,29.3,70,59
04342,32.4,22.0,1725,1426
04344,33.3,25.9,2995,2359
04345,32.7,24.6,12052,9619
04346,32.5,24.6,1743,1450
04347,31.0,24.4,2570,2212
04348,33.0,23.4,3152,2537
04349,32.1,22.6,1160,957
04350,32.7,24.3,3586,2896
04351,29.9,20.4,2462,2003
04352,31.9,23.3,1721,1388
04353,33.5,23.0,2338,1860
04354,34.2,22.1,1570,1248
04355,30.3,19.7,2597,2082
04357,31.7,23.6,3522,2850
04358,31.1,21.4,4373,3466
04359,32.8,23.4,455,343
04360,32.0,23.3,578,474
04363,32.7,24.0,2632,2061
04364,32.9,23.2,6115,4944
04401,37.4,24.8,44608,36485
04406,35.2,28.4,751,649
04408,31.7,24.2,201,172
04410,40.3,28.9,1184,946
04411,40.3,30.2,1532,1232
04412,39.0,27.3,9672,7750
04413,42.9,37.7,147,128
04414,34.6,28.1,1104,925
04415,36.0,28.4,266,236
04416,31.6,22.0,5451,4416
04417,42.8,33.6,395,316
04418,41.4,28.9,1720,1360
04419,38.6,25.7,2863,2251
04421,22.7,15.2,1320,1237
04422,40.0,27.2,1551,1295
04424,41.1,35.7,839,694
04426,34.1,27.7,4841,3892
04427,39.7,28.4,2900,2240
04428,36.8,22.9,3034,2492
04429,34.2,21.5,4925,4030
04430,40.4,30.9,1567,1311
04434,40.8,30.4,1230,967
04435,40.1,30.0,963,792
04438,35.9,24.2,1231,980
04441,33.8,26.3,1632,1456
04442,34.0,27.5,101,101
04443,36.8,30.6,2173,1791
04444,35.3,20.6,9304,7180
04448,41.9,34.7,1265,1062
04449,40.6,28.5,1373,1130
04450,37.1,22.8,1346,1064
04451,42.2,35.9,199,175
04453,43.4,33.3,725,597
04455,41.7,34.2,916,738
04456,38.5,26.0,2940,2262
04457,40.2,30.0,5689,4600
04459,43.5,36.2,669,563
04460,42.1,34.1,1236,1027
04461,40.1,29.7,3069,2493
04462,41.9,33.7,4411,3796
04463,35.7,28.8,2766,2248
04464,35.2,27.0,603,499
04468,38.3,26.4,8801,7186
04469,24.0,15.1,3113,3099
04471,42.2,34.5,624,487
04472,29.2,19.8,2203,1849
04473,32.8,21.9,8070,7056
04474,35.8,21.5,3812,3087
04475,40.5,29.7,356,294
04476,29.6,20.6,1128,987
04478,36.2,30.3,272,262
04479,37.6,32.6,1306,1071
04481,36.2,29.1,665,529
04485,34.2,26.3,251,210
04487,43.4,36.9,778,691
04488,41.0,30.8,1186,980
04489,36.7,22.5,197,161
04490,42.5,35.7,208,185
04491,41.1,37.3,107,97
04492,41.9,35.4,132,107
04493,39.2,28.8,1803,1472
04495,42.2,34.3,399,313
04496,33.1,19.9,3817,3020
04497,41.3,35.9,307,260
04530,30.3,22.5,11153,9172
04535,31.2,20.0,710,572
04537,31.4,19.8,2000,1724
04538,31.0,23.6,1729,1563
04539,29.6,18.4,1227,1031
04543,30.8,23.0,2297,1931
04544,30.5,21.6,695,640
04547,28.8,22.1,1142,939
04548,29.2,21.7,1058,912
04551,29.5,18.6,823,684
04553,30.6,20.6,1848,1537
04554,28.6,20.1,649,579
04555,32.1,21.9,1791,1476
04556,30.8,20.5,1188,989
04558,29.6,18.6,409,353
04562,28.7,21.0,2155,1832
04563,29.3,21.4,1502,1205
04564,29.1,19.2,505,455
04568,27.8,17.6,461,421
04571,30.1,19.4,308,269
04572,31.1,20.1,5154,4154
04573,24.5,15.1,666,579
04574,31.7,24.4,1592,1316
04575,31.2,21.7,298,257
04576,30.3,23.7,606,553
04578,31.8,22.3,4461,3700
04579,29.6,20.6,3068,2492
04605,29.7,20.2,13651,11121
04606,39.8,32.8,1148,934
04607,30.1,22.9,1224,1015
04609,28.2,18.5,5089,4357
04611,38.8,31.7,443,379
04612,28.7,19.8,590,511
04613,29.6,23.8,121,105
04614,29.3,21.4,2792,2286
04616,28.5,20.7,827,722
04617,28.8,20.8,724,625
04619,39.4,32.2,3079,2512
04622,40.9,35.0,1310,1088
04623,39.8,31.7,943,766
04624,28.7,23.5,211,187
04625,28.2,22.1,64,50
04626,38.5,29.2,524,394
04627,30.4,25.8,1937,1620
04628,39.6,30.0,672,553
04630,38.4,30.0,1364,1093
04631,38.2,31.3,1288,1124
04634,32.3,23.4,1998,1629
04640,30.0,21.0,2421,1987
04642,28.9,21.7,201,172
04643,39.1,32.4,962,764
04645,26.5,18.0,92,80
04646,30.5,18.9,96,71
04648,39.0,31.0,567,463
04649,38.3,31.2,1245,1035
04650,32.3,24.8,256,223
04652,39.0,31.0,1536,1320
04653,29.3,20.4,575,495
04654,40.0,34.1,3312,2745
04655,38.4,30.2,962,768
04657,39.8,31.3,344,304
04658,40.4,35.8,1375,1120
04660,27.5,17.6,1414,1186
04662,27.2,17.5,460,395
04664,32.5,23.3,1219,1019
04666,39.2,30.7,1125,931
04667,41.4,31.3,1494,1212
04668,42.4,33.9,1765,1338
04669,29.3,23.6,169,147
04671,40.0,30.8,539,440
04673,28.6,22.3,144,118
04674,28.7,20.9,379,301
04675,26.9,17.4,272,238
04676,29.5,19.9,1076,862
04677,32.0,25.1,279,232
04679,28.6,19.7,1756,1463
04680,41.4,34.4,1129,907
04681,31.7,25.3,1056,899
04684,30.0,21.5,1632,1347
04685,29.3,19.9,355,292
04686,41.3,36.6,135,113
04691,39.8,30.6,460,365
04693,29.2,24.2,461,407
04694,41.1,32.8,2137,1717
04730,41.1,33.3,9813,7638
04732,42.0,34.4,1506,1212
04733,41.6,34.8,163,144
04734,40.2,31.6,739,591
04735,40.9,32.6,541,431
04736,39.2,30.0,9033,7326
04739,39.9,34.6,993,862
04740,39.9,30.7,1320,989
04742,40.0,31.2,3322,2618
04743,37.3,28.7,4625,3764
04745,39.5,33.4,1052,874
04746,42.2,38.7,366,324
04747,41.8,33.9,1281,1022
04750,40.0,32.3,1817,1462
04756,39.2,34.4,3134,2712
04757,38.5,27.2,2777,2222
04758,39.1,32.4,1370,1098
04760,41.6,33.0,748,621
04761,42.0,35.1,590,498
04762,40.9,31.6,577,469
04763,42.1,35.0,661,554
04765,42.9,35.4,1122,916
04766,41.1,31.4,371,291
04768,42.4,36.0,366,326
04769,38.8,29.8,8797,7077
04772,40.0,33.7,730,618
04773,41.2,33.0,780,662
04774,41.0,34.2,675,567
04776,41.0,34.5,907,747
04777,42.6,33.9,387,293
04779,39.3,34.6,446,387
04780,41.3,33.2,733,549
04781,40.3,32.4,534,443
04783,40.2,31.8,473,409
04785,41.6,38.1,2323,1929
04786,40.1,31.7,1756,1408
04787,40.6,33.0,445,377
04841,28.7,21.9,6936,5872
04843,27.6,20.1,5241,4420
04847,29.5,20.6,1698,1351
04848,32.5,21.1,583,490
04849,32.7,20.7,3862,3151
04852,31.4,17.1,64,60
04853,26.8,17.3,408,336
04854,27.8,21.0,1517,1283
04855,27.2,22.6,163,132
04856,27.5,20.0,3644,2935
04858,28.2,20.4,1497,1252
04859,27.6,22.1,645,572
04860,28.1,21.7,1800,1523
04861,29.9,23.7,2739,2234
04862,30.7,22.9,3794,3063
04863,26.9,17.3,1279,1058
04864,31.3,22.5,4865,4081
04901,33.0,26.5,26491,21772
04910,36.1,29.7,2006,1618
04911,37.0,28.0,1918,1537
04912,37.9,29.3,982,794
04915,34.1,23.7,9110,7556
04917,29.9,19.7,3259,2703
04920,35.1,26.3,1602,1380
04921,36.3,24.8,1620,1293
04922,37.7,27.6,1096,889
04923,37.2,27.4,443,363
04924,36.2,24.8,2193,1724
04925,36.6,28.6,87,74
04927,33.2,24.9,3370,2655
04928,40.0,30.7,2221,1758
04929,40.3,32.4,885,688
04930,39.9,31.1,4287,3492
04932,39.6,27.3,1211,996
04936,42.7,37.3,257,239
04937,37.4,27.0,6363,5056
04938,34.2,25.4,9592,7773
04939,39.9,30.4,1026,833
04940,38.7,30.2,60,54
04941,34.7,23.1,1731,1410
04942,36.9,29.5,1121,975
04943,35.3,26.1,1705,1368
04944,37.7,25.8,68,67
04945,36.3,26.5,1125,914
04947,33.2,21.7,1717,1476
04949,35.3,24.1,934,750
04950,37.8,28.7,4726,3897
04951,36.2,25.2,931,761
04952,34.8,23.8,1947,1540
04953,38.3,26.9,3139,2572
04955,36.8,26.9,1448,1146
04956,35.8,26.0,721,574
04957,39.1,30.1,3987,3235
04958,37.1,28.7,1868,1592
04961,36.3,27.8,1008,851
04963,32.4,23.7,7358,5923
04964,33.1,24.8,265,239
04965,40.2,33.6,1924,1570
04966,36.6,27.8,1527,1274
04967,38.0,29.0,3908,3035
04969,39.1,26.7,1319,1041
04970,34.0,24.1,1632,1359
04971,37.1,27.1,2045,1645
04973,34.9,23.6,1400,1120
04974,35.3,25.2,2649,2190
04976,37.1,28.2,9937,7931
04978,34.7,24.4,925,785
04979,34.4,24.4,978,806
04981,35.3,25.3,2231,1908
04982,42.9,35.5,581,486
04983,34.9,24.6,1665,1373
04984,35.4,25.9,527,428
04985,36.3,28.9,122,111
04986,35.8,25.2,1585,1268
04987,37.8,27.3,1018,825
04988,32.7,23.8,2328,1920
04989,32.2,22.9,4520,3602
05001,29.0,19.1,8674,7183
05030,29.0,19.7,69,63
05031,27.0,20.6,71,59
05032,29.2,19.3,2631,2100
05033,32.8,21.7,2973,2327
05034,27.5,18.6,290,250
05035,28.6,18.8,641,528
05036,33.0,22.5,940,774
05037,27.4,16.0,880,752
05038,33.6,23.6,1328,1059
05039,33.2,22.9,995,809
05040,34.4,22.9,528,389
05041,33.1,22.3,229,177
05042,31.2,23.1,599,478
05043,30.0,17.4,998,800
05045,31.7,20.4,1686,1411
05046,31.4,23.1,1164,917
05048,29.7,18.8,2465,2048
05050,30.8,22.5,130,114
05051,34.4,25.3,1166,965
05052,30.2,19.0,341,256
05053,27.4,18.8,289,257
05055,24.9,13.3,3503,2746
05056,29.3,18.7,406,326
05058,30.4,16.9,217,187
05059,28.1,17.2,1357,1079
05060,32.9,22.6,4590,3751
05061,29.8,19.8,1746,1480
05062,27.4,17.0,675,545
05065,28.8,17.6,1096,850
05067,27.1,19.7,249,213
05068,29.8,19.7,3172,2641
05069,32.3,23.1,673,539
05070,34.3,23.6,460,356
05071,28.1,17.1,307,248
05072,34.7,24.6,509,399
05075,31.0,18.5,1254,1021
05076,32.7,22.9,468,386
05077,34.3,23.0,1158,926
05079,34.8,22.9,703,570
05081,34.3,25.4,871,694
05083,31.9,18.4,194,145
05084,27.8,19.1,85,63
05086,34.0,22.6,857,673
05088,29.2,20.1,783,647
05089,29.2,20.2,4975,4093
05091,27.3,17.5,3320,2811
05101,27.7,20.9,4139,3389
05141,25.9,18.4,60,59
05142,29.5,21.1,751,610
05143,28.2,18.8,4698,3849
05146,25.1,19.0,621,529
05148,26.1,18.8,1423,1149
05149,28.3,19.9,2408,2076
05150,31.4,25.8,854,713
05151,28.7,19.7,1334,1108
05152,27.7,15.7,533,438
05153,29.3,19.2,799,629
05154,24.4,17.4,481,382
05155,25.8,19.3,933,747
05156,32.2,24.4,8911,7321
05158,26.2,19.0,935,736
05161,26.7,18.0,590,490
05201,32.0,21.7,14370,11426
05250,30.6,18.5,3550,2864
05251,29.5,18.6,1564,1304
05252,29.3,18.3,361,287
05253,30.3,17.9,636,525
05254,29.8,20.9,476,390
05255,30.3,19.5,4018,3311
05257,27.9,18.5,3080,2587
05260,31.9,21.7,373,286
05261,31.9,21.3,2364,1902
05262,30.0,19.2,2366,1910
05301,27.0,20.4,16681,13749
05340,27.9,15.4,1167,915
05341,27.9,21.4,485,395
05342,27.2,20.5,658,535
05343,26.5,18.9,986,816
05344,16.5,11.9,807,806
05345,26.9,20.1,1721,1450
05346,25.3,18.6,5126,4219
05350,31.3,21.6,706,603
05351,27.4,21.5,282,233
05352,31.5,21.2,857,699
05353,25.0,19.3,1128,940
05354,26.1,21.2,2183,1772
05355,25.7,18.6,732,616
05356,27.4,21.3,1313,1084
05358,27.8,22.1,248,199
05359,24.9,18.7,569,489
05360,25.6,17.8,337,266
05361,26.9,21.0,864,665
05362,27.1,21.0,257,219
05363,24.9,17.2,2380,2003
05401,23.4,15.8,32059,28459
05403,22.3,13.2,20166,16582
05404,23.6,14.9,7981,6742
05405,19.6,15.6,2351,2338
05408,23.3,14.8,10425,8413
05439,16.1,11.8,1455,1453
05440,32.1,20.6,2106,1693
05441,35.9,18.7,542,432
05442,31.4,22.6,358,282
05443,29.1,18.4,6387,5120
05444,32.1,16.7,1948,1482
05445,22.3,11.8,3912,3069
05446,24.9,15.5,16081,12858
05447,39.0,24.0,141,104
05448,34.9,18.1,1150,864
05450,38.0,23.0,5280,4049
05452,23.3,14.0,22153,17577
05454,34.4,16.1,5167,3866
05455,35.4,19.0,1219,939
05456,27.3,15.9,1137,939
05457,37.5,22.7,1577,1206
05458,29.5,16.4,2152,1776
05459,38.8,24.0,1699,1338
05461,24.2,13.6,4923,3823
05462,23.4,12.2,1856,1501
05463,32.3,21.5,488,420
05464,29.2,16.9,2975,2362
05465,22.5,11.8,5587,4365
05468,27.7,17.1,13369,10588
05471,40.5,24.8,816,668
05472,28.4,18.2,1787,1522
05473,27.5,16.4,1470,1219
05474,32.7,21.3,939,793
05476,38.8,24.8,3185,2477
05477,23.1,11.7,4551,3575
05478,37.4,22.1,15704,12358
05482,21.7,13.0,7751,6193
05483,37.7,22.0,1653,1268
05486,29.3,17.1,1608,1341
05487,29.3,17.5,1507,1207
05488,38.0,22.8,7945,6323
05489,23.6,13.2,3355,2674
05491,28.7,18.5,5784,4794
05492,30.6,22.3,771,626
05494,23.4,13.2,1754,1436
05495,22.4,13.0,10897,8744
05602,26.0,16.6,12235,9925
05640,26.0,17.6,110,86
05641,29.4,21.5,16709,13533
05647,29.3,20.7,1064,830
05648,26.6,18.1,464,385
05649,30.5,20.4,494,388
05650,27.5,17.5,1124,904
05651,25.4,16.2,1503,1183
05652,30.2,22.2,818,641
05653,31.4,22.2,520,404
05654,28.4,19.2,1239,978
05655,29.5,21.9,3020,2408
05656,29.0,19.3,3566,2932
05658,28.9,20.4,1502,1164
05660,25.9,15.3,1841,1482
05661,29.6,20.9,5881,4804
05663,26.2,18.9,6559,5626
05664,28.7,18.5,92,72
05667,28.4,19.5,2235,1845
05669,30.4,21.5,564,467
05672,28.1,16.2,5238,4120
05673,25.6,14.9,2680,2209
05674,29.3,19.2,1977,1638
05675,33.3,23.2,923,747
05676,26.1,14.8,5190,4184
05677,26.2,15.5,2233,1818
05678,28.0,17.4,177,137
05679,33.1,23.0,3263,2674
05680,30.9,21.2,2121,1679
05681,26.6,17.6,231,184
05682,26.5,16.6,1227,988
05701,36.2,23.4,20349,16943
05730,35.4,22.2,442,375
05732,35.4,22.7,915,807
05733,35.6,23.0,5935,4773
05734,28.8,18.7,1282,1071
05735,32.1,19.7,4019,3530
05736,34.5,19.9,583,504
05737,33.5,17.7,626,511
05738,33.9,19.1,1139,972
05739,36.2,22.2,1322,1069
05742,35.5,20.9,641,510
05743,37.3,23.5,4210,3353
05744,37.2,22.7,665,541
05747,30.1,18.5,270,223
05748,28.4,18.8,348,282
05751,33.8,17.9,1415,1195
05753,25.3,17.3,11113,9526
05757,36.0,21.7,847,679
05758,36.5,21.5,788,644
05759,34.5,21.6,1831,1538
05760,29.2,19.3,1084,871
05761,35.5,22.4,1132,919
05762,33.5,17.7,503,425
05763,35.9,21.6,2625,2151
05764,35.4,21.3,3045,2467
05765,37.2,22.3,1722,1364
05766,25.7,16.8,739,636
05767,29.3,19.9,1115,951
05769,28.5,19.1,1248,991
05770,28.7,19.0,1179,952
05772,28.5,17.8,685,576
05773,36.2,21.6,2036,1671
05774,35.8,21.7,1300,1082
05775,36.2,23.8,592,453
05776,29.8,17.6,389,308
05777,35.7,21.8,3100,2549
05778,29.7,19.2,738,579
05819,31.8,25.1,9040,7043
05820,33.7,23.2,423,321
05821,30.2,22.3,1172,928
05822,32.8,23.7,2061,1672
05824,34.4,27.0,1082,874
05825,37.2,27.7,157,129
05826,32.6,22.9,861,699
05827,30.3,21.4,620,506
05828,29.6,21.1,2019,1637
05829,32.4,22.4,1854,1536
05830,32.7,22.6,1411,1112
05832,32.5,25.3,952,758
05836,31.9,24.6,1132,921
05837,34.9,27.2,335,271
05839,30.8,21.9,706,568
05840,34.8,29.0,68,61
05841,30.2,22.1,405,364
05842,31.7,21.5,561,445
05843,30.9,23.6,2538,2060
05845,33.3,22.5,1194,941
05846,33.2,25.6,1298,1072
05847,32.7,22.3,887,707
05850,28.6,21.6,259,191
05851,30.7,24.1,6081,4954
05853,33.5,24.9,560,462
05855,34.8,26.1,7388,6041
05857,32.5,22.0,1402,1138
05858,35.4,28.1,325,260
05859,32.6,21.7,2024,1593
05860,34.7,24.9,2604,2030
05862,30.5,24.3,298,253
05866,31.7,23.9,725,586
05867,32.5,24.2,774,586
05868,30.8,21.9,183,149
05871,32.5,25.1,1540,1222
05872,33.5,23.9,873,714
05873,31.3,23.4,739,603
05874,31.8,23.0,561,470
05875,32.2,20.8,646,535
05902,34.2,27.7,147,127
05903,33.9,25.8,830,681
05904,34.6,27.0,267,208
05905,34.7,27.4,788,671
05906,35.9,27.5,1144,943
05907,33.6,27.1,159,147
06001,26.3,18.3,19262,14878
06002,34.3,26.8,21579,18263
06010,32.1,25.5,60748,48741
06013,29.0,18.5,9519,7424
06016,30.5,22.4,6273,5152
06018,30.5,28.8,2610,2156
06019,28.5,18.4,9857,7785
06021,27.7,22.0,1361,1160
06022,28.0,18.5,141,105
06023,29.3,21.5,1344,1101
06024,30.5,27.3,601,498
06026,28.9,19.9,5177,4033
06027,29.9,21.0,1368,1116
06029,29.7,17.6,16351,12787
06031,28.9,23.1,1364,1137
06032,26.2,19.4,19060,15203
06033,26.9,18.3,29658,23173
06035,28.3,19.1,7305,5788
06037,28.7,21.5,18855,15392
06039,25.7,20.2,2357,1833
06040,33.1,27.2,35676,28240
06042,30.6,24.1,24044,19371
06043,30.9,18.5,4867,3908
06051,40.7,41.0,31134,22979
06052,34.3,28.7,8017,6514
06053,36.0,33.1,35024,28124
06057,25.6,18.5,6429,5232
06058,27.8,21.4,1677,1396
06059,31.2,18.2,103,83
06060,28.9,18.5,2452,1859
06061,26.2,17.8,213,166
06062,31.8,25.1,17628,14554
06063,26.0,18.9,3451,2799
06065,28.1,20.2,485,415
06066,32.2,22.4,30237,24948
06067,26.7,21.1,20809,16856
06068,24.7,21.6,1519,1321
06069,25.6,20.4,2463,2146
06070,27.6,18.2,15658,12036
06071,31.3,19.7,10395,8544
06072,33.4,18.7,91,69
06073,26.9,16.9,5501,4263
06074,26.6,19.9,26911,20714
06076,32.2,20.8,11988,9706
06078,30.0,21.5,12221,10056
06079,25.2,21.2,89,88
06081,31.1,20.9,1324,1030
06082,31.8,24.5,42141,34582
06084,29.4,16.6,14598,11370
06085,27.5,19.2,7208,5597
06088,29.4,23.9,4917,4204
06089,26.4,15.6,3594,2899
06090,28.9,18.6,1183,919
06091,30.2,22.7,202,152
06092,27.2,16.1,3924,2875
06093,29.7,21.6,3488,2772
06095,32.9,24.1,29458,23802
06096,31.5,25.9,12613,10389
06098,29.3,25.2,10188,8515
06103,27.4,19.8,2540,2364
06105,38.4,34.5,18803,15660
06106,38.9,39.4,38036,29230
06107,26.4,16.4,19221,15019
06108,39.5,36.1,24201,18507
06109,28.8,20.9,27298,21936
06110,30.3,26.7,13004,10265
06111,29.8,23.7,30536,24977
06112,42.7,37.7,23189,17845
06114,40.8,41.5,26257,19337
06117,25.4,18.0,16695,13104
06118,35.4,31.0,26844,21134
06119,27.6,18.6,14843,12049
06120,45.9,44.1,12636,8972
06226,36.9,36.1,19233,15260
06231,30.7,17.0,3901,3067
06232,29.5,16.5,3142,2586
06234,32.7,25.6,8484,6768
06235,33.9,26.3,2089,1700
06237,31.9,21.3,5272,4328
06238,30.6,17.9,12235,9763
06239,34.8,29.2,11410,9225
06241,33.3,27.2,6568,5211
06242,31.7,23.2,1365,1126
06243,33.7,24.4,226,171
06247,32.3,24.8,2603,2138
06248,29.3,16.1,5197,4194
06249,31.5,22.5,7142,5773
06250,30.4,20.1,4951,4003
06254,31.7,24.9,1863,1531
06255,33.3,27.1,4673,3789
06256,37.5,35.0,2114,1784
06258,19.0,13.5,334,331
06259,31.1,21.8,4163,3294
06260,34.7,29.8,9236,7394
06262,33.6,28.5,572,505
06263,35.2,29.8,312,226
06264,32.0,22.7,109,89
06266,33.2,27.6,409,347
06268,27.5,20.8,12460,11172
06269,26.2,21.7,8161,8125
06277,32.4,24.6,3940,3255
06278,31.9,23.5,4266,3483
06279,32.2,21.7,5566,4698
06280,34.8,32.2,3286,2749
06281,30.9,21.0,7021,5490
06282,31.0,21.6,1225,941
06320,36.4,31.6,27398,22204
06330,33.3,26.7,3167,2490
06331,32.2,24.2,5085,4059
06332,34.0,28.0,565,462
06333,28.9,21.3,7289,5572
06334,32.1,24.5,2336,1977
06335,31.4,22.6,6781,5211
06336,33.3,25.1,93,65
06338,33.9,22.9,296,211
06339,30.6,22.1,8346,6484
06340,31.6,25.0,29788,24058
06350,33.2,27.8,133,119
06351,33.1,26.3,15609,12438
06353,34.8,24.5,175,155
06354,34.3,26.9,5647,4356
06355,27.9,20.7,12835,10880
06357,28.9,21.9,11404,9864
06359,31.1,22.5,5149,4133
06360,35.1,31.5,37104,29398
06365,30.8,22.7,4770,3874
06370,31.2,23.0,7138,5654
06371,28.4,19.8,9840,8168
06373,35.5,29.4,267,219
06374,35.0,29.8,8108,6460
06375,30.9,24.5,3758,2959
06377,36.2,29.2,2739,2184
06378,29.1,20.0,5318,4503
06379,30.8,22.7,8813,7126
06380,35.9,29.0,2892,2211
06382,32.7,27.8,11060,9232
06384,33.2,25.5,2611,2122
06385,30.1,23.2,15796,13003
06387,35.4,28.0,359,246
06389,30.6,23.5,129,78
06390,27.0,19.7,422,352
06401,34.7,27.6,18946,14980
06403,31.4,22.0,5985,4874
06405,30.4,22.6,28171,24127
06409,26.8,21.1,686,609
06410,28.6,19.5,28559,22596
06412,30.3,22.7,3749,3192
06413,28.9,20.9,13161,10900
06414,28.7,23.2,330,268
06415,30.0,20.7,16300,12903
06416,28.4,20.4,14225,11482
06417,28.9,20.3,4415,3680
06418,34.4,27.7,12297,9950
06419,27.5,18.6,6174,5068
06420,29.7,19.0,4250,3365
06422,28.0,19.0,7152,5704
06423,29.6,20.1,4821,3937
06424,29.4,20.6,12403,9898
06426,25.7,19.3,3453,3026
06437,29.4,20.2,22064,17609
06438,27.1,17.7,2616,2111
06439,27.2,16.6,100,94
06441,27.7,18.1,5484,4369
06442,28.7,20.5,2594,2149
06443,27.4,17.3,17713,14188
06444,31.8,25.2,636,500
06447,30.0,20.3,6133,4867
06450,36.5,31.2,36007,28324
06451,37.2,32.5,24894,19253
06455,29.0,20.4,2958,2449
06456,28.3,20.5,355,302
06457,31.0,23.5,46505,38881
06459,19.0,15.3,1212,1191
06460,30.2,21.3,37310,31446
06461,29.6,21.6,14734,12098
06467,30.4,25.5,379,273
06468,22.8,18.1,18825,14549
06469,30.3,21.7,3272,2698
06470,23.4,19.4,16284,12833
06471,30.7,23.4,7195,5959
06472,30.7,22.5,6438,5204
06473,29.6,22.0,24574,20016
06475,26.8,19.2,10481,9001
06477,27.6,19.9,14280,11239
06478,30.0,20.4,12689,10168
06479,29.9,22.7,10156,8268
06480,28.7,19.8,9365,7536
06481,28.2,20.7,1259,1037
06482,24.1,20.0,10884,8458
06483,32.3,23.7,16748,13486
06484,24.5,22.5,40869,33739
06488,29.0,22.9,19896,16544
06489,28.5,20.9,32267,25712
06492,30.9,23.4,44606,36430
06498,28.4,21.2,6793,5852
06510,27.7,20.7,4409,4129
06511,35.5,28.7,55879,45939
06512,33.7,28.0,29457,24033
06513,40.7,37.5,38618,28909
06514,35.8,27.4,26613,21577
06515,37.7,29.6,17877,14133
06516,35.7,29.6,55584,45116
06517,32.5,24.7,14954,11929
06518,28.1,20.9,19528,17099
06519,44.3,43.1,15450,10962
06524,28.6,19.2,5297,4255
06525,26.8,18.0,9087,6969
06604,33.0,36.9,30003,23504
06605,32.9,34.1,23867,18012
06606,31.5,32.7,48427,37505
06607,37.7,42.3,8690,6223
06608,37.7,44.6,14312,10402
06610,35.0,38.9,23347,18069
06611,22.9,19.9,36835,27768
06612,22.5,17.2,7605,5790
06614,25.8,24.4,33749,27290
06615,28.8,27.5,18606,14686
06702,48.5,54.5,3882,3148
06704,43.3,41.4,27300,19624
06705,39.8,36.4,27197,21008
06706,40.2,38.6,14699,10972
06708,37.2,32.1,30345,23647
06710,42.6,39.8,11056,7712
06712,30.9,22.0,9344,7545
06716,30.7,21.4,15996,12948
06750,27.0,22.4,1370,1167
06751,27.9,22.3,3367,2838
06752,24.6,18.6,1667,1459
06753,26.5,23.1,103,89
06754,27.4,22.7,1568,1296
06755,28.6,22.4,1164,944
06756,26.0,19.4,2993,2486
06757,27.2,22.3,2193,1870
06759,26.1,20.8,5729,4792
06762,29.8,20.5,7574,5926
06763,26.3,20.4,2217,1837
06770,33.2,24.9,31634,24959
06776,27.6,22.3,26848,21351
06777,26.7,22.1,1715,1436
06778,25.8,20.7,1243,1022
06779,27.4,23.1,8250,6657
06782,28.3,23.9,2268,1890
06783,24.5,17.6,2255,1926
06784,22.8,18.1,3607,2997
06785,26.7,21.9,753,609
06786,29.1,24.1,9384,7720
06787,27.2,21.3,7545,6159
06790,30.2,28.1,35486,28949
06791,26.9,21.1,5546,4424
06793,26.7,22.1,1189,966
06794,26.6,22.4,1119,947
06795,27.2,21.9,13873,11314
06796,27.1,22.8,1023,892
06798,26.2,19.8,9723,8154
06801,24.6,22.6,20245,15810
06804,23.4,20.0,17748,14012
06807,22.3,18.0,7197,5337
06810,28.4,29.9,55200,42788
06811,25.4,24.3,31216,25367
06812,24.3,21.0,13579,10729
06820,21.5,15.1,21499,14668
06824,21.3,16.5,34876,26873
06825,22.1,18.6,22090,17370
06830,24.0,21.8,25043,19578
06831,21.6,17.7,15254,11930
06840,21.4,16.1,20612,14571
06850,25.6,23.4,20801,16998
06851,25.4,23.6,28254,22824
06853,22.5,16.1,3797,2812
06854,29.6,29.2,29931,23210
06855,25.4,23.7,8380,6819
06870,21.5,15.9,7720,5422
06877,22.1,17.0,25077,18682
06878,21.2,16.2,8519,5863
06880,21.4,16.3,27233,20024
06883,21.4,15.2,10354,7470
06890,20.9,15.8,4466,3390
06896,22.1,17.4,8704,6890
06897,21.3,16.9,18520,13445
06901,22.7,20.0,10595,9656
06902,27.2,26.8,69192,54645
06903,22.1,18.0,14405,11562
06905,22.9,20.3,21809,17414
06906,26.9,26.6,9902,7846
06907,26.0,23.1,9371,7412
07001,32.1,26.9,16920,13488
07002,29.1,27.9,71686,55847
07003,25.8,23.7,52955,42647
07004,22.6,20.3,7872,6179
07005,23.0,18.9,15985,12746
07006,21.2,17.6,26733,21119
07008,33.5,30.4,25342,19591
07009,21.9,20.0,13014,10537
07010,27.9,26.4,25721,21124
07011,31.7,32.2,41691,32100
07012,25.5,23.3,13333,10539
07013,26.1,24.8,28843,23725
07014,25.9,23.1,5589,4407
07016,23.8,16.2,23827,18373
07017,35.4,33.3,39054,30044
07018,36.2,33.2,30429,23470
07020,22.5,17.7,14336,11617
07021,20.2,14.6,2244,1677
07022,33.1,33.6,15025,11686
07023,23.5,15.5,7774,5781
07024,21.8,22.5,40171,33310
07026,31.8,28.6,32655,25237
07027,27.1,20.9,4454,3663
07028,21.2,15.1,8094,5654
07029,26.1,27.5,22044,18161
07030,22.5,14.9,60456,51039
07031,27.2,22.5,16457,13447
07032,29.8,30.1,41999,33499
07033,28.6,24.4,8427,6619
07034,20.3,20.6,10163,8060
07035,23.7,20.9,11015,9082
07036,31.4,27.1,45161,35724
07039,18.8,18.0,31325,23322
07040,24.7,17.6,25684,18776
07041,18.8,16.0,7649,5631
07042,25.2,19.5,27384,21390
07043,20.5,14.2,14219,10651
07044,21.7,17.3,14572,11319
07045,19.8,17.4,10573,8368
07046,19.8,13.6,4508,3167
07047,30.4,33.2,63361,51265
07050,36.3,37.0,34315,25976
07052,25.6,23.0,48867,38359
07054,18.7,20.2,30228,24681
07055,35.9,42.1,70518,49248
07057,28.9,23.1,11868,9712
07058,20.2,16.7,5584,4281
07059,23.9,17.9,16096,12676
07060,36.5,34.6,48423,35848
07062,34.4,29.8,14196,10762
07063,35.2,32.7,14745,10551
07064,31.4,24.2,3905,3128
07065,30.3,24.9,29556,23805
07066,25.0,19.0,15555,12428
07067,30.0,22.9,18609,14776
07068,21.3,18.2,6299,5137
07069,24.0,18.6,6696,5355
07070,24.9,19.0,18834,15044
07071,27.2,22.1,22519,18388
07072,28.0,23.9,6372,5202
07073,27.0,23.0,10022,8234
07074,28.6,26.5,3133,2486
07075,25.3,19.1,10137,8131
07076,24.1,16.6,24871,18692
07077,33.3,25.9,2885,2287
07078,17.8,15.2,14061,9656
07079,22.7,17.4,18597,14635
07080,30.0,23.1,24261,19270
07081,24.7,18.0,17200,13636
07082,20.5,16.2,5720,4469
07083,27.8,23.0,56131,45897
07086,24.8,20.9,17197,14362
07087,33.6,38.1,68611,53116
07088,34.1,26.8,3580,2767
07090,23.0,14.7,31056,22369
07092,22.8,16.4,7082,5503
07093,32.2,36.4,64929,51632
07094,22.2,21.7,22181,18118
07095,31.4,25.0,19839,15730
07102,33.2,34.0,15047,12625
07103,36.1,36.5,39439,29080
07104,33.6,38.5,54051,40755
07105,32.2,36.9,50870,39551
07106,37.1,36.7,34596,25766
07107,35.0,39.2,41627,30019
07108,41.0,41.3,28715,20435
07109,26.2,28.1,38078,30603
07110,22.7,20.9,30149,24077
07111,36.3,33.5,61176,46115
07112,38.3,36.5,29773,22174
07114,42.7,47.4,17767,14985
07201,35.1,34.7,29390,21880
07202,34.2,34.8,43389,33159
07203,33.6,28.5,22715,17982
07204,26.9,21.8,13984,10990
07205,33.6,27.7,22432,17603
07206,36.2,39.0,30982,21650
07208,34.0,32.9,33561,25869
07302,20.6,16.1,57033,48367
07304,31.0,30.6,48681,37920
07305,31.7,31.9,67947,52115
07306,25.2,28.3,55342,44859
07307,26.2,27.8,44247,35602
07310,16.8,16.0,17536,15350
07311,17.0,12.1,1604,1499
07401,23.2,16.3,6834,5209
07403,28.0,24.4,7691,6387
07405,23.3,18.2,17910,14160
07407,28.6,25.4,21422,17199
07410,24.9,18.5,34927,27012
07416,28.9,25.3,5615,4539
07417,22.8,15.4,11086,8573
07418,27.7,21.8,1997,1611
07419,27.3,22.2,9378,7702
07420,28.2,25.4,5053,4151
07421,27.2,20.6,6917,5655
07422,26.5,19.3,6240,5020
07423,23.0,14.1,4258,3099
07424,26.1,22.9,26776,22258
07430,23.7,17.7,25487,21363
07432,25.1,18.0,6986,5566
07435,25.5,20.1,2188,1826
07436,25.5,18.2,12750,9951
07438,24.6,19.2,11273,9074
07439,27.3,21.6,2258,1837
07440,23.9,19.8,4414,3504
07442,27.4,23.1,11101,8860
07444,21.9,20.8,11144,9180
07446,24.6,17.1,14812,11432
07450,22.7,15.5,26007,18477
07452,23.1,15.1,12133,8691
07456,26.4,19.9,11735,9356
07457,24.8,21.2,4107,3481
07458,22.8,16.6,11725,9053
07460,26.4,20.5,3059,2557
07461,27.8,22.7,18530,14932
07462,28.0,21.8,6670,5418
07463,24.8,17.5,10058,7680
07465,25.5,22.6,6350,5318
07470,24.1,20.2,55284,44473
07480,26.3,21.2,15358,12610
07481,23.8,16.4,16602,12574
07501,39.8,46.0,37918,27770
07502,31.6,37.5,16592,12424
07503,36.4,39.9,19893,14782
07504,38.0,38.5,13413,10276
07505,41.8,46.4,3215,2586
07506,26.8,21.7,19637,15788
07508,30.2,29.3,23959,18708
07512,26.5,24.2,11042,9007
07513,35.6,38.2,11995,8990
07514,37.7,39.2,19200,14467
07522,38.2,43.7,23345,16755
07524,38.3,42.9,14130,10214
07601,30.4,26.5,46030,37982
07603,29.1,25.1,8778,6984
07604,27.0,22.7,12112,9665
07605,21.4,21.3,9324,7289
07606,30.4,28.4,2701,2124
07607,26.1,22.1,10080,8080
07608,33.3,27.5,74,51
07620,20.0,17.5,1762,1403
07621,25.3,23.8,28321,21956
07624,21.8,19.3,8594,6451
07626,21.8,19.6,9155,6768
07627,20.9,16.5,4981,3692
07628,25.1,20.9,17863,14251
07630,23.9,17.8,7290,5755
07631,30.1,25.6,29308,23213
07632,19.2,20.0,5342,4229
07640,22.6,17.4,4741,3588
07641,22.8,16.9,3343,2553
07642,25.0,17.8,10143,7819
07643,26.1,25.7,10987,9052
07644,30.8,28.5,26206,21004
07645,23.8,18.2,8436,6492
07646,24.6,20.6,16923,13576
07647,23.1,21.2,5168,4111
07648,21.5,19.9,5641,4430
07649,22.9,16.1,8244,6295
07650,20.2,25.1,20292,16938
07652,22.9,21.7,26698,21591
07656,24.5,18.6,8883,7111
07657,23.6,22.2,11473,9312
07660,29.5,26.5,13224,10601
07661,22.2,17.2,12049,9064
07662,26.4,22.6,5814,4811
07663,26.7,21.5,14294,11586
07666,27.2,21.7,41246,31768
07670,21.1,16.1,15409,10863
07675,23.8,17.5,27079,21249
07676,24.4,17.4,9285,7352
07677,22.8,15.2,6128,4695
07701,31.3,20.7,24568,19602
07702,29.3,18.8,4184,3207
07704,27.7,13.1,6278,4311
07711,29.7,17.7,1506,1236
07712,33.7,22.2,39397,32118
07716,29.8,18.1,8713,7132
07717,27.6,15.2,1933,1690
07718,31.0,18.8,6210,4919
07719,30.1,18.1,21665,17986
07720,31.1,18.5,4175,3624
07721,35.4,24.5,3894,3009
07722,28.0,15.3,10041,7712
07723,28.3,18.5,1263,973
07724,31.9,21.5,23494,19218
07726,28.9,18.1,44945,35348
07727,30.0,18.0,7707,6210
07728,30.7,21.1,56444,44487
07730,31.1,21.2,17263,13908
07731,31.6,19.9,39677,30629
07732,31.7,19.7,4710,4141
07733,25.8,17.4,17266,13265
07734,35.2,25.1,12772,10016
07735,32.9,21.8,18652,15137
07737,30.3,17.5,4177,3313
07738,28.0,16.3,7084,5333
07739,27.1,13.7,6122,4580
07740,36.4,27.7,31905,24898
07746,26.2,16.6,18337,14230
07747,30.1,19.8,31915,25819
07748,29.9,18.0,28169,21952
07750,28.1,16.3,3174,2689
07751,26.0,16.9,21493,16368
07753,34.2,23.9,37397,30820
07755,30.0,18.9,6375,4906
07756,31.0,20.0,3164,2996
07757,29.6,17.0,6169,4941
07758,31.7,20.0,4942,3863
07760,28.5,14.4,9575,7128
07762,27.2,16.8,8642,7385
07764,27.9,17.7,8587,7005
07801,29.5,30.3,25935,20408
07803,25.0,20.5,4015,3293
07821,26.0,18.6,8877,7118
07822,26.0,21.7,981,739
07823,32.1,27.6,7102,6004
07825,30.6,22.4,9314,7632
07826,26.6,21.6,5739,4744
07827,27.6,22.1,4214,3458
07828,24.3,19.8,14473,11280
07830,25.7,17.5,6529,5197
07831,30.7,23.6,58,53
07832,31.2,23.4,3800,3115
07833,33.9,24.9,112,90
07834,22.1,17.2,17966,14282
07836,24.0,18.7,12740,9924
07838,31.4,22.2,3399,2763
07840,29.1,22.1,31255,25066
07842,24.9,16.7,87,66
07843,27.7,21.4,11413,9468
07844,30.5,25.9,98,79
07847,25.2,22.1,1871,1491
07848,26.5,22.0,4818,4014
07849,24.2,19.5,8569,6886
07850,26.1,22.0,6244,4945
07851,26.4,21.6,245,197
07852,22.3,17.4,3723,2982
07853,22.9,16.2,12736,9767
07856,24.2,21.1,4791,4157
07857,26.1,22.7,3397,2753
07860,27.6,22.9,25704,20955
07863,31.9,24.8,4017,3233
07865,29.2,21.7,2536,2059
07866,23.4,19.4,22965,18338
07869,22.7,18.1,25993,19860
07870,22.1,18.6,114,91
07871,24.7,17.0,20992,16085
07874,26.6,20.0,8639,6961
07876,23.4,18.6,10218,8175
07878,22.9,17.7,736,579
07880,29.2,21.8,216,182
07882,32.9,24.8,14971,11970
07885,26.9,24.7,11521,9389
07901,24.0,16.7,24199,17700
07920,23.4,17.3,27912,21211
07921,26.3,17.7,7733,6636
07922,21.8,15.3,12311,9370
07924,25.8,16.5,7650,5705
07926,21.4,13.1,149,132
07927,21.8,18.7,4120,3386
07928,20.5,14.1,19778,14181
07930,21.9,16.1,8514,6491
07931,25.0,17.0,3422,2659
07932,22.4,18.1,11036,8860
07933,22.9,17.9,3091,2444
07934,26.7,16.6,1430,1128
07935,21.8,15.4,589,444
07936,21.0,18.7,11105,9102
07939,25.9,23.9,459,447
07940,20.6,15.4,18403,14486
07945,21.0,14.7,9875,7470
07946,21.9,17.0,3110,2407
07950,21.0,17.4,21459,16991
07960,23.6,18.9,45609,36894
07970,21.7,14.4,156,119
07974,21.8,16.6,13122,9815
07976,21.2,17.6,479,403
07977,25.1,15.9,939,699
07979,24.8,17.2,362,309
07980,22.7,17.7,2420,1887
07981,21.3,18.7,9051,7356
08001,29.6,20.9,858,686
08002,26.1,23.5,23920,19036
08003,23.2,18.9,31402,24306
08004,28.8,24.5,12005,9601
08005,29.0,25.3,25814,21058
08006,25.6,19.2,640,596
08007,26.8,21.3,5486,4418
08008,25.4,20.1,6914,6290
08009,28.0,23.4,13885,11173
08010,33.9,27.6,11555,9137
08012,29.7,23.7,38581,30602
08014,32.6,22.8,465,361
08015,33.6,29.5,19691,15403
08016,32.6,26.8,34617,27183
08019,32.9,28.3,889,705
08020,28.8,20.1,2873,2274
08021,32.8,29.0,51458,39843
08022,27.4,23.7,9025,7436
08023,33.4,27.0,411,331
08026,27.0,23.2,2189,1700
08027,30.8,24.2,4893,3956
08028,29.4,22.7,24818,21396
08029,27.4,23.9,4900,4014
08030,30.5,28.1,13261,9983
08031,28.5,26.7,11707,9436
08032,28.1,17.8,424,304
08033,23.6,15.5,17451,12819
08034,24.9,20.2,19256,15270
08035,24.6,17.6,7556,5949
08036,27.7,20.9,6021,4801
08037,30.0,26.1,23814,19025
08038,29.9,23.5,193,153
08041,29.4,22.4,921,722
08042,29.8,22.4,207,175
08043,23.4,20.4,31069,24954
08045,38.3,34.8,2930,2343
08046,37.4,30.1,31846,25322
08048,30.3,23.0,12782,10070
08049,28.0,22.7,5284,4223
08050,27.6,21.7,26507,21304
08051,30.9,22.3,10644,8587
08052,32.4,27.0,20003,16148
08053,27.3,20.0,46826,37182
08054,27.2,20.4,44633,35894
08055,26.7,18.1,28806,22271
08056,29.0,18.0,5337,3736
08057,26.2,19.1,21691,16498
08059,29.1,24.6,5639,4550
08060,31.2,23.4,25426,19805
08061,29.6,18.9,3510,2455
08062,29.3,19.6,17446,12893
08063,33.7,26.9,3109,2459
08064,31.2,27.5,121,100
08065,32.2,25.5,7438,6137
08066,35.6,27.5,8414,6405
08067,30.9,22.5,1768,1353
08068,33.8,29.3,6628,5330
08069,38.0,34.1,13325,9987
08070,33.3,27.2,12386,9964
08071,29.3,20.8,9259,7418
08072,31.9,24.4,231,193
08073,30.2,22.6,153,119
08074,28.6,17.4,76,54
08075,31.0,24.7,30327,23488
08077,28.5,21.5,19851,15471
08078,28.7,24.4,8074,6455
08079,36.9,32.1,10793,8119
08080,29.8,21.2,37942,29958
08081,31.1,24.4,50601,38659
08083,29.0,24.7,9888,7964
08084,28.6,24.7,6981,5517
08085,31.9,22.1,21274,15510
08086,31.1,24.2,8358,6858
08087,29.7,25.6,25191,20929
08088,28.8,23.2,24095,19721
08089,30.1,25.9,3774,3142
08090,32.1,23.9,8537,6783
08091,27.2,24.5,5867,4776
08092,29.4,23.7,3596,2791
08093,35.9,28.5,9933,7849
08094,32.4,24.6,40774,31758
08096,33.0,26.3,36355,28933
08097,31.4,22.8,3283,2555
08098,29.8,22.0,9196,7212
08102,39.6,44.2,8413,6502
08103,42.8,44.9,12862,9400
08104,42.3,42.3,21951,15146
08105,38.7,44.2,26572,18488
08106,26.7,20.5,9698,7853
08107,30.2,25.8,13688,10768
08108,25.4,17.9,18618,15063
08109,30.9,30.3,23306,18573
08110,32.8,33.6,19599,14861
08201,30.4,26.2,10647,8693
08202,28.2,17.6,1350,1253
08203,27.5,23.2,7725,6819
08204,33.2,22.5,17090,14506
08205,28.4,25.4,28666,22932
08210,34.2,22.9,17635,14297
08212,28.7,19.0,305,292
08215,30.8,27.0,14092,11254
08221,25.7,19.7,6971,5394
08223,30.9,16.9,4116,3266
08224,33.5,29.7,294,235
08225,27.1,21.2,8442,6620
08226,31.2,20.2,11229,9673
08230,30.8,18.3,5908,4711
08232,39.1,40.2,19897,14932
08234,29.1,25.7,46906,36295
08240,18.0,13.3,2441,2424
08241,27.5,20.9,1101,868
08242,35.8,25.7,4067,3244
08243,30.3,20.0,2104,1946
08244,31.3,27.2,10535,8804
08246,32.6,18.6,99,81
08247,29.0,17.5,862,773
08248,30.8,19.7,137,128
08251,36.8,26.2,10075,8147
08260,35.7,26.3,12964,11029
08270,36.0,25.1,7913,6111
08302,42.9,36.9,47826,35818
08310,29.5,26.1,1776,1502
08311,36.7,27.1,1914,1501
08312,33.4,25.5,8465,6480
08314,37.0,26.1,280,228
08316,37.5,27.9,327,259
08317,30.3,25.7,1102,911
08318,32.6,26.3,11896,9505
08319,30.9,25.0,1272,1021
08320,45.4,31.5,1054,1039
08321,35.2,29.7,189,164
08322,32.8,25.3,10325,8129
08323,34.6,24.6,771,632
08324,36.9,25.0,408,315
08326,30.8,26.1,1600,1194
08327,42.4,28.0,3876,3724
08328,33.6,26.3,1302,1032
08329,39.6,30.9,220,189
08330,30.0,24.5,29548,23431
08332,39.5,30.4,35396,27120
08340,32.5,25.8,862,706
08341,29.5,26.4,1661,1345
08343,31.4,23.6,4810,3798
08344,34.4,26.7,5894,4682
08345,36.2,26.7,745,607
08346,35.9,28.7,552,452
08348,38.4,27.1,157,135
08349,40.8,32.3,1895,1467
08350,31.4,26.6,611,499
08352,38.5,28.9,409,291
08353,34.3,24.4,444,372
08360,39.8,34.1,43043,32564
08361,35.1,25.8,18669,14780
08401,37.9,41.9,38536,29476
08402,25.6,20.0,5291,4685
08403,25.6,20.6,967,869
08406,28.6,25.4,9188,7890
08501,28.2,17.9,6574,5154
08502,21.3,16.1,11636,8603
08505,29.3,22.5,18178,14543
08510,29.1,16.4,5101,3960
08511,31.2,24.6,905,725
08512,23.5,21.3,12897,10151
08514,28.6,19.1,4715,3739
08515,25.3,18.6,6344,4456
08518,31.7,28.1,5943,4750
08520,23.0,22.8,29291,22807
08525,22.3,16.0,4649,3715
08527,29.4,24.0,57925,44222
08528,26.7,19.4,401,334
08530,26.8,19.1,7832,6587
08533,29.6,22.6,6764,5364
08534,20.7,16.9,12955,9916
08535,28.9,16.4,5273,4161
08536,21.8,16.9,20682,16040
08540,20.3,17.6,48216,37539
08542,22.2,16.8,3325,2718
08544,12.1,11.5,4349,4336
08550,15.9,16.4,21034,15844
08551,25.6,18.1,5540,4446
08553,25.6,16.6,743,553
08554,31.7,26.2,3689,2896
08555,29.2,17.3,808,677
08558,21.9,16.5,7754,5760
08559,26.3,18.3,5009,4167
08560,22.8,18.8,3553,2875
08561,17.6,17.6,330,268
08562,32.9,28.3,5025,4019
08608,36.6,38.9,1269,1020
08609,35.8,37.3,14867,10795
08610,28.2,27.1,32649,25268
08611,35.3,39.6,31531,22535
08618,33.0,31.5,37544,29920
08619,23.7,21.2,23301,19400
08620,25.6,22.0,14633,12528
08628,24.9,20.7,10310,8929
08629,31.7,32.1,13359,9911
08638,31.4,29.5,23548,18872
08640,35.1,24.9,6508,5426
08641,27.2,17.6,4499,2963
08648,21.3,19.4,31955,26086
08690,22.6,20.1,19470,16104
08691,20.9,18.6,16866,12885
08701,32.6,28.8,135256,70450
08720,28.3,17.1,899,767
08721,29.6,23.8,22050,17052
08722,29.7,22.5,10859,8320
08723,29.2,23.7,31272,25818
08724,28.7,23.2,41458,34288
08730,28.7,15.9,4982,3994
08731,29.0,23.4,20953,17030
08732,27.3,19.8,1471,1228
08733,32.2,27.8,2738,2098
08734,27.9,21.1,7702,6096
08735,26.0,22.3,3064,2862
08736,28.2,15.8,12566,10236
08738,24.3,18.0,979,914
08740,29.7,24.2,1932,1613
08741,27.7,19.9,2739,2215
08742,27.8,19.9,25056,20259
08750,27.4,15.3,3505,3012
08751,32.4,27.9,3867,3283
08752,27.5,22.1,1961,1824
08753,29.1,23.2,64369,51403
08755,28.4,25.9,28643,22216
08757,30.0,32.0,34679,31103
08758,27.9,24.1,7582,6604
08759,28.5,31.9,34547,32749
08801,24.8,16.8,8345,6925
08802,28.7,20.4,3911,3106
08804,28.1,19.5,2987,2425
08805,32.2,27.2,13948,10836
08807,24.1,19.4,39299,30660
08809,26.6,20.6,7255,6122
08810,23.6,20.1,8170,6373
08812,31.7,26.0,14593,11259
08816,27.0,20.9,48729,37921
08817,26.5,23.7,48243,37239
08820,20.5,22.1,41169,31278
08821,25.6,16.4,391,289
08822,26.2,19.3,31844,24954
08823,26.4,22.8,9282,7529
08824,25.2,21.3,13300,10541
08825,27.6,19.6,4494,3645
08826,28.3,20.2,5426,4360
08827,28.2,20.7,4531,3665
08828,31.2,20.0,2455,2023
08829,27.4,19.0,3566,2801
08830,24.0,24.8,20088,15938
08831,27.1,23.5,55123,45250
08832,37.6,31.9,3027,2339
08833,26.1,18.7,9117,7331
08835,32.2,26.5,10953,8705
08836,24.2,15.3,3908,3078
08837,27.2,23.5,18463,14543
08840,27.8,19.7,17841,13876
08844,25.0,18.5,43333,33401
08846,33.2,25.6,14636,11498
08848,27.1,19.4,8103,6562
08850,31.4,20.7,8325,6481
08852,24.8,20.7,18956,14375
08853,24.9,16.3,5445,4330
08854,26.3,22.7,60545,50048
08857,31.5,24.8,40675,32937
08858,25.0,15.9,117,102
08859,31.9,25.4,24666,19591
08861,40.7,39.3,58039,43077
08863,31.7,24.7,12939,10419
08865,34.5,27.8,30537,23840
08867,26.3,19.5,5221,4109
08869,27.0,22.8,7835,6238
08872,32.3,25.2,20351,15911
08873,27.9,22.4,55500,45113
08876,27.2,19.4,22849,18409
08879,33.3,25.3,22965,18616
08880,33.6,28.2,4872,3920
08882,34.6,27.0,16118,12700
08884,31.7,23.8,8185,6662
08886,30.3,20.2,6697,5199
08887,27.8,21.5,1047,905
08889,26.1,18.7,9928,8088
08901,36.2,35.1,56278,44017
08902,31.3,25.8,43296,34014
08904,28.5,19.3,15072,12023
10001,16.9,16.4,32612,29742
10002,18.8,32.8,82155,70736
10003,15.3,14.1,57076,53076
10004,15.6,12.2,4287,3496
10005,14.6,10.8,10639,9477
10006,15.4,12.3,4282,3794
10007,17.4,14.6,8421,6563
10009,18.7,21.5,61716,55073
10010,16.2,14.7,33991,30139
10011,16.9,14.2,53318,48298
10012,15.9,13.9,23125,21107
10013,15.3,18.2,31042,26106
10014,16.0,11.9,32590,29732
10016,14.7,12.6,62336,57170
10017,14.9,13.7,17401,16021
10018,16.7,15.8,11145,10280
10019,16.4,15.1,49029,44882
10021,15.4,13.4,45691,39336
10022,15.2,13.7,36708,33025
10023,16.4,14.9,71164,60795
10024,16.8,14.3,62250,52476
10025,18.3,19.0,95424,82789
10026,24.0,23.4,35644,29081
10027,22.8,25.0,64037,53933
10028,15.4,12.6,48116,41259
10029,25.9,33.5,78141,63268
10030,28.1,30.3,29686,23970
10031,24.6,28.6,56363,48144
10032,23.6,29.4,55170,47196
10033,22.6,27.6,50085,42387
10034,23.7,28.7,36778,30486
10035,28.6,36.0,35980,29385
10036,18.2,18.0,33868,31103
10037,27.5,28.7,19670,16243
10038,15.7,20.7,25332,22499
10039,30.0,34.4,29239,23002
10040,23.2,29.3,40405,33676
10044,15.7,17.0,11722,9950
10065,15.3,12.9,32891,28383
10069,16.6,14.8,6671,5260
10075,16.2,14.1,27796,23749
10119,24.2,19.5,154,130
10128,16.3,14.5,64249,54489
10162,18.3,17.5,1814,1346
10199,20.9,16.1,71,51
10279,14.7,10.8,236,189
10280,14.8,11.6,8993,7367
10282,15.8,12.4,5847,4142
10301,33.7,29.1,41474,32634
10302,35.6,31.7,20931,15616
10303,35.5,31.3,28155,20964
10304,34.3,32.7,46944,36114
10305,29.4,27.7,44008,35386
10306,29.9,26.3,57919,46646
10307,28.8,20.4,14129,11137
10308,28.9,22.6,28198,22724
10309,29.0,21.7,33523,26396
10310,33.1,28.6,26667,20039
10312,28.5,22.1,61642,49140
10314,28.5,25.9,92157,72597
10451,36.6,41.6,51536,38743
10452,36.8,43.0,77564,57787
10453,36.9,43.2,81951,60782
10454,37.7,46.1,40232,29428
10455,36.9,43.9,43804,31890
10456,37.5,43.3,93412,68485
10457,36.7,42.5,77488,56116
10458,34.2,40.3,81299,61815
10459,36.4,42.4,50984,37339
10460,36.7,43.2,62625,46293
10461,27.4,31.0,54901,43600
10462,29.5,33.4,84655,65540
10463,27.6,29.6,71301,57415
10464,24.0,22.3,4592,3862
10465,27.2,28.2,45799,36769
10466,34.4,33.9,70420,54555
10467,32.9,36.9,103660,78809
10468,33.8,39.9,78238,59957
10469,31.3,30.9,71571,56239
10470,28.0,25.5,16686,13475
10471,22.7,20.9,25121,20924
10472,33.9,42.6,72245,53329
10473,33.4,37.7,62692,48300
10474,36.4,41.3,12013,8752
10475,32.8,32.6,42609,35773
10501,22.1,15.3,1486,1123
10502,20.6,16.2,6261,4646
10503,18.8,15.5,121,116
10504,20.9,14.2,8258,6113
10505,22.0,16.3,1431,1110
10506,21.6,13.8,5762,4380
10507,27.7,25.0,6521,5209
10509,28.0,22.2,19501,15587
10510,21.8,16.6,10010,7863
10511,24.8,19.1,2369,1872
10512,27.9,22.2,24664,19981
10514,21.3,14.9,12568,8936
10516,26.4,18.5,5462,4372
10517,24.4,21.0,549,429
10518,22.3,15.7,1327,1048
10519,22.4,15.8,278,201
10520,23.5,18.1,13226,10445
10522,23.1,17.6,11587,8813
10523,25.7,21.1,9489,7567
10524,27.5,21.1,4447,3574
10526,21.9,14.3,1865,1436
10527,23.1,15.4,785,596
10528,23.0,17.6,13108,9848
10530,22.6,18.9,13037,10988
10532,23.4,18.4,5115,4030
10533,21.4,13.9,7705,5795
10535,25.0,18.8,531,426
10536,22.5,15.5,10792,8218
10537,27.7,20.9,2527,2016
10538,22.5,15.0,18318,13065
10541,26.8,20.0,25651,20267
10542,25.8,22.5,85,58
10543,24.7,20.2,21296,16239
10545,17.5,22.6,160,155
10546,21.4,15.5,1426,1084
10547,24.7,18.8,7293,5786
10548,28.1,27.9,3743,3067
10549,24.9,20.7,16837,12940
10550,36.1,32.2,41137,31885
10552,28.4,22.4,21296,17642
10553,32.8,25.1,11281,8894
10560,22.3,16.4,4854,3903
10562,26.8,22.7,34252,27098
10566,28.4,24.4,25384,20075
10567,24.7,19.8,20400,16121
10570,21.7,16.0,13986,10871
10573,27.5,25.7,41758,32143
10576,22.1,14.9,5099,4035
10577,17.2,13.7,6008,4781
10578,22.0,15.2,721,550
10579,26.6,18.9,8633,6843
10580,21.1,14.6,18268,12913
10583,20.5,15.4,41589,30234
10588,23.3,18.5,2430,1933
10589,20.8,18.1,8510,7339
10590,22.7,15.5,6556,5176
10591,25.4,22.0,23301,18537
10594,22.7,17.2,5028,3936
10595,24.7,21.6,7264,5928
10596,26.6,21.7,1519,1229
10597,22.8,15.0,1000,757
10598,23.8,18.7,29040,22520
10601,26.7,24.9,11882,9974
10603,26.6,22.4,18033,14705
10604,25.2,21.4,11526,8995
10605,23.9,19.0,19438,15571
10606,28.1,26.0,16929,13401
10607,25.4,21.4,7441,6033
10701,32.6,32.7,68704,51968
10703,29.9,30.7,22571,17514
10704,26.8,24.5,32426,26394
10705,31.3,32.0,41785,31699
10706,22.0,15.9,9339,7102
10707,23.2,18.0,10553,8348
10708,23.3,18.2,22299,18042
10709,21.7,16.5,10131,7762
10710,25.2,23.2,26725,21930
10801,28.0,25.2,42949,33992
10803,22.7,15.4,13255,9474
10804,22.4,15.7,14455,11039
10805,27.4,26.1,18479,15260
10901,28.8,24.8,25145,19312
10913,26.1,21.0,5647,4522
10914,31.2,23.6,605,444
10915,31.3,22.2,81,70
10916,29.0,20.9,4604,3623
10917,28.6,20.4,1973,1527
10918,29.7,21.4,12547,9658
10919,31.9,24.2,1123,925
10920,25.8,21.1,8727,6984
10921,30.1,22.1,4205,3327
10922,29.4,21.6,1026,853
10923,31.4,27.8,9489,7298
10924,29.1,23.1,14006,11161
10925,32.3,25.5,4341,3666
10926,30.9,23.9,3645,2811
10927,36.1,38.5,12323,9251
10928,31.0,24.3,4637,3699
10930,29.3,20.7,9331,6851
10931,32.9,28.8,967,720
10933,31.3,21.7,445,337
10940,34.3,29.7,52803,40869
10941,32.4,25.1,14549,11348
10950,33.2,28.5,62741,35013
10952,33.7,31.5,47426,24804
10954,28.1,25.3,24248,19339
10956,26.1,21.1,32499,25052
10958,29.9,21.8,3562,2795
10960,28.6,21.3,14680,12046
10962,25.4,23.3,5049,4060
10963,32.9,24.5,3663,3082
10964,24.4,19.4,1457,1190
10965,26.9,21.4,15342,12008
10968,24.7,17.9,2435,2069
10969,27.9,19.6,1282,986
10970,30.4,25.7,11211,8368
10973,29.8,21.4,2053,1622
10974,27.7,21.5,3395,2680
10975,29.2,19.8,267,223
10976,21.1,20.2,2269,1990
10977,36.1,34.9,71049,42101
10979,35.1,28.2,115,88
10980,28.0,22.9,13289,10567
10983,23.9,18.5,5777,4550
10984,27.9,22.2,2680,2049
10985,30.6,19.5,147,108
10986,27.6,21.3,1858,1504
10987,29.6,21.6,4454,3845
10988,30.3,21.9,603,471
10989,27.2,23.0,8993,7425
10990,28.6,20.5,19877,15834
10992,30.5,23.2,9301,7411
10993,33.7,32.6,5113,3923
10994,25.1,20.8,7242,5696
10996,20.2,12.8,7276,5704
10998,30.3,22.3,3588,2735
11001,25.5,22.4,27662,21898
11003,32.7,27.5,43979,35375
11004,19.0,28.7,13608,11717
11005,15.2,25.3,1945,1917
11010,27.9,23.5,25013,20155
11020,22.2,23.6,6363,4918
11021,23.8,21.4,19376,15424
11023,26.5,21.9,10213,7330
11024,26.0,20.8,8623,6566
11030,23.3,17.8,17898,13535
11040,21.7,22.9,43075,34506
11050,26.1,19.5,31512,24091
11096,37.4,36.8,9645,6916
11101,21.5,22.4,48867,42115
11102,23.5,24.0,37468,32164
11103,22.7,22.7,37362,32830
11104,22.3,24.8,27407,23455
11105,22.4,21.5,38001,32608
11106,22.8,24.9,41722,36107
11109,18.0,13.1,8400,7220
11201,18.8,14.8,69703,58767
11203,30.7,28.8,81824,65980
11204,21.1,30.4,85885,62019
11205,24.2,22.8,50474,36046
11206,26.8,29.9,91549,69134
11207,31.3,32.6,100330,77295
11208,28.8,33.7,101958,76704
11209,20.8,20.6,73239,59477
11210,26.4,23.5,62805,48496
11211,22.6,21.7,68540,54309
11212,35.3,37.2,91574,68498
11213,29.2,27.5,67217,52732
11214,20.0,29.5,96560,75792
11215,19.0,13.4,67493,53871
11216,24.8,19.9,61251,52469
11217,20.9,16.1,42417,35590
11218,21.2,22.7,78642,57820
11219,23.1,34.1,103447,65921
11220,21.7,36.7,105797,80098
11221,26.5,25.2,89222,74866
11222,20.2,15.2,41957,37016
11223,21.3,28.5,83519,64126
11224,27.0,33.0,46019,37250
11225,26.4,22.5,58786,48575
11226,28.3,26.0,101727,83002
11228,19.1,26.4,45906,36215
11229,20.9,24.2,83669,65678
11230,21.8,24.0,91391,67186
11231,22.3,19.2,37240,28982
11232,23.9,28.5,30181,24233
11233,30.6,28.6,75399,60135
11234,25.1,23.5,92133,72707
11235,21.6,23.8,88482,72425
11236,30.3,27.0,100687,80215
11237,24.6,26.4,49418,40718
11238,21.8,16.3,60090,50746
11239,31.4,36.1,17038,13680
11249,22.6,21.1,42024,31254
11354,18.6,37.3,61276,52323
11355,18.5,41.4,89465,74690
11356,22.3,32.1,28310,22115
11357,20.9,27.8,42319,34602
11358,19.4,30.4,40435,33462
11360,19.1,26.0,20039,17144
11361,18.9,26.2,29116,24003
11362,17.9,24.9,18139,15120
11363,18.3,23.1,7208,5924
11364,17.5,27.2,37032,30419
11365,20.1,30.1,46908,37299
11366,18.8,26.8,14430,11441
11367,21.4,28.4,43112,33294
11368,29.4,39.9,117110,88025
11369,27.3,34.7,40805,32139
11370,25.4,33.1,34683,28542
11372,24.8,33.2,68000,55744
11373,20.7,34.9,105712,85515
11374,21.0,26.6,47129,39154
11375,20.0,23.0,72851,59977
11377,21.3,30.9,91512,75176
11378,25.0,30.3,38288,30618
11379,23.1,26.7,37906,31012
11385,25.2,27.7,100883,82104
11411,30.2,27.5,19579,16271
11412,31.3,29.7,37958,30746
11413,30.8,27.9,42978,34412
11414,23.9,26.5,27320,22498
11415,22.5,24.1,20241,16923
11416,23.7,32.9,28381,21894
11417,24.5,32.4,31229,24617
11418,24.5,31.6,37596,29581
11419,23.9,34.6,47430,38446
11420,25.6,32.7,47383,38400
11421,25.4,32.7,42586,33656
11422,30.4,27.2,32839,26621
11423,25.1,30.3,31985,25487
11426,18.7,26.8,19343,16012
11427,22.5,29.6,24555,20319
11428,23.8,31.4,19516,15988
11429,29.8,30.1,25895,20963
11430,34.5,35.1,571,492
11432,22.5,33.1,65743,52121
11433,30.2,35.6,39071,30047
11434,32.1,31.8,66964,53322
11435,25.8,32.6,58980,46630
11436,29.7,32.1,20620,16416
11439,14.6,14.5,2376,2337
11501,27.3,21.9,21189,17464
11507,22.2,21.4,7449,5940
11509,25.7,18.1,2433,2153
11510,32.3,23.8,34617,27512
11514,27.5,20.7,4635,3742
11516,28.2,20.4,8394,5685
11518,28.8,21.7,10869,8770
11520,35.0,29.7,45121,35362
11530,25.1,17.5,28851,22177
11542,31.4,28.4,29171,23775
11545,25.9,18.8,12008,9386
11547,26.0,18.1,995,785
11548,20.7,15.5,2313,2017
11549,17.9,14.2,2337,2314
11550,38.5,35.5,61901,46736
11552,30.5,23.6,24903,19249
11553,36.4,31.8,26929,20949
11554,27.2,23.8,37796,30442
11557,26.5,19.9,8659,6631
11558,30.7,25.3,8954,7329
11559,26.9,20.4,8709,6334
11560,27.5,19.7,6860,5316
11561,28.8,20.9,39132,33233
11563,29.9,24.4,23349,18375
11565,28.1,20.8,8845,7158
11566,27.4,19.4,35147,27302
11568,23.6,19.0,4168,3511
11569,27.7,20.0,1527,1313
11570,28.4,20.2,29023,22557
11572,28.0,21.0,31157,24623
11575,35.9,28.6,18048,13694
11576,23.5,18.1,12962,10075
11577,24.1,19.4,12695,9718
11579,26.9,18.2,5039,3989
11580,30.1,25.9,43026,34285
11581,29.0,23.5,23183,17451
11590,30.1,26.1,47838,37723
11596,25.2,20.4,10849,8496
11598,25.7,17.3,14515,9820
11691,31.9,35.6,64673,46784
11692,33.5,36.8,22776,17065
11693,28.2,29.3,12467,10023
11694,25.1,25.3,19780,16079
11697,21.2,19.6,4468,3706
11701,33.2,27.2,27831,22349
11702,28.4,20.2,14580,11726
11703,30.2,24.0,16635,13434
11704,30.5,24.6,40367,32351
11705,28.0,18.9,7951,6251
11706,32.6,29.0,66263,50994
11709,27.6,19.3,6748,5513
11710,27.2,19.1,35155,27696
11713,32.3,25.4,10970,8458
11714,27.2,22.5,22989,18467
11715,27.8,19.4,4423,3489
11716,29.0,22.2,10315,8286
11717,34.4,33.7,62193,46160
11718,26.7,16.8,3181,2451
11719,31.2,26.8,3447,2841
11720,28.3,22.7,28623,22819
11721,26.3,17.0,6318,5055
11722,35.1,33.1,37491,28406
11724,24.9,15.4,3268,2424
11725,26.0,18.9,28838,22804
11726,34.3,30.8,20763,16341
11727,31.0,25.0,29716,24028
11729,29.2,24.2,28569,22612
11730,28.9,21.4,14523,11629
11731,27.0,19.8,30353,24117
11732,27.1,20.4,3638,2958
11733,25.7,19.4,17967,14397
11735,28.0,21.4,32989,27012
11738,29.5,23.8,16732,13131
11739,27.2,18.9,1385,1122
11740,28.0,22.9,9593,7551
11741,29.2,22.9,27046,21722
11742,29.6,23.7,12699,10212
11743,27.1,19.1,41522,33874
11746,28.5,23.1,69040,53477
11747,25.1,20.0,20133,16489
11749,29.0,27.6,3567,2981
11751,29.6,23.6,14790,11894
11752,29.4,22.8,9758,7790
11753,21.8,21.4,13084,9793
11754,27.6,21.5,18472,15013
11755,27.7,22.3,12118,9898
11756,28.1,22.6,42501,33855
11757,30.0,24.0,45157,36383
11758,28.0,19.9,54226,43451
11762,27.7,19.5,22439,17704
11763,31.4,26.2,29055,23099
11764,27.9,19.8,12566,9714
11765,26.3,18.2,701,552
11766,27.1,20.8,11888,9422
11767,28.3,21.6,14379,11393
11768,26.8,18.1,21433,17491
11769,28.4,22.2,9250,7758
11770,32.7,30.7,331,284
11771,29.3,22.3,10322,8235
11772,30.7,25.0,44459,36249
11776,29.6,24.5,24205,19188
11777,26.3,18.7,9346,7698
11778,29.1,20.6,12449,9638
11779,29.7,24.0,38250,30542
11780,26.7,20.3,15508,12593
11782,27.4,19.8,15682,12518
11783,28.0,20.2,21299,16939
11784,30.2,25.2,24794,19569
11786,28.2,20.6,6287,4896
11787,27.1,20.2,35361,28197
11788,27.3,21.1,16273,13030
11789,28.4,19.1,7640,6035
11790,23.6,18.1,21519,18968
11791,23.1,19.1,25879,19382
11792,29.5,22.2,8528,6687
11793,27.7,19.5,32121,25161
11794,21.1,18.0,1779,1767
11795,27.2,19.0,25344,20113
11796,28.6,20.4,3676,2949
11797,24.3,21.2,9452,7601
11798,38.4,34.6,17215,12577
11801,24.6,23.6,41779,34240
11803,24.4,18.8,30049,23435
11804,25.2,17.6,4972,3861
11901,33.5,31.9,30936,24856
11930,27.0,19.7,2062,1704
11932,29.4,21.4,2129,1716
11933,31.3,27.0,6899,5629
11934,29.7,21.8,8364,6423
11935,28.4,21.2,3432,2911
11937,30.4,24.1,19968,16147
11939,27.1,20.9,1048,927
11940,29.5,23.6,5396,4338
11941,28.9,22.6,2605,2195
11942,30.0,23.1,5571,4426
11944,30.3,28.2,4801,3923
11946,30.2,24.7,15535,12481
11948,30.1,24.5,1212,1011
11949,30.1,23.4,14663,11513
11950,33.3,29.0,16233,12265
11951,34.8,29.7,13827,10492
11952,28.2,21.3,4701,3925
11953,32.0,26.9,13249,10968
11954,29.2,22.1,4318,3638
11955,31.4,26.3,3258,2691
11956,28.1,21.4,405,332
11957,27.1,21.2,1004,878
11958,28.3,22.3,691,591
11959,32.5,29.6,1657,1367
11960,28.1,21.2,1688,1367
11961,28.7,25.0,13042,11032
11962,27.4,21.6,1099,884
11963,28.0,20.9,8384,6926
11964,29.5,24.4,2470,2112
11965,29.4,24.8,766,674
11967,32.9,27.9,26213,20311
11968,27.7,19.9,14467,11718
11970,27.3,25.1,454,380
11971,27.5,22.6,6105,5200
11972,28.9,20.5,1013,811
11975,28.0,20.7,656,542
11976,27.3,19.2,2764,2252
11977,26.4,20.7,2837,2344
11978,28.8,21.1,4087,3253
11980,30.7,23.4,4931,4093
12007,30.7,22.2,260,222
12008,31.6,18.4,475,341
12009,28.1,17.4,7874,6246
12010,38.7,28.5,28845,22463
12015,32.7,23.3,3509,2949
12017,26.4,17.5,358,299
12018,29.6,19.5,7626,6137
12019,31.7,17.2,15826,12327
12020,33.7,19.6,34667,27816
12022,31.5,24.5,896,748
12023,32.3,22.7,2036,1633
12024,29.8,21.8,172,148
12025,34.6,24.9,5356,4277
12027,32.4,17.9,3958,3054
12028,32.0,25.5,1078,915
12029,28.1,19.8,1029,893
12031,35.0,24.7,118,103
12032,35.5,29.4,834,726
12033,29.9,20.8,8076,6432
12035,33.3,24.4,692,530
12036,33.3,27.8,232,185
12037,29.3,21.8,3895,3234
12041,29.7,20.2,425,358
12042,34.3,25.2,403,320
12043,30.9,23.4,7883,6579
12045,31.7,21.2,662,513
12046,30.6,22.9,646,522
12047,33.2,25.2,23347,18895
12051,35.5,28.0,5771,5074
12052,31.3,21.8,1535,1244
12053,34.1,21.1,4142,3391
12054,26.6,15.3,17282,13672
12056,34.3,21.1,2192,1754
12057,31.6,25.2,1842,1459
12058,34.9,26.1,1523,1224
12059,31.8,22.5,1482,1246
12060,29.8,20.5,1411,1166
12061,27.9,19.1,9404,7507
12062,30.9,22.1,1878,1517
12063,31.2,20.5,443,344
12064,33.4,25.8,427,346
12065,31.4,17.6,43893,34822
12066,34.5,23.2,2007,1570
12067,30.4,20.4,1513,1214
12068,38.0,25.3,2899,2297
12069,34.9,21.1,225,172
12070,35.9,24.5,1475,1183
12071,32.6,25.5,277,224
12072,38.1,25.1,3016,2306
12074,35.2,21.6,2901,2298
12075,31.0,23.9,3135,2522
12076,32.7,26.3,1247,1029
12077,27.3,17.2,6739,5329
12078,37.2,30.7,23009,18265
12083,31.9,22.7,3592,2843
12084,25.3,18.0,4658,3704
12085,25.7,19.1,554,451
12086,35.7,22.8,1698,1458
12087,33.6,24.5,1131,909
12090,33.3,27.3,6223,4884
12092,32.6,24.1,1241,973
12093,33.3,26.3,1576,1295
12094,32.8,24.4,2337,1851
12095,34.2,26.1,12242,9934
12106,29.7,22.9,2137,1830
12108,30.6,26.6,415,368
12110,28.6,20.5,19682,15701
12115,28.3,21.0,190,164
12116,32.1,26.6,1713,1421
12117,36.8,29.6,2831,2305
12118,34.3,21.4,16618,13106
12120,28.6,18.7,593,462
12121,31.6,23.3,1767,1468
12122,32.6,25.5,3763,3128
12123,30.3,21.0,5096,4027
12124,34.1,25.8,443,389
12125,30.6,22.9,1478,1193
12130,30.6,22.6,845,686
12131,32.9,26.3,135,113
12132,28.4,20.6,130,99
12134,35.3,27.6,3560,2962
12136,28.3,19.8,927,789
12137,34.6,20.7,1704,1427
12138,32.3,24.7,3012,2482
12139,30.6,26.6,266,225
12140,29.7,19.6,1639,1333
12143,31.7,22.4,4903,3908
12144,30.6,22.7,21277,17105
12147,29.3,19.8,521,448
12148,30.0,17.1,4935,3856
12149,34.3,26.7,2294,1846
12150,33.4,20.0,799,649
12151,34.8,21.8,957,780
12153,30.7,20.3,818,653
12154,30.8,21.9,2669,2199
12155,32.4,26.8,1753,1414
12156,29.7,20.0,853,666
12157,33.5,25.5,4109,3348
12158,29.7,19.2,6373,4977
12159,26.7,17.9,8524,6883
12160,34.6,26.8,938,754
12161,29.7,20.0,75,66
12164,29.6,26.4,487,435
12165,24.9,18.5,146,127
12166,37.7,25.2,1500,1134
12167,33.2,28.8,2342,2011
12168,30.7,23.0,1681,1429
12169,31.3,22.6,445,345
12170,35.0,21.4,4964,3915
12172,32.1,23.5,381,293
12173,31.2,23.5,1732,1389
12174,29.5,22.7,260,204
12175,34.1,27.7,725,579
12176,32.9,22.1,292,241
12177,36.8,24.7,400,328
12180,31.5,24.5,55907,45736
12182,36.2,30.2,14657,11715
12183,33.9,27.2,2934,2474
12184,29.7,22.6,7178,5857
12185,31.3,24.4,2059,1588
12186,28.6,17.6,6485,5114
12187,33.3,26.3,571,477
12188,34.5,20.7,11035,8873
12189,32.3,24.2,18970,15040
12190,32.9,30.9,683,589
12192,33.6,24.9,1617,1319
12193,33.0,23.9,1934,1595
12194,33.9,24.8,176,149
12195,31.6,22.1,97,85
12196,29.4,19.3,2930,2325
12197,33.2,26.2,2176,1715
12198,30.0,20.2,7548,6019
12202,40.1,31.7,10257,7729
12203,28.6,20.2,28210,24537
12204,33.8,25.4,7818,6279
12205,29.6,21.6,27168,22427
12206,38.7,31.6,17219,12708
12207,41.6,31.6,2399,1993
12208,29.8,20.8,22118,18849
12209,32.8,23.0,10231,7987
12210,37.0,26.2,10559,8599
12211,25.4,17.7,13532,11497
12222,17.4,14.1,6149,6132
12302,31.6,18.9,27618,22100
12303,34.3,24.6,30893,23788
12304,36.6,27.4,21513,16726
12305,37.2,27.2,6085,5522
12306,34.0,21.3,26935,21548
12307,44.5,38.0,7567,5312
12308,35.2,23.8,15285,11907
12309,29.4,17.6,31273,24437
12401,32.3,26.4,35493,28649
12404,29.9,22.0,3625,2942
12405,35.4,27.6,571,467
12406,33.1,28.4,740,631
12407,33.1,28.3,95,74
12409,27.8,19.5,994,875
12410,30.2,24.7,416,350
12411,28.9,19.7,419,350
12412,28.6,22.9,627,529
12413,35.8,26.8,2914,2380
12414,34.6,27.3,10163,8413
12416,30.7,25.2,208,182
12417,30.2,23.2,748,603
12418,32.5,23.6,558,473
12419,28.9,19.7,660,569
12420,30.2,29.8,175,148
12421,30.9,27.4,334,296
12422,32.6,22.7,354,292
12423,33.0,24.4,940,778
12424,31.7,24.6,249,223
12427,36.6,26.3,905,659
12428,34.0,30.0,6969,5362
12429,30.4,23.0,329,246
12430,33.3,28.6,999,842
12431,32.7,22.7,1639,1306
12432,30.8,24.7,507,421
12433,29.1,23.3,403,353
12434,31.2,25.6,622,518
12435,33.7,29.7,276,208
12436,34.5,23.5,451,363
12439,32.0,23.0,401,327
12440,29.3,20.6,1863,1598
12441,31.5,26.7,130,96
12442,34.1,26.3,752,641
12443,30.0,21.9,3868,3154
12444,33.0,24.7,430,378
12446,31.0,24.5,4930,3948
12448,28.2,19.3,255,211
12449,29.2,24.2,3386,2854
12450,37.4,28.6,171,161
12451,34.4,25.3,1560,1286
12453,27.4,19.6,271,241
12454,34.3,22.5,233,200
12455,31.8,30.0,1820,1549
12456,28.5,20.9,590,476
12457,30.8,23.2,738,628
12458,35.0,27.6,3488,3081
12459,32.8,29.0,172,140
12460,30.9,21.6,281,218
12461,29.1,21.7,1661,1362
12463,35.6,26.6,1405,1166
12464,31.5,25.9,955,823
12465,30.7,23.9,288,248
12466,29.6,24.0,2353,1997
12468,33.9,25.5,1417,1181
12469,30.1,21.6,697,599
12470,35.5,27.5,648,516
12471,32.3,25.7,231,191
12472,29.5,21.4,1519,1313
12473,37.1,28.6,931,766
12474,31.1,25.5,1128,979
12475,29.3,22.3,373,296
12477,29.9,23.5,18559,15310
12480,32.2,25.2,604,510
12481,29.2,22.0,1259,1079
12482,35.1,27.3,599,471
12483,33.0,30.8,191,145
12484,28.5,19.7,2809,2317
12485,34.2,24.6,939,722
12486,30.4,22.1,1457,1202
12487,32.5,25.1,3508,2834
12489,31.3,27.0,267,210
12490,28.6,18.8,70,68
12491,28.6,22.3,1782,1516
12492,33.0,25.7,296,274
12493,32.0,24.6,426,339
12494,28.6,22.2,712,620
12495,28.2,18.8,212,188
12496,33.6,24.1,1508,1243
12498,28.2,21.0,4845,4193
12501,29.2,25.5,2125,1758
12502,30.3,23.9,1146,945
12503,30.9,24.3,675,582
12504,19.0,15.3,333,329
12507,30.1,24.8,166,138
12508,29.7,22.1,19537,16345
12512,29.1,20.7,143,106
12513,30.4,25.1,621,526
12514,27.6,19.9,2784,2320
12515,29.7,23.3,1349,1090
12516,31.5,26.3,1722,1446
12517,31.8,27.0,430,348
12518,28.5,19.8,5622,4422
12520,28.0,18.4,3287,2606
12521,30.5,23.9,1636,1371
12522,29.6,24.0,4993,3946
12523,32.3,26.5,1819,1484
12524,27.4,21.1,15617,13009
12525,36.6,32.9,3359,2684
12526,30.2,22.8,3687,3068
12527,29.2,19.6,108,99
12528,28.9,21.2,14089,11381
12529,29.7,23.5,2755,2334
12530,29.8,23.7,81,72
12531,26.4,18.5,3267,2595
12533,26.6,18.6,26147,20253
12534,32.8,28.0,17539,14502
12538,27.1,21.7,14181,11862
12540,27.5,19.8,7666,6015
12542,29.5,21.3,5726,4557
12543,31.8,24.1,3170,2473
12544,31.4,23.4,156,126
12545,27.2,21.2,4741,3870
12546,28.2,22.2,3026,2512
12547,30.0,21.3,2934,2346
12548,29.7,23.5,1334,1057
12549,30.7,22.9,10349,8068
12550,34.6,29.1,55869,42768
12553,31.3,24.8,26728,21051
12561,29.1,23.5,18726,16001
12563,32.2,27.2,7586,6237
12564,27.4,21.1,7159,5812
12565,31.3,23.4,1402,1112
12566,30.4,23.0,10923,8639
12567,28.7,23.5,2564,2116
12569,27.0,18.8,10177,8156
12570,27.0,18.6,6825,5355
12571,26.3,18.6,9600,7837
12572,25.8,20.1,9258,7912
12574,27.3,19.1,299,250
12575,30.1,22.6,2478,1850
12577,30.1,21.7,2280,1712
12578,27.1,18.9,2298,1862
12580,26.6,21.0,4204,3507
12581,28.8,21.2,2091,1766
12582,29.7,21.9,6148,5268
12583,28.4,21.2,2212,1812
12585,28.6,20.7,850,693
12586,32.2,25.5,13087,10125
12589,31.8,24.3,16935,13887
12590,27.9,21.2,37051,29872
12592,29.3,25.6,1230,999
12594,29.9,23.7,4018,3203
12601,32.1,26.8,44264,35415
12603,27.8,20.7,41470,32860
12604,16.3,13.9,2011,1920
12701,34.6,33.8,12360,9510
12719,29.2,25.5,1056,898
12720,28.3,21.9,179,150
12721,30.9,24.8,7504,5305
12722,29.8,25.6,120,87
12723,28.0,22.6,1687,1391
12724,28.2,22.0,215,188
12725,30.6,23.0,287,235
12726,29.0,23.4,1168,967
12729,30.7,25.9,1708,1394
12732,29.1,25.1,735,624
12733,33.9,30.8,1887,1241
12734,32.8,30.7,870,707
12736,30.1,24.6,114,107
12737,30.5,24.7,1765,1412
12738,27.6,26.7,270,218
12740,28.5,23.4,1714,1372
12741,30.2,24.0,251,208
12742,34.3,34.0,200,170
12743,30.1,24.2,347,289
12746,31.2,26.7,1010,859
12747,35.3,33.8,1849,1433
12748,28.8,23.8,1890,1579
12749,32.6,31.6,293,233
12750,28.5,24.1,148,125
12751,34.9,33.9,1151,637
12752,28.7,22.9,283,240
12754,33.9,33.1,7654,5810
12758,31.1,27.6,4033,3239
12759,33.2,31.5,1568,1214
12760,31.0,25.9,477,409
12762,31.1,27.0,433,364
12763,31.8,30.5,891,693
12764,30.0,26.4,1717,1416
12765,30.0,22.5,789,649
12766,28.6,25.6,458,380
12767,27.2,22.3,61,59
12768,31.4,29.3,958,786
12769,31.6,31.9,135,120
12770,30.6,24.1,176,150
12771,33.4,28.4,14423,11124
12775,27.2,22.0,2467,2024
12776,31.4,29.1,1865,1538
12777,27.8,22.6,710,612
12778,28.3,23.7,708,619
12779,36.1,34.4,2665,1897
12780,31.0,24.1,2218,1781
12781,30.3,32.4,106,94
12783,31.4,27.9,1388,1135
12785,30.0,23.4,749,604
12786,29.8,26.5,711,618
12787,30.4,27.0,259,209
12788,34.8,29.6,3596,3180
12789,32.4,29.8,1930,1483
12790,29.9,26.0,4817,3985
12791,28.3,25.8,547,443
12792,30.7,25.3,311,265
12801,32.6,24.1,14850,12020
12803,35.7,23.1,8990,7176
12804,29.7,21.5,27790,22491
12808,28.4,24.4,343,305
12809,31.1,26.4,3426,2811
12810,34.5,29.7,556,459
12811,30.1,22.7,209,171
12812,30.9,27.2,173,155
12814,29.9,22.2,1348,1213
12815,30.5,23.7,938,783
12816,30.1,24.8,4366,3531
12817,31.1,24.8,2142,1813
12819,30.2,25.2,297,251
12821,38.1,31.2,2447,2370
12822,37.1,25.1,6282,4923
12823,27.8,22.0,243,184
12824,29.8,22.3,801,720
12827,31.7,27.0,3878,3109
12828,33.1,25.0,9442,7671
12831,33.8,19.7,17483,13653
12832,32.2,28.3,6559,5237
12833,36.4,22.8,4686,3702
12834,28.9,22.1,6396,5162
12835,36.1,25.0,2575,2188
12836,29.8,24.3,528,476
12837,33.0,29.2,746,581
12838,31.7,26.0,560,473
12839,32.0,26.8,13618,10787
12841,31.0,24.3,81,79
12842,30.4,25.5,1154,997
12843,31.7,23.5,542,452
12844,29.2,23.4,303,252
12845,30.8,22.6,4873,4173
12846,34.8,28.8,3008,2515
12847,29.6,24.0,692,599
12849,30.9,26.0,421,337
12850,36.4,22.7,2786,2216
12851,34.1,26.7,290,234
12852,32.3,26.1,418,359
12853,31.6,26.1,1489,1250
12855,35.0,25.1,230,208
12856,30.7,24.0,220,193
12857,34.7,25.2,571,483
12858,34.1,24.1,123,108
12859,37.4,24.1,2041,1619
12860,32.3,25.2,579,465
12861,30.3,24.8,548,450
12862,31.2,26.7,102,77
12863,38.8,26.3,762,571
12865,31.2,25.6,3394,2714
12866,31.8,18.7,40355,33826
12870,34.4,25.0,1652,1363
12871,34.7,21.1,3934,3018
12873,30.9,26.3,760,630
12874,29.9,25.4,112,109
12878,34.5,30.1,705,597
12883,35.1,27.4,4808,3845
12884,37.1,23.6,541,394
12885,33.2,27.3,4371,3528
12886,32.4,23.9,179,152
12887,35.0,31.7,4966,3834
12901,33.2,27.1,32147,26617
12903,31.3,25.3,1810,1574
12910,36.4,29.1,1985,1639
12912,33.9,25.2,1964,1591
12913,34.7,22.3,1035,828
12914,43.2,33.9,888,627
12916,41.7,30.7,2340,1702
12917,41.4,30.9,1430,1065
12918,33.0,25.3,2424,1883
12919,34.6,27.9,3011,2407
12920,41.3,31.1,2352,1860
12921,33.9,27.2,2270,1773
12922,42.1,30.2,68,62
12923,36.6,35.0,523,415
12924,35.5,26.2,148,110
12926,43.2,32.4,2129,1657
12927,44.2,32.9,249,217
12928,34.8,25.6,2030,1588
12929,41.3,33.0,3292,3038
12930,39.4,27.2,707,555
12932,33.7,25.7,1342,1176
12934,37.1,34.3,1106,841
12935,36.3,33.6,1491,1190
12936,32.7,24.8,655,533
12937,43.9,34.9,1406,1057
12939,39.1,24.5,244,206
12941,35.1,24.3,1330,1104
12942,33.2,22.9,651,553
12943,32.0,23.8,478,404
12944,34.4,25.4,4088,3284
12945,38.8,25.3,531,444
12946,33.9,24.6,5217,4336
12950,33.6,23.2,741,606
12952,35.4,35.0,497,403
12953,41.1,29.0,13731,11399
12955,36.3,36.0,371,301
12956,38.2,28.6,1350,1096
12957,42.1,31.4,1663,1281
12958,35.0,29.1,1866,1450
12959,35.7,29.1,1382,1122
12960,37.2,28.7,1009,807
12961,37.5,28.1,148,112
12962,32.3,24.5,5463,4330
12964,34.6,22.2,170,136
12965,42.9,28.1,548,388
12966,41.7,30.6,2848,2134
12967,42.7,28.6,1145,821
12969,38.2,27.0,413,349
12970,29.8,17.9,682,629
12972,31.8,23.2,6212,4826
12973,42.3,29.6,131,113
12974,38.2,30.1,1537,1211
12975,36.6,26.1,292,233
12976,39.0,24.0,215,194
12977,41.9,27.0,693,670
12978,33.9,25.4,323,249
12979,36.4,31.5,2321,1899
12980,39.1,25.6,1292,1055
12981,33.7,26.0,2215,1765
12983,37.9,24.9,7073,5892
12985,32.8,24.3,1079,860
12986,40.4,28.7,5363,4349
12987,34.4,24.3,296,258
12989,40.2,25.4,947,776
12992,34.2,26.4,4796,3791
12993,34.3,25.1,1657,1319
12996,34.5,26.7,1879,1576
12997,33.9,22.4,1139,958
12998,36.2,27.3,569,421
13020,35.4,21.1,149,112
13021,35.8,28.3,38479,30838
13024,50.1,40.7,1122,1122
13026,31.0,23.2,1523,1305
13027,35.8,20.8,34507,27175
13028,37.6,29.2,1217,1005
13029,37.3,22.0,7118,5645
13030,36.9,22.4,3754,3085
13031,33.8,19.3,16335,13114
13032,37.8,24.0,12336,9789
13033,36.8,28.4,3763,2839
13034,34.0,24.7,1836,1480
13035,34.1,19.0,8226,6708
13036,36.9,28.3,8601,6866
13037,36.8,21.9,9230,7209
13039,35.2,19.9,17485,13799
13040,32.9,26.4,2507,1938
13041,35.2,19.6,11724,8981
13042,36.1,27.2,2447,1918
13044,36.8,28.2,2506,2012
13045,31.1,25.2,28406,23518
13051,35.9,20.8,111,99
13052,37.6,26.8,1653,1337
13053,29.8,22.3,4605,3778
13054,35.6,23.9,1388,1120
13057,36.2,22.8,14676,11861
13060,37.0,23.3,2584,2076
13061,36.2,20.2,987,826
13062,26.7,16.6,237,204
13063,35.7,20.8,1902,1436
13065,35.2,23.2,64,55
13066,31.8,17.5,12949,10273
13068,29.1,20.8,5189,4090
13069,38.3,31.0,24071,18378
13071,34.1,24.6,953,730
13072,39.2,26.9,772,593
13073,30.3,23.8,6190,4899
13074,38.1,30.8,4206,3243
13076,36.4,26.4,2297,1796
13077,29.8,20.9,6446,5059
13078,32.0,19.0,10019,7884
13080,36.7,24.7,3375,2780
13081,33.9,25.9,1058,858
13082,36.4,22.2,4539,3689
13083,39.6,32.2,1896,1439
13084,34.4,18.7,4101,3374
13087,28.1,22.7,183,163
13088,35.2,22.8,22331,18475
13090,35.3,19.7,30472,23981
13092,36.1,28.7,2655,2009
13101,32.8,25.4,2397,1817
13102,28.8,22.7,69,65
13103,38.2,30.7,298,225
13104,31.7,17.2,16430,12442
13108,34.0,18.6,6054,4840
13110,35.0,19.6,2236,1849
13111,36.8,28.8,1609,1232
13112,36.7,21.8,1889,1540
13113,35.3,28.0,77,65
13114,36.4,27.4,6596,5053
13115,33.4,23.0,195,150
13116,36.1,22.5,3657,2842
13117,34.1,30.6,197,153
13118,37.2,28.9,5849,4758
13120,39.6,26.8,2536,1984
13122,35.1,19.3,1068,831
13123,33.1,27.3,104,91
13124,37.3,28.2,91,76
13126,34.4,26.7,35477,29084
13131,37.4,28.9,3649,2839
13132,37.3,26.8,3865,3126
13134,41.4,25.0,64,58
13135,36.3,25.6,6303,4884
13136,38.0,28.8,409,340
13138,31.4,18.2,55,50
13140,37.7,32.5,4044,3225
13141,32.1,22.2,661,507
13142,37.5,30.2,6323,4895
13143,39.6,31.5,2619,2019
13144,39.9,33.3,1401,1076
13145,38.4,32.3,1793,1441
13146,40.2,31.8,2205,1672
13147,33.9,25.5,1213,976
13148,34.4,27.9,10541,8353
13152,34.3,20.2,7696,6176
13153,33.4,17.6,309,251
13154,40.3,29.4,76,64
13155,38.4,30.0,605,477
13156,35.1,27.2,2231,1804
13157,36.2,28.0,570,501
13158,32.8,26.1,1397,1098
13159,34.4,20.3,5155,4111
13160,32.7,23.7,1942,1554
13162,34.2,24.6,251,219
13163,37.5,22.1,311,253
13164,34.6,17.8,2730,1971
13165,35.0,28.6,10354,8164
13166,35.9,27.1,5398,4382
13167,35.9,27.5,3263,2562
13202,43.9,32.5,6967,5582
13203,42.8,32.5,16240,12578
13204,45.3,33.2,19752,14608
13205,45.1,37.0,18834,14518
13206,39.7,25.3,16599,13270
13207,44.5,29.3,13140,9709
13208,43.1,36.4,23603,16958
13209,36.6,23.4,13018,10454
13210,37.1,26.2,23150,19931
13211,37.9,24.4,6382,4962
13212,36.1,23.0,20220,16549
13214,32.1,19.3,9072,7589
13215,32.8,18.0,15007,12087
13219,34.2,19.8,15436,12364
13224,38.3,23.6,8705,6899
13244,32.7,25.1,6975,6910
13301,34.1,28.4,90,67
13302,38.4,30.4,1594,1226
13303,36.3,27.0,1140,876
13304,34.2,23.4,1573,1263
13305,40.7,28.1,275,211
13308,36.5,26.6,3722,2904
13309,37.0,28.2,5906,4691
13310,38.8,23.9,591,473
13312,42.7,32.2,332,305
13313,41.3,34.6,520,403
13314,42.4,27.9,86,55
13315,32.9,25.5,1228,981
13316,36.9,27.1,6512,5129
13317,40.3,29.8,3758,2891
13318,39.1,30.7,1306,1022
13319,32.4,19.4,795,619
13320,32.7,25.9,2068,1625
13321,32.3,22.6,1026,833
13322,35.3,25.2,1102,856
13323,30.0,21.0,11415,9734
13324,36.8,27.0,1963,1595
13325,42.1,28.4,980,693
13326,28.8,21.8,4893,4121
13327,40.0,26.5,2234,1697
13328,34.9,24.1,1147,923
13329,37.1,28.9,3789,2980
13331,34.7,25.9,210,193
13332,37.1,24.7,2471,1876
13333,30.5,26.3,92,90
13334,39.8,24.5,1223,938
13335,35.7,32.5,1525,1177
13337,28.5,21.4,686,583
13338,35.1,25.6,1187,1005
13339,39.2,28.1,6646,4837
13340,36.2,26.5,7652,6100
13342,32.3,25.9,144,98
13343,40.9,26.5,1594,1276
13345,43.3,30.4,192,150
13346,30.9,19.6,6427,5723
13348,29.7,21.7,1323,1063
13350,36.9,29.5,9513,7672
13352,36.2,24.0,81,55
13353,30.3,26.0,92,81
13354,34.5,23.8,3339,2594
13355,39.1,25.5,856,643
13357,37.1,27.4,10330,8063
13360,29.4,23.2,350,310
13361,37.1,27.4,825,575
13363,36.5,27.9,2240,1764
13364,41.1,27.2,225,157
13365,39.4,31.1,8448,6548
13367,40.1,27.2,8678,6601
13368,42.3,29.8,1161,920
13402,36.3,22.7,1364,1040
13403,34.8,24.5,6844,6051
13404,42.3,27.7,167,121
13406,36.5,27.4,392,312
13407,36.4,26.7,4930,3990
13408,33.7,21.2,3452,2930
13409,38.4,24.1,2325,1804
13410,38.4,26.3,336,275
13411,35.9,29.3,3129,2417
13413,30.9,21.8,15574,12423
13415,32.7,28.2,98,82
13416,37.0,27.1,2099,1643
13417,33.5,23.0,3280,2724
13418,42.7,28.0,241,189
13420,34.6,25.2,1263,1098
13421,37.8,25.0,12807,10237
13424,34.6,24.0,2450,1995
13425,37.1,27.4,2052,1581
13428,37.9,27.4,1592,1217
13431,36.6,26.5,1960,1511
13433,42.3,29.0,1537,1189
13435,34.8,24.5,248,204
13436,30.1,24.2,106,103
13437,38.5,32.4,404,347
13438,35.9,26.4,3626,2908
13439,34.1,28.6,3681,2959
13440,37.9,29.6,41024,32466
13441,33.7,27.0,130,100
13450,29.8,23.9,169,140
13452,38.9,30.5,4445,3477
13454,38.3,29.5,608,454
13456,33.9,22.9,3941,3055
13457,32.6,24.4,78,69
13459,34.0,27.3,1956,1554
13460,36.4,27.8,4309,3400
13461,32.7,21.8,3111,2499
13464,36.6,26.9,1182,946
13468,32.2,25.8,321,252
13469,33.9,22.8,753,617
13470,37.3,30.7,633,505
13471,37.7,29.5,3023,2340
13472,36.4,25.5,292,255
13473,41.4,28.5,786,614
13475,38.2,25.6,76,53
13476,35.2,25.8,3092,2441
13477,36.0,27.1,1279,1021
13478,35.3,24.5,3084,2385
13480,34.7,25.5,3231,2516
13482,32.2,29.3,65,55
13483,36.2,27.0,310,239
13485,39.8,29.0,1349,984
13486,36.7,26.5,710,587
13488,34.1,26.6,138,112
13489,41.7,27.6,556,430
13490,35.0,23.5,1278,1010
13491,35.4,27.4,3494,2717
13492,34.2,24.0,11457,9161
13493,38.8,31.7,2017,1504
13494,35.2,25.8,265,233
13495,34.9,25.2,2183,1705
13501,39.5,38.0,40885,29643
13502,37.9,30.6,33990,26898
13601,39.3,27.8,37287,29122
13602,27.7,16.3,4951,4863
13603,36.0,20.7,11808,7278
13605,38.4,25.8,4517,3426
13606,38.1,25.2,2606,2014
13607,37.4,25.4,1610,1376
13608,39.8,25.4,1501,1145
13611,38.7,25.2,222,166
13612,38.9,26.4,2673,2012
13613,42.8,27.7,2709,2051
13614,49.5,38.4,403,233
13615,37.9,25.2,930,726
13616,38.8,27.0,1714,1338
13617,36.4,22.8,12083,10425
13618,37.1,25.5,1765,1470
13619,39.3,28.7,10600,8057
13620,41.6,28.3,2148,1587
13621,40.7,25.3,690,520
13622,36.7,23.2,2182,1713
13624,38.2,25.7,4967,4184
13625,40.4,24.6,1834,1451
13626,41.2,27.2,2021,1569
13628,38.8,27.4,202,152
13630,43.6,30.7,1486,1031
13632,38.8,23.5,187,158
13633,45.7,33.2,296,202
13634,38.6,25.3,3999,3159
13635,42.2,29.3,915,721
13636,39.1,26.0,230,162
13637,36.3,23.0,4980,3812
13638,40.2,28.3,398,283
13639,42.1,33.3,80,60
13640,34.4,23.7,348,315
13641,34.7,21.9,101,88
13642,45.4,31.7,9397,7402
13643,42.0,29.0,77,56
13646,46.4,35.0,2232,1707
13647,40.5,22.3,113,96
13648,41.9,28.7,2250,1816
13649,41.4,27.7,91,74
13650,38.3,27.6,1336,1072
13651,38.8,27.1,95,87
13652,43.1,28.8,1958,1483
13654,41.9,28.0,2620,1747
13655,44.5,28.6,3789,2718
13656,38.5,26.6,2901,2113
13658,40.1,24.0,2545,1860
13659,38.6,25.5,514,400
13660,43.4,28.6,2019,1546
13661,38.1,25.3,1667,1279
13662,43.7,30.7,15814,12380
13664,48.5,40.6,398,325
13665,40.2,28.1,895,675
13666,44.8,29.8,220,167
13667,43.5,30.0,3217,2521
13668,42.8,28.9,3248,2532
13669,43.9,30.3,14990,12026
13670,44.2,31.5,446,354
13672,40.3,26.8,526,414
13673,37.3,25.1,2503,1839
13675,37.5,23.8,89,66
13676,39.1,24.5,13211,10937
13678,43.0,28.7,180,138
13679,38.1,25.3,1791,1380
13680,42.7,27.3,1427,1013
13681,44.8,31.4,809,565
13682,39.2,25.7,921,686
13683,51.0,35.0,185,122
13684,43.0,28.8,1141,878
13685,35.3,21.1,2224,1856
13687,40.6,26.5,496,397
13690,44.4,32.1,692,602
13691,38.1,24.3,2981,2243
13692,33.1,21.8,95,82
13693,36.5,23.7,495,430
13694,43.0,29.8,1316,1084
13695,39.0,26.2,124,108
13696,42.1,28.3,181,132
13697,42.9,27.6,2206,1685
13699,33.9,21.5,2225,2212
13730,36.2,27.5,2691,2153
13731,32.3,28.0,949,857
13732,29.0,22.4,7569,5983
13733,36.5,28.5,4809,3911
13734,31.2,26.6,2160,1681
13736,30.5,25.4,2433,1832
13739,31.4,25.3,908,721
13740,33.8,27.5,531,451
13743,33.5,30.0,3705,2846
13744,35.4,23.3,1086,857
13746,36.2,27.6,2678,2172
13748,35.2,26.0,3579,2851
13750,33.1,26.3,936,744
13751,33.7,27.1,190,157
13752,32.2,25.6,808,648
13753,28.3,22.4,5619,4841
13754,34.4,27.2,2912,2301
13755,32.8,29.1,989,845
13756,33.8,29.1,475,391
13757,31.8,24.3,1002,831
13760,33.7,23.9,44153,35499
13774,33.8,28.9,191,155
13775,32.9,26.8,1452,1180
13776,31.4,24.8,404,347
13777,35.6,24.3,768,603
13778,35.5,25.3,5495,4388
13780,37.0,29.8,1011,750
13782,33.1,26.8,642,562
13783,34.0,29.3,2345,1899
13784,30.3,22.3,180,142
13786,35.3,31.8,333,265
13787,35.7,25.9,3359,2594
13788,34.1,27.7,870,726
13790,33.8,26.4,18478,14980
13795,34.1,24.3,3617,2846
13796,32.3,25.3,1147,902
13797,35.6,25.8,2130,1613
13801,37.5,29.1,1284,1031
13802,34.6,24.5,692,561
13803,32.9,25.8,4208,3169
13804,35.9,31.6,249,195
13806,31.0,22.7,111,96
13807,31.6,24.6,1061,860
13808,32.1,24.8,1583,1289
13809,35.5,27.9,1492,1189
13810,32.8,25.7,1038,860
13811,31.3,25.2,4032,3155
13812,30.9,26.7,2136,1678
13813,34.8,26.2,814,655
13815,36.5,28.2,13063,10408
13820,28.8,23.4,21605,18642
13825,32.9,27.4,3020,2484
13826,34.3,25.0,117,90
13827,30.8,26.3,11381,9062
13830,36.0,28.8,4599,3699
13832,37.7,28.5,528,408
13833,36.2,27.8,4004,3188
13834,31.7,24.7,168,137
13835,33.0,25.8,1384,1064
13838,36.2,32.4,4203,3293
13839,34.6,30.6,1475,1222
13841,34.0,24.7,421,348
13842,30.1,25.7,414,343
13843,34.2,26.2,1849,1432
13844,38.3,29.1,686,547
13846,32.4,25.5,293,243
13849,33.6,27.8,4456,3613
13850,30.6,22.6,22135,17912
13856,36.2,32.7,6193,4984
13859,32.6,26.5,162,136
13860,33.3,28.4,207,167
13861,32.5,26.3,426,336
13862,34.9,24.5,3960,3069
13863,33.7,27.0,527,408
13864,31.5,25.4,1113,878
13865,34.0,23.3,5754,4541
13901,35.4,26.8,20548,16499
13902,22.6,18.6,7260,7242
13903,34.9,24.2,18140,14549
13904,36.1,29.3,9236,7519
13905,34.7,27.2,27672,23090
14001,32.5,24.2,9482,7644
14004,31.7,23.7,11583,9536
14005,30.0,23.9,1868,1463
14006,34.0,26.3,9140,7500
14008,40.0,26.3,1306,1064
14009,35.2,25.2,5474,4306
14011,35.8,25.7,7832,6637
14012,40.7,28.4,2334,1763
14013,30.5,25.8,1317,1047
14020,30.8,26.2,22627,18337
14024,36.6,27.1,1584,1221
14025,30.8,21.0,2996,2426
14026,29.7,20.0,792,646
14027,34.7,26.6,97,72
14028,38.8,26.3,1553,1275
14029,38.5,23.0,72,54
14030,33.2,25.3,1755,1394
14031,28.9,20.6,9983,8049
14032,28.3,18.1,9368,7007
14033,31.2,21.7,2173,1794
14034,37.8,29.5,3743,3410
14035,30.7,24.2,146,103
14036,30.1,24.4,4931,4009
14037,33.4,22.2,1173,978
14039,34.6,26.0,96,81
14040,31.0,24.5,2087,1675
14041,37.6,33.1,154,113
14042,37.2,29.9,3891,2953
14043,31.3,23.6,24962,20746
14047,33.2,25.7,6152,5078
14048,39.1,32.3,15062,11862
14051,27.6,18.4,20721,16308
14052,29.0,19.5,17679,14163
14054,31.4,25.5,1355,1040
14055,32.0,23.1,1472,1216
14056,29.0,26.4,164,130
14057,31.3,22.8,7915,6322
14058,31.4,27.8,2107,1651
14059,29.3,20.0,9280,7596
14060,35.9,26.9,394,300
14061,34.0,26.1,77,68
14062,36.0,26.7,3375,2708
14063,34.0,25.5,13028,10930
14065,35.8,26.5,1799,1338
14066,36.9,26.7,1172,912
14067,37.1,23.9,4820,3868
14068,27.4,21.4,7399,6003
14069,32.2,21.5,773,646
14070,37.3,31.4,5093,4038
14072,29.6,20.3,21389,16994
14075,30.4,21.4,44053,35919
14080,33.4,24.9,4109,3306
14081,37.0,30.3,2983,2336
14082,34.0,22.9,421,339
14085,29.6,17.7,8157,6167
14086,30.2,20.6,35010,27788
14091,34.9,27.8,1128,839
14092,36.1,24.0,11030,9204
14094,39.0,24.8,50969,40357
14098,33.8,29.1,2944,2230
14101,36.7,31.8,1853,1480
14102,30.3,21.6,1130,945
14103,32.8,28.5,10589,8393
14105,38.6,25.8,4388,3457
14108,38.5,25.1,5654,4523
14109,25.2,15.8,940,935
14111,33.1,25.5,3198,2529
14113,34.6,22.5,768,617
14120,38.2,24.8,44538,36217
14125,31.6,26.6,3717,2898
14126,39.3,28.9,560,476
14127,28.9,19.3,30565,24350
14129,36.5,28.9,1638,1375
14130,37.5,30.0,88,64
14131,37.8,23.9,5207,4261
14132,37.0,23.3,6155,5052
14134,32.6,22.9,71,70
14135,31.5,24.0,78,65
14136,36.0,26.5,5029,3952
14138,37.2,30.9,1841,1384
14139,30.6,20.7,2231,1760
14141,32.3,24.9,7585,6071
14143,28.5,21.2,1310,1115
14145,34.5,23.8,1536,1227
14150,31.8,23.7,41161,33959
14167,34.7,24.7,1567,1278
14168,39.8,31.5,60,52
14169,29.0,24.1,88,65
14170,30.5,20.6,2248,1851
14171,33.9,25.6,1852,1518
14172,38.7,25.0,3301,2641
14173,36.2,34.5,386,300
14174,36.8,23.0,5654,4609
14201,38.7,33.5,12364,9798
14202,34.8,24.5,3850,3454
14203,36.9,28.4,2006,1773
14204,47.2,42.9,9026,7082
14206,38.4,32.8,21706,16862
14207,39.2,37.5,26006,18457
14208,41.4,35.2,12088,9238
14209,33.9,24.6,8251,7194
14210,38.3,32.1,15480,11842
14211,44.3,41.6,26449,18525
14212,41.4,41.1,13533,9390
14213,35.5,30.1,25834,19407
14214,33.9,25.8,20732,17085
14215,43.8,36.2,42447,30938
14216,32.7,21.7,22979,19279
14217,31.3,21.9,23085,18890
14218,37.1,31.4,20878,15986
14219,33.2,25.2,11593,9360
14220,33.7,25.0,23959,19030
14221,27.2,20.0,55275,44899
14222,30.7,20.0,13629,12315
14223,30.9,21.0,22658,18402
14224,30.6,22.3,40736,33542
14225,33.3,25.4,34066,27811
14226,28.7,19.7,29861,23926
14227,31.6,24.8,23130,19532
14228,28.5,22.4,23945,19521
14260,20.8,16.5,787,786
14261,20.6,16.9,5686,5645
14301,47.7,36.5,12618,9637
14302,34.5,44.2,105,104
14303,47.2,37.4,5958,4539
14304,39.1,26.4,28923,23815
14305,44.8,32.3,16427,12528
14411,35.1,31.0,13334,10720
14413,37.1,25.2,171,141
14414,30.9,21.9,6935,5500
14415,34.7,26.5,194,154
14416,29.2,23.1,3971,3221
14418,34.1,25.0,1296,988
14420,29.5,24.1,19567,16150
14422,29.0,22.4,2182,1772
14423,31.2,22.0,4557,3618
14424,30.3,21.7,28353,23456
14425,31.5,20.1,13068,9751
14427,35.9,26.2,1990,1529
14428,29.2,22.2,8259,6746
14432,33.9,27.7,5746,4603
14433,39.9,30.8,4707,3413
14435,32.0,23.5,2761,2282
14437,33.3,26.2,9141,7254
14441,33.2,25.8,326,276
14445,30.2,23.1,7781,6333
14450,26.9,19.2,42633,34097
14454,26.8,20.1,10759,9268
14456,31.3,24.1,19602,15980
14462,32.6,23.8,614,463
14463,30.7,22.6,181,146
14464,32.5,25.5,7065,5552
14466,31.9,21.5,1616,1322
14467,28.4,22.5,9526,7708
14468,30.5,23.8,19174,14780
14469,30.9,21.4,6265,5139
14470,32.0,25.9,7648,6172
14471,30.3,21.4,2610,2216
14472,28.0,18.6,8566,6703
14475,33.2,24.0,334,251
14476,31.5,24.6,2250,1804
14477,31.7,25.3,1501,1222
14478,26.5,18.5,1646,1495
14479,31.8,27.6,263,201
14480,30.8,21.9,826,676
14481,32.2,24.1,1711,1381
14482,29.1,22.7,8365,6658
14485,30.2,20.4,4111,3276
14486,35.4,29.0,305,250
14487,31.0,21.4,5889,4685
14489,38.7,28.8,7347,5720
14502,34.8,21.3,10760,8417
14504,31.8,23.9,1648,1362
14505,37.3,24.7,5202,4122
14506,26.1,17.0,1289,1006
14507,34.6,26.2,1298,1033
14510,33.1,27.4,4902,3821
14511,30.0,21.6,520,404
14512,34.0,25.7,4533,3641
14513,39.6,29.8,13459,10645
14514,29.2,23.1,6734,5118
14516,39.6,30.4,2190,1706
14517,33.7,26.7,2549,2082
14519,35.6,22.1,12354,9695
14521,36.7,29.6,3473,2751
14522,36.2,24.0,9028,7155
14525,32.1,25.1,2921,2283
14526,27.2,19.6,20932,16239
14527,33.7,26.9,12716,9733
14529,38.1,33.5,57,53
14530,37.2,27.8,6583,5389
14532,32.6,24.3,4174,3306
14533,36.0,29.4,1753,1403
14534,25.5,18.4,32834,25094
14536,36.2,27.0,607,491
14537,33.2,26.5,203,174
14539,36.2,29.1,225,183
14541,37.2,31.4,3298,2752
14543,29.0,21.5,3160,2618
14544,34.2,25.9,2035,1549
14545,33.3,23.3,157,126
14546,29.7,22.0,4872,3937
14548,31.7,23.4,3972,3232
14549,33.8,27.5,137,121
14550,36.1,26.5,1564,1221
14551,40.8,30.5,5163,4118
14555,37.5,26.7,934,822
14556,44.9,38.5,875,862
14557,30.4,23.8,136,108
14559,30.0,23.1,17964,14206
14560,32.4,23.0,2167,1714
14561,32.7,24.3,3026,2270
14564,28.1,17.7,16138,12536
14568,35.6,21.1,5975,4685
14569,36.1,27.0,6302,5152
14571,32.3,28.1,1207,1008
14572,36.5,28.4,4636,3711
14580,28.6,21.8,54148,43333
14585,31.8,25.4,187,168
14586,28.7,24.4,13089,10167
14589,37.0,24.4,7637,6050
14590,39.7,30.4,4902,3886
14591,34.7,24.6,1451,1171
14592,36.3,28.7,222,179
14604,33.6,26.1,3138,2994
14605,45.7,48.8,12172,8496
14606,35.8,34.0,28252,21873
14607,29.3,19.5,16298,15304
14608,41.9,39.6,13177,9815
14609,36.9,31.5,41329,31944
14610,27.6,19.6,14311,12206
14611,42.8,41.1,18586,13718
14612,30.9,25.0,34844,28535
14613,43.0,42.4,14882,10297
14614,38.0,30.7,1109,1057
14615,36.2,31.8,16862,12872
14616,33.0,28.2,27946,21726
14617,30.0,22.0,22599,17619
14618,25.2,18.5,23998,19298
14619,38.9,31.0,14061,10649
14620,29.5,23.5,24185,21292
14621,43.3,44.5,32891,24078
14622,31.2,25.7,11930,10020
14623,26.1,23.1,27865,24776
14624,30.3,23.7,37200,30165
14625,28.5,21.2,10487,8469
14626,30.4,26.5,30032,24671
14627,16.6,15.8,2986,2963
14701,38.2,30.3,38428,30226
14706,33.6,25.6,5910,4647
14707,35.4,24.6,151,114
14708,38.1,25.8,148,116
14709,35.8,27.1,1423,1130
14710,33.7,24.0,3367,2699
14711,36.6,27.3,1822,1337
14712,33.0,23.1,3242,2643
14714,37.5,28.7,361,279
14715,37.6,28.3,2613,1999
14716,36.8,26.9,2638,2218
14717,36.3,28.5,689,562
14718,35.5,26.2,1845,1507
14719,37.0,30.3,3449,2630
14720,35.1,24.0,633,516
14721,38.1,27.2,177,126
14722,33.7,30.2,194,152
14723,36.3,27.1,1222,935
14724,36.1,29.0,2595,1844
14726,36.4,29.0,2016,1212
14727,36.2,27.6,5257,4146
14728,33.9,25.0,937,758
14729,34.6,24.5,763,615
14731,32.9,24.1,1269,1091
14732,38.3,27.3,56,51
14733,34.9,25.3,3663,2821
14735,35.7,25.0,2836,1995
14736,35.5,30.9,271,246
14737,36.2,29.0,4101,3182
14738,36.1,26.5,3561,2770
14739,37.1,28.1,2853,2164
14740,33.4,27.5,1301,1037
14741,35.5,28.2,1881,1471
14742,31.5,23.0,119,103
14743,35.7,27.7,1584,1266
14744,28.6,21.3,1937,1630
14747,36.2,27.6,2197,1706
14748,37.1,28.2,659,491
14750,33.2,24.0,4673,3773
14752,33.6,27.6,168,160
14753,35.1,26.8,1067,872
14754,38.1,28.9,721,558
14755,37.7,30.2,2855,2238
14757,35.3,25.9,3072,2522
14760,36.3,28.4,18031,14232
14767,34.5,25.8,2171,1494
14769,35.9,28.6,948,738
14770,36.1,27.4,2747,2144
14772,35.5,28.4,4141,3086
14774,37.9,28.2,142,115
14775,36.8,28.6,2402,1905
14777,36.7,28.6,509,411
14778,21.7,15.5,1352,1341
14779,39.1,32.6,7191,5455
14781,35.8,28.2,2114,1574
14782,36.1,26.4,2236,1740
14783,42.9,36.3,352,252
14784,35.1,24.6,967,744
14785,30.8,25.4,54,54
14787,37.6,30.4,4825,3942
14788,34.8,25.5,217,166
14801,37.0,29.1,5202,3845
14802,24.7,16.3,4016,3905
14803,36.3,25.7,1216,906
14804,35.7,25.0,1300,1007
14805,32.0,26.1,1108,877
14806,37.1,27.6,1963,1533
14807,34.8,25.5,2834,2263
14808,37.1,28.7,588,448
14809,35.6,27.5,2258,1763
14810,37.0,30.1,11620,9316
14812,31.9,24.9,3273,2554
14813,37.9,28.6,2307,1866
14814,27.0,19.7,1938,1496
14815,32.4,25.6,928,767
14816,26.8,20.9,583,470
14817,26.9,16.6,2474,2024
14818,30.6,23.7,1830,1542
14819,37.3,29.1,684,525
14820,38.1,30.6,659,474
14821,36.1,28.1,3115,2519
14822,35.7,25.1,926,736
14823,34.9,27.0,3686,2818
14824,31.1,25.7,663,517
14825,30.2,27.6,763,611
14826,36.6,28.0,1936,1566
14827,33.4,23.4,204,157
14830,33.3,22.3,18949,15106
14836,34.6,27.1,963,765
14837,35.7,29.6,5345,4052
14838,30.6,25.6,1820,1460
14839,35.4,28.5,686,525
14840,33.9,25.1,2905,2453
14841,31.5,24.9,809,690
14842,33.7,25.7,797,565
14843,36.2,27.7,12637,9876
14845,27.8,23.4,20628,16507
14846,34.9,26.8,653,534
14847,34.0,26.6,2443,1931
14850,23.1,17.0,69271,60670
14853,24.7,22.1,1993,1977
14855,35.8,27.7,1029,647
14856,38.4,32.2,72,56
14858,33.9,22.7,1672,1260
14859,31.1,26.1,1153,912
14860,36.8,31.9,1000,770
14861,30.7,27.1,1303,1028
14864,28.9,22.6,1311,1000
14865,31.2,28.7,2598,2165
14867,29.5,21.4,5490,4321
14869,32.3,26.1,1208,972
14870,31.1,22.2,9648,7622
14871,31.3,28.0,4025,3297
14872,28.6,22.1,641,497
14873,38.0,29.4,2348,1827
14874,33.9,24.7,180,147
14877,36.7,28.0,505,397
14878,30.8,24.4,780,574
14879,36.5,28.2,2152,1652
14880,37.0,26.3,1545,1203
14881,25.4,17.4,254,202
14882,29.1,20.9,3890,3009
14883,31.4,25.8,3998,3073
14884,36.2,25.3,309,248
14885,35.5,28.0,689,513
14886,29.0,20.6,6648,5321
14889,30.8,26.1,1514,1151
14891,31.5,26.7,4140,3375
14892,30.9,27.1,7949,6185
14894,34.0,28.8,1716,1486
14895,35.9,26.7,9375,7440
14897,36.2,27.4,850,624
14898,35.8,29.1,1573,1117
14901,36.0,34.3,14893,11827
14903,30.9,25.3,7279,5716
14904,32.6,29.8,15102,11581
14905,29.0,22.8,8645,6808
19701,33.3,24.8,42717,33580
19702,33.2,25.0,55653,42790
19703,33.1,24.8,16175,12679
19706,33.4,25.5,1938,1528
19707,25.6,18.8,17274,13825
19709,31.7,21.5,49599,36764
19710,27.6,17.9,108,93
19711,29.7,22.6,48477,40581
19713,34.0,28.0,31867,25160
19717,28.2,23.5,6201,6185
19720,37.3,29.9,61043,47558
19730,29.2,18.8,472,379
19731,29.7,20.3,329,276
19732,25.8,15.4,223,200
19733,34.1,26.7,320,256
19734,32.2,22.2,14116,10550
19801,44.5,37.8,16219,12255
19802,42.9,34.5,26189,20206
19803,28.2,19.6,21886,17562
19804,35.1,28.6,18292,14502
19805,39.0,32.7,39985,29744
19806,29.8,20.6,10083,8977
19807,26.9,19.4,8089,6615
19808,30.2,23.3,39285,31618
19809,32.9,23.4,14658,11773
19810,29.0,21.4,25270,20500
19901,44.0,33.3,36839,28448
19902,29.1,21.1,108,104
19904,44.4,32.8,36880,28683
19930,26.8,19.4,2657,2503
19931,38.1,36.2,258,217
19933,37.6,32.0,9784,7377
19934,41.2,29.2,14243,10977
19936,45.1,37.4,329,250
19938,42.3,29.4,10131,7555
19939,33.2,27.0,7357,6170
19940,35.0,28.1,6541,4898
19941,39.0,32.3,2857,2135
19943,42.3,30.1,12523,9765
19944,26.7,22.3,519,485
19945,32.7,24.8,8041,6693
19946,43.0,31.0,4932,3794
19947,37.1,32.7,20964,15895
19950,37.2,31.5,7095,5618
19951,32.3,24.9,1986,1625
19952,43.0,31.3,10621,8244
19953,42.9,33.9,4500,3387
19954,44.2,34.7,1629,1308
19955,43.4,32.2,191,143
19956,37.1,31.2,16327,12211
19958,30.7,23.9,27911,24522
19960,37.2,30.2,7121,5272
19962,42.2,29.3,13692,10232
19963,38.3,30.7,20827,16395
19964,42.3,34.7,1298,1034
19966,34.1,28.3,32520,26925
19967,32.0,24.5,1802,1664
19968,32.7,25.1,13800,11480
19970,31.2,25.3,8591,7701
19971,29.3,20.5,14348,12899
19973,37.8,32.6,25550,19726
19975,31.3,25.1,10476,9182
19977,42.2,29.8,27505,21311
19979,42.7,31.7,722,581
19980,42.4,32.6,235,200
20001,21.4,11.7,49040,44083
20002,24.0,13.1,69422,58521
20003,22.2,11.7,36501,31958
20004,20.6,10.7,1682,1603
20005,20.4,11.0,12953,12348
20006,20.1,16.7,1599,1560
20007,18.2,9.7,26827,22993
20008,18.8,9.6,30143,26663
20009,20.0,9.7,53357,48485
20010,22.8,13.9,32663,27630
20011,26.5,17.2,67815,53677
20012,26.1,16.6,15485,12242
20015,18.8,10.6,16628,12834
20016,17.9,10.1,35068,29166
20017,26.5,16.9,20293,16587
20018,28.5,19.0,20646,16555
20019,34.6,25.6,59601,45182
20020,34.9,25.1,51616,37868
20024,24.0,13.6,15952,14509
20032,34.9,25.8,38904,28350
20036,18.0,8.4,6109,5845
20037,17.5,11.0,14945,14379
20052,16.6,13.9,3691,3658
20057,24.2,25.1,4091,4064
20059,14.6,10.8,1717,1693
20064,34.4,33.1,1914,1898
20105,26.3,16.8,34475,22523
20106,36.2,23.3,4554,3699
20109,35.7,27.0,43849,32198
20110,35.1,25.4,49120,36627
20111,35.6,27.0,38883,28734
20112,32.8,19.8,29459,22024
20115,34.0,22.6,6536,5167
20117,31.6,20.4,2746,2283
20119,32.7,20.8,4263,3339
20120,23.4,19.9,42697,32803
20121,23.4,20.3,28901,22302
20124,22.5,16.4,14999,11543
20129,30.6,17.3,482,393
20130,30.8,19.7,359,301
20132,30.2,17.1,18483,13505
20135,31.9,20.3,2935,2379
20136,31.5,18.2,31622,21914
20137,29.8,16.3,1801,1431
20141,29.6,16.2,8178,5722
20143,30.1,18.0,1124,877
20144,33.7,23.0,1096,914
20147,27.8,18.2,66394,49521
20148,25.3,16.4,61793,41275
20151,23.1,21.3,22653,17043
20152,25.9,18.7,37013,25216
20155,30.3,19.7,37218,27456
20158,30.0,18.0,4639,3474
20164,32.2,25.8,40888,30840
20165,28.6,17.4,33777,25591
20166,28.2,19.9,14164,10645
20169,30.1,17.5,28182,20548
20170,25.5,21.3,42756,32293
20171,21.3,16.5,51759,39076
20175,30.8,18.5,33245,24543
20176,30.1,19.6,51777,37643
20180,31.1,18.5,8073,5988
20181,32.2,19.7,9765,7432
20184,33.3,23.6,735,606
20186,32.5,20.9,15171,11954
20187,31.0,17.7,18888,14002
20190,24.0,16.8,20957,17777
20191,25.4,18.9,29948,23633
20194,23.0,13.9,13171,10745
20197,29.3,16.7,2558,1885
20198,32.0,20.1,2440,2013
20319,20.7,11.9,72,57
20373,14.7,7.2,396,359
20390,11.4,5.6,255,254
20601,42.2,23.3,27789,21104
20602,43.4,23.8,28736,21306
20603,42.7,22.8,32485,24306
20606,39.0,25.4,251,208
20607,40.1,21.8,12762,10055
20608,39.7,25.4,878,731
20609,36.6,24.6,1076,893
20611,38.9,20.6,1100,892
20612,35.8,19.8,232,202
20613,42.6,23.8,15726,12320
20615,34.7,20.5,379,324
20616,42.1,22.0,7356,5392
20617,37.0,20.5,761,600
20618,37.9,26.2,1073,829
20619,36.1,20.6,14179,10388
20620,36.4,20.6,1588,1221
20621,38.3,24.8,1214,992
20622,38.3,24.8,4741,3689
20623,42.9,23.6,2846,2265
20624,36.2,21.4,1138,887
20625,38.0,23.5,848,687
20626,36.9,25.0,403,337
20628,38.3,23.4,599,468
20629,32.9,19.9,1188,1049
20630,36.2,20.7,586,450
20632,37.7,21.6,538,401
20634,39.2,22.8,6984,5213
20636,36.9,22.6,10615,8062
20637,37.9,19.9,6111,4842
20639,36.0,19.1,15344,11580
20640,41.9,24.5,9949,7680
20645,39.2,24.5,769,587
20646,37.9,21.5,20411,15923
20650,35.2,20.5,15298,11491
20653,40.1,25.1,25180,19072
20656,41.6,25.6,106,86
20657,37.9,20.5,20042,15175
20658,39.6,24.7,968,786
20659,37.5,23.1,24427,18301
20660,41.8,23.0,107,73
20662,41.8,26.0,2564,2026
20664,39.7,24.2,2940,2284
20667,41.4,26.4,471,373
20670,30.7,15.6,1226,866
20674,34.6,21.6,718,582
20675,38.9,21.7,1728,1382
20676,37.1,20.3,3462,2741
20677,38.7,21.7,2475,1980
20678,38.4,22.1,12818,9701
20680,36.6,24.1,944,776
20684,38.6,23.3,1193,959
20685,36.2,19.7,6648,5200
20686,23.3,14.2,977,969
20687,38.4,24.9,304,233
20688,29.6,22.1,1462,1352
20689,37.6,19.8,1915,1467
20690,35.0,20.8,954,774
20692,36.6,21.4,738,593
20693,37.8,21.5,1067,852
20695,42.6,23.4,13318,10060
20701,37.3,16.9,1195,1156
20705,38.4,26.2,29456,22573
20706,42.4,28.1,43623,32678
20707,38.8,23.9,37702,29869
20708,41.7,25.7,27832,20876
20710,46.9,34.3,9850,7231
20711,37.9,26.0,7193,5521
20712,41.5,27.0,9526,7417
20714,35.4,19.3,4036,3171
20715,35.3,19.9,27127,21595
20716,39.7,22.0,22874,18238
20720,38.8,19.8,25702,19754
20721,40.6,21.0,29847,23966
20722,42.1,32.6,6498,5011
20723,31.5,16.7,35353,25992
20724,39.5,23.7,19163,14376
20732,36.7,19.0,10626,7850
20733,34.2,18.9,2806,2279
20735,43.5,26.7,38200,30821
20736,34.8,17.6,9632,7353
20737,42.2,32.6,24555,17350
20740,33.3,24.2,36930,32620
20742,30.4,25.8,4769,4762
20743,46.4,30.9,40709,31442
20744,41.0,25.6,52747,42700
20745,44.9,30.8,32024,24777
20746,45.2,27.9,31635,24876
20747,47.1,30.2,40696,31852
20748,45.3,28.8,39689,31688
20751,33.5,19.1,2374,1917
20754,33.8,17.5,6913,5315
20755,33.8,17.4,9324,6207
20758,32.5,18.9,741,588
20759,26.8,12.7,6562,4584
20762,34.2,17.0,3002,2162
20763,33.8,15.9,2745,2043
20764,34.3,19.1,4199,3360
20765,32.8,22.1,466,403
20769,38.3,21.8,7009,5551
20770,40.5,25.6,28612,22120
20772,42.2,22.7,51395,40746
20774,42.4,22.3,51984,41527
20776,33.9,20.6,3266,2603
20777,26.8,13.2,3527,2723
20778,33.9,19.8,1871,1486
20779,32.7,20.1,1272,1052
20781,41.9,29.5,13662,10234
20782,40.0,27.4,35356,27633
20783,42.7,36.3,48946,36374
20784,43.2,30.1,32567,24136
20785,45.0,28.7,41636,31244
20794,37.9,21.9,16658,13985
20812,23.7,12.1,287,204
20814,22.6,13.2,31919,25940
20815,23.1,14.2,31517,24970
20816,22.7,12.9,17035,12681
20817,22.2,13.9,38908,28856
20818,22.7,12.8,1832,1396
20832,25.2,16.5,25969,19822
20833,25.1,16.0,7913,5986
20837,25.9,15.9,6634,4902
20838,24.4,16.9,218,168
20839,24.9,14.7,176,156
20841,21.7,16.9,9538,7339
20842,26.9,17.4,2021,1661
20850,23.5,17.3,51045,40836
20851,26.9,21.3,14327,11309
20852,23.8,16.7,48347,39323
20853,26.0,20.4,30611,23598
20854,20.6,14.4,50698,38892
20855,24.4,18.2,17003,13605
20860,23.3,19.0,2079,1634
20861,24.6,18.1,3067,2432
20862,24.8,16.6,453,366
20866,29.6,21.1,15199,11614
20868,27.0,19.9,671,544
20871,23.5,17.3,28557,19627
20872,27.3,18.5,13349,10096
20874,27.8,20.2,62908,47760
20876,27.4,21.8,26034,19868
20877,29.9,26.7,37577,28596
20878,23.2,16.5,65990,50313
20879,28.6,22.7,26176,20211
20880,25.0,16.9,504,441
20882,25.3,16.5,13890,10880
20886,29.8,23.1,35649,26911
20889,15.1,8.2,1010,1004
20895,24.6,14.9,19753,14809
20896,22.5,12.4,1019,780
20899,34.9,21.8,125,112
20901,29.2,20.6,36537,27562
20902,29.0,22.3,52533,39874
20903,35.7,32.6,24103,17407
20904,29.9,22.9,59051,45815
20905,25.9,18.5,17700,14000
20906,29.0,25.2,71641,56223
20910,26.9,15.1,45610,37604
20912,33.4,23.8,25463,19291
21001,40.0,25.8,25714,19961
21005,37.2,18.6,1709,1211
21009,35.7,19.4,31835,24533
21010,36.7,17.7,153,107
21012,32.1,16.6,22377,16822
21013,29.9,18.5,4861,3775
21014,33.9,19.5,38395,29838
21015,33.2,18.8,30400,23159
21017,37.2,20.2,6526,5096
21023,26.7,17.4,89,63
21028,32.9,17.5,3172,2507
21029,24.9,13.9,12919,9562
21030,31.4,24.2,26156,20490
21032,32.2,17.6,9180,7362
21034,39.8,28.5,3314,2730
21035,32.2,18.3,8298,6392
21036,27.9,13.7,2307,1730
21037,33.0,19.4,21453,16664
21040,41.6,25.0,25138,18162
21042,26.5,14.3,43147,32286
21043,28.2,16.9,48775,36451
21044,31.6,16.2,44284,35313
21045,33.5,18.5,39321,30037
21046,33.0,16.1,16023,12309
21047,32.6,17.6,12876,10045
21048,37.7,22.6,10774,8574
21050,32.9,18.0,18681,14601
21051,29.6,19.5,256,203
21052,30.7,23.6,430,354
21053,29.8,19.5,3199,2505
21054,32.6,18.3,13970,10440
21056,32.0,21.6,329,254
21057,27.8,20.4,4060,3298
21060,37.2,23.7,38269,30274
21061,37.5,24.7,57352,44206
21071,30.7,20.6,619,496
21074,36.7,22.0,15279,11843
21075,31.4,16.9,35900,26273
21076,32.9,18.6,22299,17726
21077,33.6,20.4,336,253
21078,35.8,21.0,20321,16408
21082,29.0,20.4,815,668
21084,33.3,18.1,7600,6002
21085,36.2,21.4,17142,13655
21087,30.7,21.3,5634,4641
21090,32.3,19.3,10623,8468
21093,27.1,20.0,38677,30875
21102,37.4,22.9,12100,9342
21104,31.1,17.1,5686,4482
21108,32.8,18.2,18065,13787
21111,29.6,18.1,5062,3956
21113,34.5,18.3,35670,27491
21114,32.2,16.5,26404,19352
21117,34.9,24.4,59154,46142
21120,30.2,20.6,7178,5533
21122,34.6,21.0,62368,48940
21128,29.4,23.0,14861,11445
21130,38.3,28.4,140,102
21131,28.5,17.7,7468,5723
21132,34.7,19.7,2930,2320
21133,40.9,30.3,30527,24195
21136,33.7,25.1,34973,27082
21140,31.5,16.9,3625,2782
21144,35.8,20.9,37295,28190
21146,31.0,17.0,28593,21129
21152,28.7,18.6,6045,4726
21153,27.3,17.7,865,693
21154,35.9,22.3,6309,5093
21155,30.8,21.7,2553,2047
21156,30.0,20.1,259,215
21157,38.1,24.6,38584,30943
21158,38.1,24.3,20917,16182
21160,35.2,20.5,2449,1953
21161,33.0,20.2,5333,4232
21162,30.0,21.5,5029,3737
21163,28.7,19.6,7657,5977
21201,36.4,25.8,18382,16104
21202,36.8,25.5,22247,19496
21204,29.0,20.6,20967,17595
21205,43.3,37.0,14691,10902
21206,40.4,28.4,49470,38237
21207,41.6,31.6,46595,36806
21208,34.6,26.6,35007,28086
21209,30.2,19.5,28659,21304
21210,22.1,13.8,14441,12575
21211,28.6,17.1,17721,15674
21212,32.3,21.1,32317,24939
21213,45.3,34.8,28217,21579
21214,36.2,22.5,19344,15421
21215,42.0,32.4,54198,42544
21216,45.4,35.4,27729,21729
21217,42.9,32.8,30448,24564
21218,36.5,27.5,46238,39494
21219,32.6,25.7,9594,7693
21220,36.9,29.7,44568,34164
21221,36.9,30.9,43381,33865
21222,37.9,33.6,59062,45120
21223,46.2,38.3,20438,15607
21224,33.1,23.9,54266,42948
21225,41.2,32.2,34138,24578
21226,36.4,23.3,7368,5681
21227,34.1,28.7,35837,27307
21228,30.9,25.1,50418,40207
21229,40.8,30.3,43464,34076
21230,31.3,20.1,36660,30854
21231,31.2,18.7,17062,14645
21234,33.6,25.6,67308,53430
21236,31.7,24.4,40555,31412
21237,34.9,27.7,31477,24910
21239,38.8,26.2,26605,21254
21244,39.4,29.2,38015,28726
21250,25.1,23.9,3391,3381
21251,14.4,13.2,277,275
21252,35.4,36.0,5775,5751
21286,31.1,23.3,21470,17551
21401,32.9,19.4,39308,32542
21402,32.5,18.8,1026,688
21403,33.4,19.8,31521,25152
21405,29.5,16.4,622,514
21409,32.4,17.4,20326,15376
21502,37.9,33.3,41153,34032
21520,37.0,27.6,2060,1611
21521,36.0,32.8,1171,947
21523,38.7,31.5,271,207
21524,38.1,34.9,500,405
21529,37.1,34.6,651,535
21530,36.8,33.1,1520,1214
21531,37.7,28.1,2176,1770
21532,34.3,28.3,13328,11027
21536,35.7,28.7,4029,3246
21538,38.9,32.3,622,495
21539,35.6,31.2,2536,2002
21540,36.8,31.5,85,67
21541,32.2,20.5,1626,1364
21542,33.5,28.3,110,75
21543,33.7,29.2,230,193
21545,37.7,34.0,1719,1392
21550,36.3,27.0,13499,10960
21555,36.5,33.0,1619,1361
21557,37.4,35.0,1911,1542
21561,36.8,27.4,2571,2090
21562,37.5,34.9,2857,2277
21601,30.2,24.3,23945,19349
21607,31.9,26.1,492,361
21610,36.3,24.3,297,247
21612,28.4,22.2,432,376
21613,43.2,31.3,17967,14137
21617,29.1,20.2,10719,8245
21619,30.1,21.9,6598,5412
21620,33.5,23.8,12726,10778
21622,37.5,26.6,475,392
21623,32.8,23.1,2244,1691
21624,29.8,25.6,201,178
21625,30.9,23.1,2329,1840
21626,37.7,27.7,101,84
21628,30.3,23.7,496,394
21629,41.2,28.2,9911,7579
21631,37.5,25.1,2644,2115
21632,44.7,32.5,6616,5023
21634,36.7,24.6,302,267
21635,36.0,25.5,1969,1631
21636,43.0,31.8,1186,882
21638,30.2,21.6,5058,3881
21639,42.0,29.2,4354,3289
21640,42.5,33.7,1798,1327
21641,38.2,21.3,128,114
21643,43.5,30.6,5820,4478
21644,31.8,24.8,93,69
21645,36.0,24.6,1005,821
21647,30.2,24.3,248,218
21648,38.0,24.2,233,177
21649,41.3,33.9,1764,1244
21650,35.8,25.7,206,168
21651,34.8,24.9,2718,2135
21652,28.6,23.0,161,146
21653,26.3,20.9,124,112
21654,29.7,25.4,1129,1027
21655,38.3,22.7,4798,3804
21657,31.6,22.7,1108,858
21658,28.4,18.9,3723,3021
21659,38.7,26.9,1102,891
21660,40.3,26.2,3927,3053
21661,35.4,24.3,2427,2030
21662,27.6,20.6,668,585
21663,28.8,22.7,3142,2660
21664,37.1,24.7,472,378
21665,29.6,22.8,291,231
21666,28.3,18.5,12848,10085
21667,34.7,23.5,285,230
21668,32.5,26.1,1745,1322
21669,35.3,25.1,189,169
21671,29.5,24.4,773,673
21672,39.9,29.1,158,145
21673,32.0,24.0,3122,2478
21675,37.8,29.0,87,72
21676,29.2,24.7,315,283
21677,36.9,26.5,415,336
21678,38.3,25.5,2145,1784
21679,30.9,21.9,429,359
21701,34.5,19.1,39629,32160
21702,36.5,22.8,46412,35356
21703,36.4,21.7,41138,30791
21704,31.9,17.4,19275,13452
21710,33.3,19.2,4769,3707
21711,35.8,25.7,1108,875
21713,36.0,25.7,9800,7770
21714,32.0,18.2,358,288
21715,33.9,23.9,87,68
21716,36.1,20.9,6753,5063
21717,31.6,17.7,199,165
21718,34.1,22.6,134,112
21719,36.6,26.9,1230,959
21722,37.0,26.5,5674,4463
21723,29.2,16.3,937,699
21727,33.3,21.5,6593,5408
21733,34.4,24.4,1134,902
21734,35.2,25.7,845,734
21737,26.9,14.0,2318,1617
21738,29.0,13.6,3373,2581
21740,41.2,32.5,65619,50558
21742,37.2,27.7,33069,25748
21746,43.9,29.4,2861,2859
21750,39.8,31.9,3662,2960
21754,32.2,16.4,7115,5367
21755,35.1,20.1,5627,4538
21756,35.9,24.0,3669,2833
21757,37.2,23.9,2870,2257
21758,34.9,21.1,4809,3630
21762,33.9,19.0,233,193
21766,36.1,33.8,633,533
21767,34.9,25.0,1150,932
21769,33.1,17.7,11759,8898
21770,32.9,17.4,7575,5671
21771,34.7,18.9,30697,23719
21773,33.8,18.4,5410,4242
21774,33.0,15.7,15496,10877
21776,37.8,22.2,5726,4562
21777,34.5,17.5,1890,1367
21778,34.6,22.6,1145,950
21779,35.5,24.8,971,756
21780,35.3,21.6,1688,1344
21781,27.2,20.0,165,64
21782,36.1,24.8,3866,3162
21783,37.2,26.6,9306,7182
21784,36.3,20.5,40028,30940
21787,40.9,28.4,11066,8557
21788,35.8,22.7,11491,9252
21790,31.6,18.2,93,61
21791,37.5,23.8,5292,4135
21793,35.5,20.4,10447,7814
21794,28.3,14.1,2532,1899
21795,36.6,29.4,9873,7832
21797,32.6,17.9,8956,7004
21798,34.8,20.2,2366,1852
21801,41.3,29.8,31183,24472
21804,40.6,29.3,40049,31438
21810,37.8,25.4,199,155
21811,31.7,24.1,23907,19734
21813,32.9,24.0,2862,2372
21814,38.5,26.4,342,284
21817,36.0,30.2,4825,3755
21821,34.9,32.7,847,742
21822,39.1,28.9,2548,2034
21824,34.4,31.4,166,152
21826,39.7,25.2,5436,3997
21829,35.0,28.4,479,374
21830,38.5,25.3,4217,3280
21835,38.2,26.0,472,380
21837,39.7,26.7,2647,2025
21838,34.4,27.6,1717,1405
21840,38.4,27.7,371,314
21841,35.9,25.4,903,719
21842,32.2,23.8,11104,9757
21849,38.7,28.2,3162,2553
21850,39.4,28.8,3167,2483
21851,38.4,31.2,7229,5583
21853,40.0,32.9,10179,8090
21856,38.7,26.1,879,692
21861,36.9,25.6,830,627
21862,34.1,24.1,119,90
21863,37.1,29.9,4843,3894
21864,35.7,29.9,590,478
21865,36.8,27.1,439,365
21867,38.6,32.7,78,65
21869,40.0,28.8,908,721
21871,36.3,31.5,1918,1579
21872,33.4,24.0,684,557
21874,39.5,29.0,2240,1748
21875,38.6,26.4,7231,5562
21890,41.1,27.6,3258,3258
21901,39.9,25.0,18517,14088
21902,45.9,36.3,414,385
21903,43.6,30.0,5835,4600
21904,41.8,28.5,6689,5203
21911,39.9,26.9,11207,8590
21912,41.0,28.1,1312,990
21913,41.0,27.0,682,505
21914,37.6,23.0,736,596
21915,40.7,28.2,2981,2443
21917,40.2,27.0,2384,1869
21918,41.3,28.5,4269,3408
21919,40.2,28.5,3124,2566
21920,39.5,26.0,555,453
21921,42.0,28.5,44983,34726
22003,25.4,24.5,59372,45515
22015,23.7,18.5,43941,33203
22025,33.4,20.5,18470,13844
22026,37.1,23.4,20225,14325
22027,21.5,17.6,2330,1746
22030,25.5,18.4,60431,47182
22031,23.2,18.1,35256,28038
22032,22.9,18.0,29909,23244
22033,22.4,17.6,40692,31767
22039,22.7,15.5,18278,14160
22041,29.1,27.4,28039,21411
22042,25.8,23.1,34638,26976
22043,22.6,17.9,25850,19543
22044,27.7,25.3,13847,10658
22046,27.7,16.9,18576,13841
22060,26.5,18.8,9677,5855
22066,21.1,14.6,18165,13758
22079,26.5,20.5,35225,26292
22101,21.2,15.6,31414,23151
22102,20.7,15.3,27743,22802
22124,21.8,15.1,18488,14034
22125,36.6,25.3,917,768
22134,33.4,22.2,7357,5449
22150,24.7,25.2,27955,22025
22151,23.5,21.4,18026,13822
22152,24.5,18.8,29843,22182
22153,24.1,17.1,32697,24568
22172,38.6,25.8,10679,7804
22180,22.5,16.4,26666,20267
22181,22.0,15.5,15555,11586
22182,21.3,16.0,27778,21211
22191,36.7,25.6,74189,54665
22192,34.1,22.1,60299,44704
22193,35.7,25.4,83064,60457
22201,22.9,11.7,39331,34822
22202,23.7,13.1,28472,25725
22203,23.8,14.6,25437,21783
22204,28.0,19.2,52761,41760
22205,25.0,14.1,18594,13527
22206,26.3,13.8,21645,17738
22207,24.6,14.2,33734,24836
22209,23.2,13.0,14859,13390
22211,25.1,13.7,924,880
22213,23.7,13.2,3600,2742
22301,28.7,14.1,14356,11323
22302,29.4,16.5,17972,14713
22303,26.1,17.9,16109,13537
22304,32.9,21.1,49237,40210
22305,33.2,22.7,17849,13492
22306,31.3,27.4,33330,24621
22307,25.3,17.6,10271,8275
22308,24.3,15.4,13935,9889
22309,30.0,24.8,33773,25497
22310,25.4,18.2,29611,23051
22311,33.8,25.2,19934,15615
22312,29.1,22.6,30447,23632
22314,29.4,15.7,35784,31294
22315,25.7,17.4,28184,21660
22401,39.2,22.9,27799,22129
22405,34.9,21.3,34430,25730
22406,34.9,22.5,27129,20463
22407,39.8,24.5,62668,46946
22408,40.1,23.1,32043,23710
22427,41.1,29.0,3379,2721
22432,36.0,26.0,351,293
22433,35.3,22.3,192,154
22435,37.2,26.3,2124,1718
22436,46.7,36.8,618,522
22437,41.0,28.7,694,570
22438,45.0,35.7,426,334
22443,41.4,33.3,9151,7407
22448,31.9,18.9,724,533
22454,39.2,27.2,1994,1631
22460,36.0,30.6,1817,1457
22469,42.6,33.3,1722,1446
22472,41.5,26.9,1023,1023
22473,37.6,27.2,5409,4557
22476,48.0,36.9,333,284
22480,26.3,24.7,850,782
22482,36.3,30.6,2794,2446
22485,36.2,23.1,26025,19431
22488,44.0,36.3,1211,1007
22503,37.7,31.2,3997,3373
22504,38.6,28.9,251,218
22508,34.9,21.8,14748,11607
22509,42.2,32.6,74,56
22511,35.7,27.3,1143,1001
22514,42.5,30.7,2605,2064
22520,39.8,31.4,5659,4615
22529,43.7,33.1,276,216
22534,40.4,24.2,3102,2341
22535,39.7,25.5,667,523
22538,38.6,23.7,255,223
22539,34.4,26.2,2113,1854
22542,36.7,24.4,2048,1610
22546,41.8,27.1,17757,13325
22548,33.1,30.3,88,69
22551,41.3,26.3,21236,16334
22553,39.2,21.8,16476,12323
22554,35.9,21.2,64354,46088
22556,36.9,23.9,29688,21414
22560,42.9,31.7,6465,5181
22567,37.5,26.1,2949,2332
22572,37.1,30.4,6283,5044
22576,35.0,26.7,1672,1425
22578,33.4,26.3,2449,2156
22580,42.3,29.8,5293,4212
22601,37.6,28.6,29720,23471
22602,37.8,24.0,30865,23624
22603,36.7,25.2,16298,13021
22610,36.9,25.5,2125,1674
22611,32.8,23.4,9176,7287
22620,32.5,21.5,2595,2121
22623,35.5,23.3,660,506
22624,36.0,21.4,2595,2105
22625,37.1,21.3,3784,3002
22627,35.7,24.9,668,561
22630,38.1,26.2,33829,26542
22637,38.5,26.4,2122,1719
22639,31.6,20.3,664,557
22640,35.3,25.1,498,423
22641,35.0,28.5,299,238
22642,36.5,21.4,4701,3681
22643,31.6,20.8,362,302
22644,35.4,27.9,2381,1906
22645,37.9,24.3,4208,3248
22646,34.6,23.0,80,63
22650,33.4,26.6,962,767
22652,31.6,21.8,1535,1253
22654,37.8,25.7,894,728
22655,38.1,23.6,22395,16747
22656,36.1,20.7,5454,3992
22657,36.4,27.1,11974,9274
22660,36.0,28.6,1715,1356
22663,35.2,22.6,1761,1309
22664,36.9,31.3,9383,7260
22701,38.6,26.2,37411,27878
22709,35.4,22.7,945,757
22711,35.6,25.8,148,121
22712,35.7,25.1,10587,7719
22713,38.5,27.0,1454,1142
22714,40.5,27.4,921,672
22715,38.0,25.7,1124,899
22716,36.0,24.7,883,756
22718,40.5,29.9,690,535
22719,38.9,26.0,312,273
22720,34.4,22.5,916,767
22722,38.6,27.2,238,175
22723,35.8,24.1,114,92
22724,36.2,22.0,2400,1885
22726,40.8,29.6,766,587
22727,38.4,26.5,5495,4313
22728,34.8,23.9,3133,2470
22729,40.9,23.0,1192,1151
22730,36.4,24.3,157,133
22731,37.6,24.6,316,256
22732,37.2,24.0,325,281
22733,38.1,27.9,1391,1125
22734,37.4,26.8,3470,2561
22735,40.1,27.2,2259,1754
22736,40.1,28.0,620,485
22737,37.2,23.4,3382,2621
22738,37.5,23.4,1225,939
22740,35.8,25.6,1240,1025
22741,42.1,29.9,226,175
22742,33.7,22.0,1726,1365
22743,37.7,24.5,145,132
22746,35.1,20.8,216,171
22747,35.5,25.3,1081,924
22749,35.9,27.0,469,396
22801,32.8,24.9,40460,32784
22802,35.6,28.4,28383,21767
22807,25.6,20.4,5575,5528
22810,34.0,27.4,798,675
22811,37.5,33.7,435,357
22812,29.7,22.1,9799,8060
22815,35.0,28.9,9083,6974
22820,35.7,34.8,281,231
22821,32.5,26.1,5848,4376
22824,35.9,27.6,6070,4858
22827,34.5,27.5,10769,8472
22830,37.0,32.7,1671,1324
22831,35.3,30.2,918,706
22832,35.1,29.2,1181,935
22834,32.5,24.3,1354,1002
22835,33.7,27.7,11561,9390
22840,32.1,22.1,4524,3523
22841,33.2,24.4,3047,2326
22842,37.6,31.1,5215,4129
22843,39.3,25.1,2374,1853
22844,35.9,29.4,4599,3696
22845,32.1,24.7,72,64
22846,30.6,21.2,2254,1642
22847,38.0,31.5,993,768
22849,36.0,31.0,4891,3823
22850,33.1,25.8,971,757
22851,35.4,30.6,5771,4585
22853,34.7,29.0,4608,3596
22901,29.7,20.6,36938,29003
22902,32.0,20.1,22457,18144
22903,30.3,21.8,42170,35583
22904,17.2,19.0,4917,4884
22911,27.4,18.2,19236,14756
22920,33.8,24.3,4192,3424
22922,38.2,30.1,1997,1584
22923,35.6,22.9,5819,4580
22931,30.4,22.7,357,306
22932,28.4,18.0,10443,7720
22935,35.2,23.9,1068,809
22936,28.8,18.6,5356,4253
22937,33.8,24.1,1401,1134
22938,35.9,27.9,1314,1083
22939,40.2,24.5,6478,5138
22940,30.3,20.5,1081,838
22942,36.2,23.6,9435,7613
22943,32.5,21.3,543,422
22946,31.6,24.8,182,149
22947,28.9,19.1,5000,4147
22948,37.1,26.2,252,194
22949,35.8,28.4,1322,1100
22952,39.4,24.0,1939,1586
22958,31.0,21.7,1981,1771
22959,30.0,20.0,1712,1381
22960,39.3,28.3,11067,8596
22963,38.0,21.5,16279,12932
22964,36.2,28.2,193,151
22967,36.6,28.2,1857,1516
22968,37.7,24.7,10632,8182
22969,34.8,25.8,1313,1056
22971,37.3,28.0,1709,1407
22972,38.4,26.6,391,318
22973,38.9,28.7,6588,5200
22974,38.3,22.5,5427,4552
22976,34.4,29.2,307,251
22980,39.2,27.1,33049,26111
22989,37.3,22.8,170,129
23002,39.5,30.7,10555,8465
23004,46.5,33.7,759,620
23005,33.9,22.7,17818,14232
23009,35.1,23.2,7737,5916
23011,36.3,21.3,1555,1376
23015,34.2,20.9,4590,3572
23021,36.8,26.0,78,66
23022,45.3,29.7,910,711
23023,41.0,29.7,395,330
23024,36.9,25.2,9108,7169
23025,37.3,26.8,531,450
23027,38.1,26.4,1345,1099
23030,42.5,31.8,4678,4052
23032,40.3,27.8,252,218
23035,35.8,26.4,1410,1184
23038,38.9,26.6,1935,1553
23039,34.5,21.4,1124,913
23040,41.7,30.1,4555,3629
23043,37.2,26.4,1627,1419
23045,34.1,26.4,133,113
23047,34.6,22.3,2064,1690
23050,36.3,26.4,671,554
23055,42.5,29.8,831,681
23056,36.7,25.7,425,345
23059,27.1,16.3,40249,29199
23060,30.1,19.2,38288,29413
23061,36.0,23.6,22256,17839
23062,36.7,25.1,2652,2144
23063,36.4,23.5,5527,4515
23065,36.2,24.1,1602,1273
23066,32.6,24.5,578,502
23068,36.2,27.5,241,216
23069,37.1,24.0,3835,3153
23070,36.7,27.3,463,395
23071,38.2,27.0,1567,1313
23072,35.9,23.9,12312,9851
23075,41.4,29.0,10236,7769
23076,34.5,24.1,433,365
23079,41.2,28.9,401,326
23083,38.0,28.1,2180,1717
23084,40.9,27.4,1842,1457
23085,41.2,31.9,384,326
23086,36.3,25.3,3416,2655
23089,34.4,22.0,5507,4392
23091,40.1,30.9,329,277
23092,38.7,28.4,657,579
23093,38.1,27.1,14170,11057
23102,34.7,21.7,3195,2590
23103,31.7,19.1,5836,5002
23106,36.3,23.7,960,751
23108,38.0,28.3,149,115
23109,34.4,25.6,1806,1526
23110,40.0,29.2,687,592
23111,34.1,23.2,38151,29882
23112,34.3,19.7,54592,40725
23113,31.3,17.1,26190,20242
23114,32.4,18.5,21160,15877
23116,31.9,19.1,32410,24448
23117,37.1,26.0,10324,8490
23119,34.8,23.5,289,244
23120,33.2,17.2,14424,9789
23123,43.1,32.2,1827,1464
23124,35.4,21.7,4879,3749
23126,43.1,31.7,459,372
23128,35.4,26.0,707,603
23129,33.5,21.0,300,238
23130,35.0,26.7,163,140
23138,35.8,26.6,1156,976
23139,36.3,22.2,27015,21014
23140,37.9,25.3,5956,4761
23141,34.2,21.0,7739,6109
23146,33.0,21.0,3151,2539
23148,42.3,31.1,1504,1227
23149,37.1,25.1,3031,2565
23150,36.9,26.2,12556,10060
23153,35.7,22.0,1609,1223
23156,40.5,29.3,1472,1235
23160,48.4,31.4,1009,1009
23161,44.9,32.0,130,110
23163,34.2,27.0,186,151
23168,33.7,19.6,8624,6474
23169,40.1,28.0,1077,902
23173,17.3,10.6,2098,2089
23175,38.1,26.6,1931,1633
23176,37.8,26.7,732,610
23177,39.5,28.8,612,494
23180,38.8,25.5,438,361
23181,34.4,23.8,5626,4339
23185,32.1,20.8,51566,42710
23188,32.0,21.0,45438,36980
23192,34.2,22.9,6592,5349
23219,33.6,21.6,5307,4933
23220,31.9,21.2,36942,33433
23221,29.6,15.1,14841,12995
23222,41.8,29.2,24337,19477
23223,41.7,28.7,51960,40976
23224,43.6,34.4,39468,29816
23225,37.6,25.0,40876,33308
23226,28.8,15.9,16955,13537
23227,35.7,24.0,25283,20895
23228,35.0,24.4,36384,29191
23229,30.4,19.2,34471,26074
23230,31.5,19.8,8263,7204
23231,38.7,24.7,37455,29486
23233,26.8,15.1,32610,24973
23234,42.6,32.4,46610,34738
23235,34.2,21.5,34058,26909
23236,35.0,21.6,27516,21701
23237,40.6,29.7,24906,18639
23238,30.4,19.6,26200,20921
23284,30.5,28.2,3074,3036
23294,30.6,21.8,18538,14651
23301,45.5,42.6,1600,1248
23302,43.0,39.4,78,54
23303,42.9,39.9,685,568
23304,30.9,22.8,101,76
23306,39.0,31.5,1066,866
23307,44.8,33.9,547,438
23308,40.3,33.9,2068,1627
23310,39.7,29.7,5260,4282
23314,35.8,21.4,9523,7275
23315,37.1,27.2,1479,1214
23316,38.9,28.9,107,84
23320,39.7,23.1,60412,48063
23321,39.8,22.0,37752,28304
23322,36.7,19.0,66994,50596
23323,41.3,23.4,42736,31114
23324,46.6,30.7,24239,17711
23325,43.4,27.7,17601,13721
23336,35.2,26.9,3345,2917
23337,36.6,28.8,524,411
23347,40.9,31.4,447,395
23350,40.5,31.9,3433,2790
23354,38.9,31.7,327,271
23356,34.5,24.5,1736,1471
23357,44.1,38.2,730,500
23358,36.3,28.1,123,115
23359,40.2,33.4,653,469
23389,38.6,29.3,180,150
23395,36.6,24.8,922,808
23398,37.1,28.7,83,67
23401,38.1,29.1,168,125
23405,40.7,31.8,1075,884
23407,40.4,33.6,313,239
23409,39.6,34.5,149,111
23410,40.5,31.5,2440,1911
23413,40.1,34.7,799,675
23414,40.7,31.4,96,69
23415,41.5,31.5,2021,1558
23416,41.9,36.2,330,265
23417,38.4,31.9,3625,3054
23418,38.9,32.1,1010,798
23420,43.9,34.9,2387,1870
23421,43.9,39.8,4172,3213
23422,39.9,29.7,226,180
23423,39.4,35.5,384,312
23426,40.0,38.1,140,118
23427,40.4,36.9,173,153
23430,37.0,24.5,18232,14478
23432,41.0,25.7,1539,1235
23433,34.2,19.7,1291,1099
23434,44.2,28.3,51430,39221
23435,40.5,23.1,32597,24559
23436,36.7,20.2,962,773
23437,41.6,27.4,4448,3496
23438,39.3,24.5,1839,1475
23440,36.7,30.4,438,362
23442,45.0,38.7,1074,862
23451,34.5,19.2,44879,37118
23452,37.5,23.2,59076,46279
23453,36.9,22.7,36292,26929
23454,36.2,20.9,58665,45318
23455,35.6,21.6,50599,40327
23456,35.1,20.3,59454,44938
23457,38.0,23.2,4481,3534
23459,27.4,16.0,1055,1016
23460,24.2,13.9,1227,1203
23461,29.3,17.8,603,603
23462,39.4,24.8,68045,52914
23464,36.3,22.5,75118,57922
23480,39.3,34.6,331,293
23486,36.7,29.1,148,128
23487,37.0,25.1,6397,4998
23488,47.2,35.8,173,136
23502,42.3,28.7,20547,16523
23503,38.8,24.0,31932,25295
23504,47.8,34.6,22465,17256
23505,39.8,26.6,27785,21832
23507,31.4,15.1,6460,5551
23508,36.2,22.1,20485,17220
23509,42.0,27.8,12963,10347
23510,37.0,22.5,8778,7663
23511,32.7,22.0,12831,12398
23513,43.3,29.5,29105,22724
23517,35.6,18.4,5237,4558
23518,37.8,24.1,30278,24211
23523,53.2,40.7,7061,4945
23551,30.5,19.4,2054,1948
23601,38.8,25.8,25729,20343
23602,38.5,25.8,42004,32851
23603,36.8,21.6,3526,2565
23604,34.2,22.0,5160,3759
23605,44.7,32.6,14053,11152
23606,37.4,24.8,31684,26140
23607,48.9,37.8,23498,17589
23608,42.0,29.4,43943,32945
23651,29.2,18.2,494,444
23661,43.6,29.9,13771,10846
23662,33.1,20.4,12460,9593
23663,42.5,29.2,13374,10117
23664,36.5,22.4,10301,8298
23665,32.4,17.6,5935,3551
23666,39.5,25.9,52845,42563
23667,39.4,28.1,80,79
23668,36.5,25.9,739,725
23669,40.4,26.8,41030,32446
23690,37.2,26.0,3937,2904
23691,23.0,13.5,577,515
23692,30.8,18.8,19539,15362
23693,30.7,18.2,23814,18012
23696,31.2,18.6,3805,2964
23701,39.1,28.4,24629,19943
23702,42.3,32.2,12239,9002
23703,38.1,26.5,26388,20475
23704,44.0,34.6,19505,15077
23707,40.9,30.9,14316,10857
23708,24.4,19.6,120,117
23709,27.7,21.5,624,623
23801,30.0,17.7,9874,7856
23803,43.8,31.2,44377,35565
23805,41.7,28.9,19656,16062
23821,44.8,35.0,1778,1522
23824,43.4,32.7,7021,5471
23827,39.7,27.1,1273,1030
23828,40.5,28.5,431,334
23829,43.8,30.9,2473,2233
23830,40.0,26.1,1678,1331
23831,37.2,23.2,37216,28407
23832,37.0,22.7,39640,29944
23833,38.1,26.3,2147,1690
23834,37.4,24.8,26635,20654
23836,36.4,22.6,14643,11013
23837,38.3,27.5,4109,3242
23838,35.3,20.9,16997,13621
23839,41.0,28.0,848,679
23840,39.9,26.9,1642,1347
23841,40.2,26.9,3509,2805
23842,38.5,25.8,7103,5566
23843,42.4,36.3,538,452
23844,41.2,28.9,691,523
23845,37.2,28.9,358,314
23846,38.7,27.0,872,717
23847,44.7,34.7,12768,9999
23850,39.3,28.1,1081,904
23851,42.0,31.0,13258,10325
23856,46.5,36.6,888,722
23857,39.2,31.0,399,366
23860,44.7,33.3,32139,25542
23866,37.2,26.2,2189,1748
23867,45.4,29.0,5298,4819
23868,47.1,36.5,6379,5474
23872,42.3,31.9,2322,1820
23874,38.4,26.2,986,784
23875,40.8,27.9,11791,9049
23876,43.4,34.9,435,343
23878,36.1,25.8,1162,910
23879,44.7,36.4,629,516
23881,41.4,29.0,1876,1535
23882,46.3,34.2,2219,1783
23883,41.6,30.5,2169,1818
23885,38.8,26.5,2779,2211
23887,39.3,33.4,529,469
23888,43.1,29.6,2124,1749
23889,44.9,37.3,569,448
23890,45.4,32.2,3988,3248
23891,48.6,28.1,1917,1912
23893,39.3,29.0,419,346
23894,39.1,27.4,626,478
23897,45.4,31.6,563,470
23898,37.1,26.2,2186,1779
23899,39.7,30.9,292,254
23901,39.6,29.7,14967,12467
23909,30.5,20.6,1329,1329
23915,44.3,30.1,1196,1034
23917,41.7,31.0,2704,2294
23919,37.7,27.3,2310,1970
23920,42.5,32.3,3182,2583
23921,42.0,31.3,2060,1590
23922,45.6,30.5,4300,3864
23923,41.5,32.0,2474,1931
23924,42.6,33.2,5538,4487
23927,39.4,30.0,4483,3786
23930,42.4,31.0,5231,4070
23934,41.1,28.9,811,575
23936,44.5,30.2,7850,6587
23937,43.7,34.5,1841,1462
23938,43.1,34.3,416,346
23942,41.5,30.1,1123,872
23943,30.2,17.5,759,742
23944,46.1,33.7,3620,2810
23947,44.8,36.8,4119,3278
23950,43.8,33.4,3482,2691
23952,45.6,38.0,219,179
23954,43.8,32.3,2030,1570
23958,41.8,31.9,3261,2557
23959,40.3,30.5,1127,888
23960,42.8,34.6,1823,1427
23962,42.4,32.8,660,501
23963,42.1,31.3,454,352
23964,42.2,33.1,997,853
23966,40.6,30.3,2449,1964
23967,43.6,34.3,840,672
23968,41.7,30.8,804,677
23970,43.0,33.2,8002,6319
23974,46.8,32.6,4700,3891
23976,39.7,32.0,187,156
24011,31.4,14.7,908,870
24012,41.0,30.6,30037,23686
24013,43.4,32.4,7835,5922
24014,36.7,24.6,16869,13559
24015,36.8,21.2,15973,12888
24016,43.6,30.8,9371,7737
24017,48.5,37.4,23902,17937
24018,32.8,20.6,39144,31087
24019,36.3,24.8,27630,21968
24020,20.6,13.8,524,516
24053,40.0,30.5,2356,1876
24054,42.8,33.8,6208,4897
24055,41.9,34.8,12236,9899
24058,33.6,24.2,316,265
24059,32.3,18.2,1037,834
24060,26.8,21.5,46755,39832
24061,20.6,19.5,9836,9790
24064,36.2,24.8,5017,4001
24065,35.4,27.1,6267,5001
24066,36.6,26.0,4787,3844
24067,36.8,29.7,2400,1891
24069,41.1,30.2,1805,1441
24070,35.4,23.7,1375,1159
24072,32.4,24.1,1450,1126
24073,29.8,21.3,32093,25370
24076,39.3,29.3,1050,856
24077,34.2,23.0,922,737
24078,41.7,32.8,7062,5502
24079,34.0,26.6,1631,1316
24082,42.9,30.9,412,339
24083,31.9,22.6,3814,3116
24084,35.7,27.5,10894,9120
24085,39.0,30.4,2220,1786
24086,37.0,27.2,198,169
24087,32.1,24.8,3604,2834
24088,33.9,27.1,4805,3973
24089,45.5,38.1,2388,1936
24090,36.1,24.4,4712,3873
24091,33.4,26.8,7416,5977
24092,35.4,28.3,2999,2352
24093,36.9,26.8,185,156
24095,37.5,26.3,4275,3501
24101,33.2,24.6,6490,5364
24102,37.7,30.7,1508,1230
24104,37.2,27.1,3551,2966
24105,32.9,25.0,449,344
24112,42.9,33.2,30978,25003
24120,38.7,30.6,1858,1504
24121,35.1,26.3,10537,9034
24122,38.2,28.4,1624,1339
24124,36.2,26.7,4370,3388
24127,36.8,26.1,3980,3239
24128,36.3,26.4,1767,1433
24131,38.3,26.6,106,93
24132,35.9,26.8,460,383
24133,40.9,30.4,2345,1911
24134,36.3,27.2,5638,4470
24136,36.6,26.9,3259,2644
24137,36.2,29.6,2506,2061
24138,31.3,23.3,1445,1152
24139,44.8,39.3,560,464
24141,35.1,25.6,20308,16906
24142,28.1,20.7,2608,2599
24147,35.6,28.5,1088,901
24148,41.5,31.3,7633,6147
24149,30.9,22.9,3632,2816
24150,36.5,27.7,691,589
24151,36.5,29.1,18785,14782
24153,34.9,23.9,38728,31500
24161,46.0,40.8,393,327
24162,33.7,27.5,2254,1758
24165,41.5,30.7,1655,1348
24167,36.3,26.5,329,262
24168,41.4,35.5,214,188
24171,39.5,30.3,8090,6829
24174,37.7,28.1,2362,1929
24175,34.9,22.8,8165,6535
24176,33.1,24.6,1527,1328
24179,36.3,25.9,19024,15079
24184,34.6,26.6,4582,3693
24185,38.8,30.1,796,653
24201,39.6,30.7,16267,12973
24202,38.6,27.4,12716,10277
24210,39.0,27.0,17284,14247
24211,37.3,25.7,9864,8057
24216,47.6,38.1,2441,1889
24217,40.8,35.9,407,340
24219,43.1,30.0,10429,8463
24220,41.4,34.2,621,474
24221,40.3,31.4,785,655
24224,40.2,32.1,5438,4338
24225,41.8,36.0,1674,1388
24226,39.0,34.5,1260,996
24228,38.9,32.7,6418,5194
24230,43.7,34.4,7708,6164
24236,39.9,30.4,2984,2389
24237,42.2,38.4,1108,878
24239,38.9,34.7,90,81
24243,40.9,31.4,1867,1471
24244,40.1,33.4,5398,4500
24245,41.1,34.3,1000,817
24246,41.5,29.3,399,280
24248,40.6,33.4,2181,1819
24250,40.0,34.7,1209,1003
24251,37.9,29.5,8405,6817
24256,38.9,32.6,3124,2566
24258,36.6,27.6,1259,1050
24260,40.7,34.0,5072,4043
24263,41.5,32.2,5770,4527
24265,43.2,35.7,703,558
24266,38.5,28.4,8705,7030
24269,40.7,36.8,225,176
24270,42.3,33.3,455,347
24271,37.1,29.2,2538,1990
24272,41.2,35.5,517,394
24273,41.6,32.2,5730,4522
24277,46.2,38.0,6463,5384
24279,44.8,32.9,4693,3885
24280,37.7,27.6,772,647
24281,41.2,33.0,2279,1833
24282,43.0,35.8,454,344
24283,44.6,35.9,2133,1720
24290,39.2,35.1,1777,1481
24292,40.4,31.7,352,317
24293,40.8,28.7,9442,7627
24301,37.3,30.1,14040,11250
24311,38.3,30.6,1705,1394
24312,42.4,31.9,2161,1737
24313,42.4,33.3,923,734
24314,36.9,27.0,1332,1108
24315,37.2,25.8,3548,3015
24317,42.8,31.3,3756,3006
24318,36.7,27.8,601,498
24319,38.0,29.5,6500,5215
24322,37.8,24.9,190,154
24323,36.9,25.2,692,531
24324,36.9,28.5,2012,1652
24325,39.7,29.9,975,829
24326,40.2,34.2,1019,890
24327,24.2,15.3,684,677
24328,41.2,30.7,1999,1705
24330,41.4,34.0,3056,2489
24333,40.7,33.1,17309,13886
24340,38.7,26.7,5319,4195
24343,40.4,28.9,8849,7153
24347,36.8,29.1,1767,1461
24348,42.4,33.8,4725,4050
24350,40.9,32.0,1173,945
24351,41.7,30.8,528,448
24352,39.6,32.0,929,777
24354,38.3,30.6,14446,11583
24360,40.0,29.5,5653,4500
24361,38.9,26.6,4555,3695
24363,39.8,31.8,1242,1082
24366,37.1,28.3,631,543
24368,38.3,26.9,4896,3849
24370,37.9,30.6,5832,4723
24374,37.5,26.1,705,567
24375,39.1,32.4,1451,1170
24377,40.3,27.1,278,227
24378,39.0,32.7,1065,915
24380,34.2,28.5,2696,2147
24381,41.6,30.3,3657,2955
24382,38.9,28.2,14109,11448
24401,37.6,25.3,38522,31283
24412,37.4,35.9,106,98
24413,34.7,25.4,220,195
24415,36.2,27.7,63,58
24416,36.2,27.1,8888,7206
24421,39.4,23.7,3723,2984
24422,40.8,31.1,5821,4747
24426,39.7,29.5,13695,10972
24430,47.0,29.6,2858,2534
24431,42.1,27.6,2712,2164
24432,43.5,31.9,283,258
24433,34.4,25.2,96,76
24435,34.5,25.2,1695,1384
24437,41.5,28.1,1048,811
24439,37.5,29.6,1119,898
24440,43.2,27.5,2742,2194
24441,36.9,25.8,6327,4952
24442,33.1,23.3,88,74
24445,38.8,31.7,2289,1893
24448,39.2,28.9,311,258
24450,31.0,22.3,17654,15032
24457,37.0,30.9,372,313
24458,33.4,24.9,364,303
24459,42.0,29.3,734,597
24460,37.9,31.1,1493,1249
24464,33.2,26.9,138,116
24465,33.0,25.2,1305,1108
24467,41.1,24.9,2204,1788
24471,32.2,23.0,1471,1164
24472,38.2,27.3,2501,1996
24473,36.3,29.8,871,738
24474,38.6,28.9,360,301
24476,42.2,28.4,315,259
24477,40.6,25.2,11269,8884
24479,40.2,25.3,1485,1198
24482,40.2,23.5,5200,4222
24483,35.4,26.6,670,554
24484,38.1,31.6,699,587
24485,43.2,31.6,438,353
24486,41.1,24.4,3826,2893
24487,37.4,30.3,286,251
24501,41.0,28.9,27160,21322
24502,35.3,23.7,41058,33157
24503,34.5,20.8,19810,15702
24504,42.8,30.7,9585,7531
24515,23.7,14.2,6685,6652
24517,38.0,30.6,5306,4216
24520,38.9,30.3,2308,1888
24521,39.6,29.7,9902,7989
24522,38.9,28.3,10041,7802
24523,39.6,31.2,18992,15389
24526,39.7,30.0,1408,1127
24527,42.2,31.2,2796,2237
24528,38.9,32.4,2994,2359
24529,40.1,29.3,1532,1277
24530,43.1,36.6,1062,849
24531,43.8,35.6,8836,7417
24534,42.5,36.3,1471,1251
24536,35.5,20.0,317,236
24538,37.5,28.3,4729,3704
24539,39.6,31.8,124,100
24540,42.4,35.6,32094,25151
24541,39.7,32.6,27529,22140
24549,40.1,29.9,4121,3175
24550,35.5,25.9,7772,6023
24551,34.5,22.3,25601,19850
24553,39.8,29.2,1827,1494
24554,38.6,31.4,3952,3102
24555,35.0,27.4,2012,1586
24556,36.8,25.8,3357,2645
24557,43.8,38.5,7550,6144
24558,40.7,34.4,6036,4923
24562,42.2,32.8,467,388
24563,44.1,38.7,5028,4090
24565,46.7,41.0,907,772
24566,39.7,28.9,1325,1053
24569,44.0,36.8,938,784
24571,36.8,29.3,1904,1605
24572,40.0,29.0,16399,12892
24574,38.8,28.1,3868,3077
24577,39.5,33.3,4821,3790
24578,33.2,24.1,1043,860
24579,35.4,27.7,1304,1023
24580,39.8,28.9,582,453
24586,40.4,30.0,5124,4121
24588,36.0,26.7,9196,7459
24589,38.5,30.5,2092,1653
24590,36.6,24.1,7909,6213
24592,41.3,33.9,13453,10652
24593,37.7,26.2,2132,1627
24594,40.4,31.4,1595,1262
24595,26.2,19.8,522,468
24597,43.8,40.1,1171,945
24598,37.6,28.9,1785,1423
24599,40.3,30.3,621,502
24601,41.4,30.7,59,52
24602,41.0,33.5,787,616
24603,43.5,43.6,804,674
24604,46.7,36.4,167,143
24605,40.0,30.1,9104,7519
24606,41.8,35.7,158,125
24607,36.0,30.8,322,252
24609,39.5,29.9,6620,5396
24612,43.1,34.9,293,261
24613,40.9,31.1,849,682
24614,38.6,33.9,7252,5817
24620,41.1,37.6,2208,1798
24622,42.0,37.2,987,820
24630,40.7,31.1,5971,4737
24631,39.6,30.1,2578,2295
24634,42.1,37.9,446,385
24635,44.7,32.7,766,679
24637,40.4,29.2,3302,2604
24639,40.8,33.9,3099,2548
24641,42.7,34.1,5377,4294
24646,38.0,32.6,607,488
24649,41.1,34.6,2242,1870
24651,39.0,28.2,5976,4885
24656,38.1,33.4,2875,2421
24657,41.5,38.2,258,214
24701,42.0,35.7,19137,15264
24712,34.2,28.0,2174,1855
24714,38.4,28.7,323,262
24715,41.5,35.1,359,283
24716,44.4,37.9,317,262
24719,45.3,36.6,154,124
24724,40.6,34.9,158,130
24726,43.0,36.2,610,477
24729,36.5,28.4,172,148
24731,43.5,39.8,202,168
24733,37.6,28.5,314,258
24736,38.5,31.1,592,465
24737,40.9,35.4,1314,1054
24739,40.3,34.0,13670,10916
24740,41.1,35.7,16238,12851
24747,42.0,37.4,2734,2200
24801,48.1,41.9,5143,4479
24808,47.1,46.9,444,360
24811,46.9,45.9,685,524
24813,45.2,44.7,262,224
24815,45.6,44.2,315,254
24816,51.0,50.4,184,149
24817,43.3,40.9,1383,1089
24818,42.3,35.4,1109,854
24822,43.2,36.9,1086,830
24823,46.2,48.0,317,258
24826,43.4,44.7,98,82
24827,47.9,48.1,1058,839
24828,49.5,49.4,602,480
24830,46.8,47.0,160,141
24831,49.7,48.9,265,209
24834,45.5,42.9,327,256
24836,46.8,47.2,522,453
24839,45.1,40.2,620,520
24843,51.8,50.7,104,76
24844,48.4,47.0,1585,1246
24845,46.6,42.2,525,402
24846,43.6,43.6,316,249
24847,43.9,37.6,259,201
24848,43.9,48.8,82,66
24849,43.6,35.9,278,223
24850,43.7,40.1,90,73
24851,40.0,39.0,324,275
24853,46.5,43.0,725,609
24854,47.3,44.9,860,630
24857,45.2,41.7,1443,1150
24860,42.9,37.3,536,443
24861,51.3,48.7,138,117
24862,48.3,50.0,588,477
24866,44.2,42.0,434,355
24867,43.5,43.4,364,304
24868,49.0,46.8,917,727
24869,44.5,39.4,470,362
24870,42.3,34.9,1852,1432
24871,47.1,45.2,540,449
24872,48.5,50.1,799,653
24873,42.9,40.0,448,347
24874,45.6,41.8,2069,1674
24878,47.8,48.9,382,306
24879,45.9,44.1,399,310
24880,43.9,42.7,248,206
24881,50.3,48.3,400,316
24882,49.9,46.7,501,393
24888,46.3,47.7,127,93
24892,47.0,44.9,1271,1008
24894,44.1,44.0,470,399
24898,46.7,44.3,330,292
24901,38.0,31.3,9145,7506
24910,41.1,36.4,4519,3763
24915,41.8,39.9,515,434
24916,40.5,34.7,412,333
24918,40.8,33.2,1625,1268
24920,40.6,37.3,269,229
24924,39.9,35.4,465,393
24925,38.9,31.5,1042,830
24927,42.7,39.6,369,291
24931,39.8,33.6,1508,1198
24934,41.9,39.3,489,395
24935,38.4,35.8,512,406
24938,38.8,30.6,1477,1185
24941,43.8,39.7,1000,788
24943,40.9,33.9,115,98
24944,42.7,39.6,448,353
24945,40.9,34.6,400,325
24946,38.7,33.6,1289,1109
24951,40.9,34.5,1763,1424
24954,41.1,38.8,3079,2526
24957,39.2,30.8,538,427
24962,37.0,38.7,104,97
24963,41.2,35.1,3697,2944
24966,42.4,38.5,1201,1012
24970,41.3,35.9,3976,3154
24974,42.7,39.6,203,168
24976,43.0,37.2,1008,801
24977,40.5,34.6,465,375
24981,38.6,36.8,529,447
24983,41.4,36.0,1756,1449
24984,41.2,37.9,145,122
24985,40.3,35.5,299,229
24986,38.8,32.6,4529,3735
24991,42.9,36.8,451,363
25003,43.0,32.5,2272,1783
25005,42.1,35.3,241,208
25007,48.7,49.1,538,408
25008,47.5,46.7,243,186
25009,47.5,35.9,1029,826
25011,40.1,33.7,739,596
25015,40.4,34.1,4043,3185
25019,44.1,42.4,538,433
25021,51.1,46.9,260,203
25022,47.8,40.9,87,80
25024,46.4,35.7,455,363
25025,42.7,34.7,139,129
25028,52.2,44.3,308,246
25030,42.7,40.3,394,290
25031,41.1,37.2,832,664
25033,40.3,32.9,2117,1703
25035,40.6,36.4,964,792
25036,42.2,36.8,318,270
25039,40.7,36.5,921,747
25040,39.4,36.0,478,390
25043,42.1,39.3,1247,945
25044,49.6,48.5,221,160
25045,43.2,39.8,4770,3768
25047,46.6,38.2,281,235
25048,47.9,50.3,282,221
25049,46.5,36.8,705,546
25051,47.0,33.7,170,126
25053,46.3,36.0,4227,3343
25054,41.6,38.1,225,164
25057,45.5,40.3,264,219
25059,41.5,37.8,424,352
25060,46.0,46.2,207,158
25061,42.8,37.4,681,522
25062,47.8,48.5,165,127
25063,40.3,37.0,1417,1145
25064,42.3,33.5,9229,7547
25067,42.8,38.1,913,734
25070,40.1,33.4,1873,1434
25071,39.8,32.2,10505,8393
25075,43.2,37.6,602,484
25076,47.0,43.6,279,226
25081,44.9,32.9,1211,993
25082,39.1,29.4,1988,1475
25083,42.7,37.7,475,362
25085,40.0,34.3,650,505
25086,40.1,38.8,792,647
25088,44.0,41.1,100,90
25090,39.4,37.3,238,198
25093,45.5,31.1,159,127
25102,44.7,38.1,265,186
25103,44.0,39.6,358,290
25106,40.7,35.2,518,432
25107,42.5,37.6,552,431
25108,45.7,34.1,599,466
25109,40.1,33.0,527,435
25110,40.6,38.7,436,342
25111,43.7,43.3,480,394
25112,30.7,22.5,245,236
25113,40.3,38.2,763,625
25114,46.8,36.5,530,388
25115,42.7,40.5,77,62
25118,43.7,41.0,474,405
25119,42.1,38.0,367,279
25121,43.0,35.8,899,704
25123,42.5,37.5,3287,2583
25124,41.2,33.5,1219,986
25125,44.1,41.9,878,705
25126,42.9,39.6,170,148
25130,46.1,35.4,3437,2764
25132,41.9,37.5,273,207
25133,41.5,38.3,711,559
25134,41.6,36.6,494,413
25136,43.3,41.1,1366,1138
25139,43.6,38.8,245,185
25140,47.9,48.2,939,721
25141,41.1,35.9,218,159
25142,47.2,37.2,345,272
25143,40.0,32.3,8792,6984
25148,48.2,38.5,314,255
25149,49.0,37.8,245,208
25152,42.0,38.8,306,257
25154,47.7,37.6,778,583
25156,38.2,26.1,59,50
25159,42.1,35.1,4777,3750
25160,43.3,37.0,238,188
25161,43.5,39.8,489,383
25162,43.4,38.3,483,397
25164,41.3,37.6,1136,867
25165,45.0,36.5,566,441
25168,40.3,33.0,2280,1807
25169,47.0,37.1,395,312
25173,44.0,42.6,304,247
25174,48.9,46.2,408,303
25177,41.3,34.1,22870,18234
25180,44.9,41.6,103,87
25181,47.7,37.9,1503,1189
25183,43.6,38.0,83,72
25185,43.8,32.2,1093,1091
25186,39.8,36.3,756,609
25187,42.1,36.8,690,566
25193,46.7,38.8,311,254
25201,41.8,37.9,111,103
25202,41.2,31.5,1445,1110
25203,49.9,37.3,107,85
25204,49.8,44.3,166,118
25205,47.5,40.0,246,206
25206,49.7,43.5,305,234
25208,51.6,46.5,779,641
25209,47.6,41.9,953,753
25211,43.0,40.3,109,86
25213,37.7,27.1,6214,4764
25214,41.0,36.7,477,383
25231,45.5,34.7,78,50
25234,40.7,40.1,939,760
25235,40.4,40.7,983,746
25239,39.6,30.4,1674,1331
25241,40.7,29.8,1668,1313
25243,42.0,39.3,924,724
25244,44.8,38.6,680,561
25245,39.9,31.2,916,734
25247,42.1,38.2,487,397
25248,43.3,35.4,2849,2266
25251,39.9,36.5,491,387
25252,44.0,37.5,1089,880
25253,40.2,34.2,1943,1532
25259,41.5,36.7,770,590
25260,42.9,40.8,1404,1120
25261,42.0,41.4,254,202
25262,39.5,29.1,771,594
25264,41.8,33.1,404,333
25265,39.6,34.6,1457,1120
25266,40.1,37.7,658,551
25267,43.2,37.1,658,546
25268,40.6,39.7,593,495
25270,40.5,38.7,849,684
25271,43.1,35.1,8893,6937
25275,43.0,34.2,2087,1639
25276,42.2,40.8,7226,5746
25285,41.0,35.9,703,551
25286,42.5,38.8,1407,1078
25287,43.6,38.4,1376,1206
25301,46.1,38.9,2908,2547
25302,42.8,34.2,14307,11716
25303,38.6,26.6,6946,5491
25304,36.2,26.7,8466,7200
25306,40.1,32.8,6493,5396
25309,41.4,34.7,13146,10624
25311,42.3,34.7,9487,7809
25312,41.7,35.4,8823,6976
25313,38.6,27.8,12546,10027
25314,34.2,21.8,14673,11356
25315,42.5,38.4,3016,2478
25320,41.5,36.0,5447,4356
25387,46.5,39.1,5215,4027
25401,42.3,37.8,15086,11630
25403,38.6,30.7,15316,11528
25404,39.5,32.2,23034,17610
25405,38.4,30.6,14294,10969
25411,39.2,33.0,12367,10125
25413,36.7,28.6,9299,7028
25414,38.5,26.4,19541,14948
25419,38.1,30.3,11781,9192
25420,38.0,28.0,4402,3431
25422,42.5,40.2,1634,1384
25425,38.6,25.5,13389,10572
25427,37.4,29.2,16219,12493
25428,38.1,29.7,12749,9633
25430,39.2,28.5,8343,6429
25431,37.8,34.4,322,269
25432,35.7,25.2,100,77
25434,39.1,33.3,2382,1968
25437,38.3,31.5,519,418
25438,41.6,31.9,7090,5359
25442,38.0,25.8,2080,1607
25443,34.9,22.9,7852,6486
25444,36.7,29.7,498,394
25446,37.9,25.3,1373,1065
25501,48.6,40.4,1092,838
25502,41.9,35.7,1062,827
25503,42.6,36.1,807,613
25504,44.6,31.5,12972,10496
25505,46.7,39.8,376,285
25506,46.5,36.5,5019,3850
25507,44.3,39.8,1102,851
25508,44.8,36.5,8930,7062
25510,41.8,29.5,5191,4092
25511,47.7,45.7,922,752
25512,44.6,39.9,1066,839
25514,45.7,41.0,3950,2931
25515,39.6,34.7,2062,1668
25517,46.4,41.7,1810,1380
25520,42.4,33.0,1443,1138
25521,48.1,41.2,1019,778
25523,43.5,35.0,2620,2055
25524,46.3,36.0,3437,2711
25526,37.1,26.2,22578,17200
25529,46.3,34.8,915,704
25530,43.0,34.9,5721,4492
25534,45.9,44.4,174,143
25535,42.2,34.3,2249,1794
25537,43.1,29.4,1818,1483
25540,46.3,40.0,285,254
25541,43.1,29.8,9364,7432
25545,42.9,30.0,4682,3646
25547,43.9,35.2,545,454
25550,41.4,37.0,8432,6639
25555,43.7,36.1,2073,1572
25557,46.8,37.3,1320,1034
25559,46.0,35.0,2095,1612
25560,36.3,25.2,9215,7241
25564,45.0,34.0,1213,894
25565,47.0,37.6,668,535
25567,45.8,33.8,894,658
25570,41.7,34.4,5898,4630
25571,45.2,36.1,1999,1569
25573,49.3,43.4,798,656
25601,45.8,41.1,4642,3773
25606,47.2,42.1,1060,786
25607,46.5,40.1,846,687
25608,39.9,39.3,1000,824
25611,42.9,33.6,689,498
25612,43.5,35.9,219,187
25617,48.2,44.2,250,196
25621,41.2,40.5,2104,1703
25624,42.6,36.6,396,317
25625,47.2,40.4,1528,1317
25628,46.7,40.0,478,378
25630,49.5,44.0,523,415
25632,43.6,36.7,740,568
25634,45.5,38.3,1457,1142
25635,43.1,35.6,1203,969
25637,47.9,43.2,983,827
25638,45.2,38.5,758,609
25639,47.8,44.4,579,457
25644,44.3,37.4,441,355
25646,44.3,41.5,677,572
25647,44.7,37.7,608,496
25649,44.0,37.3,1273,1036
25650,41.2,44.6,96,80
25651,44.7,43.5,969,731
25652,45.2,39.9,1472,1191
25653,45.5,36.2,228,181
25654,45.9,40.4,139,117
25661,44.4,43.4,5162,4140
25666,44.8,45.7,198,156
25667,43.8,40.9,545,426
25669,49.8,47.7,689,532
25670,44.3,43.9,3417,2680
25671,45.2,47.0,1450,1124
25672,44.4,45.0,266,208
25674,46.4,47.5,2656,2070
25676,44.6,43.8,1126,883
25678,45.1,45.5,1108,906
25685,44.7,45.2,527,406
25688,44.9,44.9,376,266
25690,42.5,42.0,489,371
25692,45.3,45.3,1231,946
25696,45.0,45.6,1290,1029
25699,49.3,47.6,130,115
25701,45.8,32.6,22342,18529
25702,49.0,38.4,7223,5839
25703,46.6,34.1,4950,4262
25704,43.1,32.9,14975,11789
25705,44.2,29.7,20552,16282
25755,40.8,31.4,1602,1592
25801,44.0,37.4,31369,24885
25810,45.7,39.1,80,61
25811,44.4,39.0,148,125
25812,40.1,38.2,1589,1234
25813,41.7,30.4,7017,5916
25817,44.4,38.4,514,387
25818,43.8,36.7,486,394
25820,38.2,28.2,450,354
25823,43.1,38.3,1044,825
25825,41.6,34.8,2045,1604
25826,43.8,35.3,345,284
25827,39.6,32.7,2077,1651
25831,40.7,36.7,1464,1129
25832,40.7,33.2,4487,3527
25836,42.0,34.4,813,626
25837,34.8,27.2,380,298
25839,42.4,37.4,974,738
25840,39.8,33.6,7290,5732
25841,38.0,29.1,536,427
25843,43.8,38.7,936,757
25844,44.3,39.4,1219,981
25845,43.4,36.5,674,538
25846,43.3,39.9,124,103
25848,43.5,36.3,329,260
25849,45.6,36.2,263,206
25853,43.6,36.5,224,190
25854,39.4,33.4,867,679
25855,40.0,38.0,340,283
25857,42.5,40.0,167,131
25862,38.7,32.8,244,201
25864,40.2,39.2,119,98
25865,44.3,37.9,1649,1278
25866,41.0,36.9,322,253
25868,37.1,28.0,408,323
25870,43.3,35.8,215,184
25871,45.7,41.6,922,686
25873,46.2,42.2,582,473
25875,41.7,36.0,567,447
25876,39.2,31.2,67,56
25878,42.4,35.6,1192,921
25879,39.2,32.3,203,158
25880,43.9,39.0,5340,4203
25882,44.4,36.2,1746,1362
25901,40.8,35.8,10338,7958
25902,40.3,35.5,362,287
25904,40.1,34.2,675,538
25907,44.2,40.0,120,97
25908,46.7,38.2,82,64
25909,43.6,37.2,494,400
25911,46.4,40.5,250,184
25913,42.0,34.6,284,214
25915,43.0,36.5,275,207
25916,42.7,36.7,117,100
25917,41.0,35.4,1887,1464
25918,39.5,30.0,4517,3471
25920,42.9,37.2,211,158
25921,43.0,37.3,2663,2106
25922,41.2,38.8,212,169
25928,45.6,37.3,405,292
25932,43.6,37.3,224,173
25938,40.8,37.1,1403,1124
25942,36.4,26.9,176,126
25951,39.5,38.7,5024,4109
25958,46.6,45.1,633,477
25962,43.0,41.0,3273,2638
25966,41.5,40.8,123,93
25969,39.2,37.4,1177,937
25971,38.3,31.9,1072,838
25972,46.3,44.1,352,272
25976,41.7,40.2,2035,1643
25977,43.2,38.7,62,53
25978,39.2,38.2,609,495
25979,39.1,37.1,744,596
25981,43.2,42.2,738,605
25984,44.5,43.8,1650,1246
25985,40.1,40.5,384,318
25986,42.6,39.6,362,308
25989,37.6,30.4,319,239
26003,39.7,30.5,40591,32732
26030,41.3,35.0,553,460
26031,40.0,35.3,1790,1400
26032,33.4,22.1,994,897
26033,37.4,32.6,2597,2079
26034,42.7,31.7,4451,3614
26035,38.8,26.5,2295,1841
26036,38.3,32.6,437,337
26037,39.5,29.4,6365,5223
26038,35.2,29.3,2793,2280
26039,38.0,33.2,847,652
26040,41.6,38.9,1767,1392
26041,38.5,34.7,15147,12331
26047,44.7,33.3,5718,4690
26050,46.4,37.4,1334,1057
26055,40.3,36.6,1516,1207
26056,45.2,32.4,309,242
26059,39.5,29.1,3164,2501
26060,40.0,29.1,1616,1283
26062,43.6,31.5,21116,17205
26070,41.3,30.9,7820,6400
26074,27.4,19.6,1324,1270
26075,42.2,33.9,495,393
26101,46.8,38.1,28337,22075
26104,43.2,32.9,16763,13487
26105,40.5,28.6,12247,9957
26133,42.3,29.8,1395,1088
26134,42.0,35.2,749,602
26136,41.4,41.8,426,346
26137,42.2,39.2,811,674
26138,42.9,39.0,134,107
26141,41.5,37.6,392,314
26142,44.5,34.0,2455,1912
26143,43.6,35.5,4037,3180
26146,43.6,34.0,1100,906
26147,40.7,41.4,1711,1384
26148,44.4,41.7,158,131
26149,43.0,34.3,2140,1676
26150,42.9,31.4,5811,4574
26151,40.3,40.1,467,377
26152,42.1,41.0,129,112
26155,42.1,36.1,8095,6544
26159,40.5,33.1,2598,2056
26160,43.7,35.7,900,719
26161,44.6,42.0,374,315
26164,43.4,36.5,7674,6016
26167,45.0,40.5,738,600
26169,41.9,30.9,772,625
26170,44.2,33.1,6296,5132
26175,43.0,35.2,3077,2429
26178,43.7,40.6,402,350
26180,42.8,33.8,2199,1786
26181,40.7,27.7,5938,4752
26184,42.9,30.7,2237,1823
26187,40.8,27.7,6209,4911
26201,36.7,34.7,19008,15167
26202,42.7,36.6,568,462
26203,41.2,37.6,341,267
26205,41.3,35.3,3337,2665
26206,42.6,41.2,2623,2036
26208,43.6,40.1,850,676
26209,40.8,39.4,203,172
26210,35.9,34.7,95,81
26215,42.6,46.0,132,100
26217,45.6,46.1,286,248
26218,36.9,35.5,2680,2053
26222,45.0,46.7,477,384
26224,43.1,35.0,176,143
26228,35.4,38.1,110,95
26230,45.0,33.4,90,80
26234,37.1,36.6,1122,890
26237,38.3,38.1,574,430
26238,43.4,36.1,796,646
26241,45.5,33.1,13931,11307
26250,45.2,37.7,5448,4400
26253,46.0,31.6,3229,2526
26254,45.3,32.6,346,277
26257,45.1,32.0,701,545
26259,46.2,31.9,316,274
26260,38.7,32.4,1261,1073
26261,42.8,39.5,2300,1910
26263,42.5,32.8,405,325
26264,39.9,36.0,540,445
26266,44.1,39.9,239,198
26267,42.0,37.2,556,417
26269,39.6,33.3,1001,797
26270,45.0,31.9,666,536
26271,38.9,32.8,239,194
26273,51.8,37.8,1964,1773
26275,46.2,41.3,609,453
26276,43.1,31.8,398,335
26278,44.7,32.2,600,467
26280,51.1,42.3,1490,1155
26282,50.8,44.2,146,118
26283,44.5,32.6,1655,1296
26285,44.0,33.6,492,379
26287,40.1,33.5,2924,2334
26288,42.7,40.0,3439,2811
26291,41.0,39.7,174,153
26292,38.0,34.1,806,670
26293,44.9,32.4,540,435
26294,51.4,43.2,537,463
26296,42.3,33.6,123,106
26298,42.6,36.1,67,60
26301,42.0,33.1,28586,22615
26320,42.1,32.4,719,625
26321,39.5,33.7,332,246
26323,39.6,26.9,371,285
26325,42.8,39.3,255,197
26327,44.9,37.7,56,51
26330,36.7,24.6,15887,12449
26335,43.0,40.3,1100,894
26337,44.0,39.8,1006,817
26338,39.3,34.8,638,513
26339,43.8,36.3,206,163
26342,41.8,36.8,464,371
26343,39.0,35.0,538,410
26346,41.9,35.5,675,554
26347,43.1,35.1,2353,1806
26348,45.5,39.2,206,178
26349,43.4,34.3,181,139
26351,44.7,34.3,4264,3733
26354,42.9,35.8,10421,8320
26361,43.6,34.2,204,149
26362,43.6,39.8,2919,2338
26366,43.9,37.8,85,68
26369,42.5,34.0,596,489
26372,40.9,35.8,702,555
26374,38.6,31.6,1464,1138
26376,42.0,39.3,467,378
26377,43.1,38.2,584,464
26378,39.4,31.8,4246,3366
26384,42.8,36.5,396,332
26385,39.8,30.2,3380,2650
26386,41.1,31.4,1973,1553
26404,42.0,33.4,222,170
26405,41.6,33.7,1155,918
26408,40.7,28.9,2745,2227
26410,38.8,33.8,983,794
26411,42.0,35.6,703,574
26412,42.5,38.2,569,449
26415,41.6,33.7,3598,2998
26416,41.9,34.4,7026,5691
26419,43.5,39.1,761,606
26421,42.3,37.5,232,178
26422,38.4,28.1,332,266
26424,42.7,36.0,199,166
26425,37.3,33.8,994,788
26426,41.0,32.0,6849,5536
26430,42.8,34.9,396,309
26431,41.5,31.3,5759,4481
26435,44.0,37.1,87,65
26436,40.9,36.1,165,125
26437,44.3,39.2,419,336
26438,42.8,34.4,244,194
26440,41.4,35.7,1243,964
26443,42.6,36.2,229,176
26444,38.0,33.2,3228,2517
26447,41.8,36.8,1174,929
26448,42.7,34.5,1154,889
26451,39.4,30.1,449,339
26452,41.0,35.7,9861,7872
26456,40.7,35.1,3134,2486
26463,39.0,29.5,412,312
26501,34.8,25.0,19200,15801
26505,31.4,24.8,39057,34891
26506,20.2,13.4,1328,1328
26508,32.2,21.8,36907,28542
26519,38.2,31.6,1825,1464
26520,37.7,32.1,791,645
26521,32.8,25.7,242,198
26524,37.6,30.4,172,141
26525,39.3,29.4,8542,7364
26534,35.1,27.4,868,731
26537,36.8,31.1,5498,4351
26541,34.9,25.8,3337,2643
26542,36.1,30.5,2439,1916
26543,37.1,26.4,122,103
26544,30.9,27.0,135,106
26546,32.6,23.9,114,91
26547,37.8,30.8,2626,2079
26554,41.8,28.8,42133,33772
26559,41.3,27.8,1369,1068
26560,45.7,36.1,165,136
26562,40.4,36.6,621,508
26563,46.4,34.4,380,288
26568,38.6,28.9,467,363
26570,36.9,28.3,3278,2641
26571,44.1,32.7,1800,1413
26572,46.7,39.5,422,318
26574,45.6,33.5,672,475
26575,43.0,39.7,574,470
26576,46.2,33.7,601,471
26581,44.5,41.7,822,671
26582,45.2,36.3,4597,3713
26585,47.0,41.0,523,411
26586,42.3,29.5,88,76
26587,42.1,33.8,290,243
26588,44.5,33.2,2758,2185
26590,33.2,26.3,702,591
26591,45.8,34.9,1320,1040
26601,42.1,38.6,4220,3458
26610,39.4,32.0,1095,904
26611,43.6,36.0,214,161
26615,43.5,40.7,165,134
26617,42.3,35.4,231,197
26619,42.5,38.7,558,417
26621,43.1,40.8,694,560
26623,40.8,37.6,1048,867
26624,40.0,36.4,2507,2030
26627,41.5,40.7,368,287
26629,42.8,37.4,407,313
26631,44.1,42.1,217,181
26636,40.8,37.5,363,279
26638,42.6,37.3,222,171
26651,40.0,33.7,8774,7024
26656,40.9,39.6,474,344
26660,41.7,34.6,330,253
26662,41.5,38.7,658,532
26667,40.3,39.5,95,83
26671,44.3,37.7,309,272
26676,40.0,35.5,409,345
26678,40.5,32.5,1203,925
26679,40.5,32.9,1753,1414
26680,38.8,31.8,441,334
26681,41.6,35.6,1860,1466
26684,39.8,33.0,179,155
26690,41.3,38.0,468,394
26691,41.3,33.8,468,350
26704,39.3,32.8,5532,4331
26705,38.0,32.1,959,781
26707,41.3,31.8,226,200
26710,40.3,30.9,1967,1558
26711,40.2,34.0,2527,2043
26714,40.2,35.8,565,466
26716,37.5,33.5,656,540
26717,43.3,37.5,1063,832
26719,38.3,27.7,2375,1867
26720,40.7,31.2,186,156
26722,39.6,34.3,702,571
26726,38.8,30.0,13137,10485
26731,43.0,30.3,253,191
26739,42.9,31.3,749,624
26743,39.3,30.0,1436,1160
26750,46.2,39.9,726,557
26753,40.0,31.4,5991,4759
26755,39.4,30.8,571,447
26757,39.3,34.8,6218,4974
26761,39.8,31.6,637,526
26763,39.0,31.9,1577,1234
26764,39.3,35.2,4085,3299
26767,42.0,34.6,644,545
26801,40.0,35.3,1304,1095
26802,38.6,36.6,937,799
26804,38.9,36.5,480,386
26807,35.4,33.3,2426,1995
26808,40.3,36.2,814,685
26810,42.7,36.1,372,317
26812,43.4,38.2,1791,1425
26814,37.5,36.4,407,353
26815,37.4,37.0,581,470
26817,38.6,32.4,403,328
26818,44.9,36.7,986,703
26823,41.7,36.5,150,136
26833,42.5,31.5,2253,1788
26836,43.3,37.9,6331,4943
26845,37.7,28.2,823,636
26847,44.0,35.1,6014,4942
26851,40.6,33.2,2012,1646
26852,40.7,33.9,931,737
26855,42.1,33.6,654,522
26865,40.6,35.2,448,356
26866,35.6,32.2,776,667
26884,38.3,37.0,271,217
26886,38.5,39.1,185,150
27006,31.5,20.7,14963,12107
27007,40.3,27.1,2051,1624
27009,40.8,24.9,2860,2302
27011,36.2,26.3,5210,4128
27012,36.0,20.8,29954,23466
27013,36.3,25.9,6257,4916
27014,36.7,28.0,798,584
27016,37.2,27.3,1693,1424
27017,40.3,28.5,8976,7003
27018,35.5,24.6,7550,6038
27019,38.8,26.4,3768,3096
27020,39.3,32.4,6168,4797
27021,35.9,24.7,17345,13918
27022,37.7,28.0,1399,1151
27023,36.4,19.1,13214,10141
27024,40.2,28.0,2589,2045
27025,36.9,27.7,10769,8779
27027,36.0,29.5,4006,3355
27028,34.8,25.2,26479,20716
27030,41.7,30.6,36995,29382
27040,37.6,21.1,12409,9619
27041,38.9,25.4,7501,5910
27042,38.9,28.3,664,520
27043,37.3,23.6,6322,5070
27045,40.6,23.9,9548,7451
27046,40.0,30.3,1977,1591
27047,39.5,25.6,1169,918
27048,36.8,28.6,7910,6373
27050,38.5,23.0,3929,3152
27051,41.2,25.8,8195,6453
27052,39.2,28.3,9861,8059
27053,36.5,24.6,2883,2359
27054,36.8,24.7,2602,2027
27055,35.6,26.4,14109,11241
27101,45.2,29.1,21654,17833
27103,39.6,23.2,36023,28897
27104,36.1,20.1,30533,24430
27105,50.8,36.5,39977,29010
27106,39.2,23.2,49115,38451
27107,43.8,30.4,49834,36528
27109,25.0,15.2,3120,3102
27110,48.4,38.5,2138,2129
27127,41.8,26.5,39809,30543
27201,32.6,20.3,93,88
27203,42.2,31.8,21869,16445
27205,39.0,26.6,33562,26220
27207,32.3,24.5,3724,2942
27208,33.2,24.1,1790,1426
27209,42.0,34.7,4016,2956
27212,43.7,30.7,2667,2386
27213,35.8,26.1,83,58
27214,38.6,22.8,12417,9347
27215,36.9,22.9,44620,35193
27217,44.0,32.0,39556,29697
27229,40.7,31.7,3228,2348
27231,34.0,23.0,1939,1600
27233,36.3,23.0,3477,2817
27235,30.6,19.2,4876,3857
27239,37.3,28.6,8839,7216
27242,37.0,25.9,1807,1408
27243,31.2,20.6,4622,3653
27244,30.9,18.6,16671,14315
27247,38.1,30.2,111,95
27248,39.4,27.3,4535,3562
27249,36.4,22.2,13537,10758
27252,31.9,23.9,1584,1284
27253,38.5,24.4,32010,24934
27256,32.7,22.8,101,77
27258,39.0,25.3,7088,5487
27259,35.1,25.9,124,101
27260,46.8,38.8,24573,17677
27262,37.2,25.5,25253,20186
27263,38.1,28.6,21613,16923
27265,34.7,20.7,52530,41058
27268,24.0,14.5,1613,1595
27278,31.0,19.7,28846,22405
27281,36.3,25.6,3299,2574
27282,33.9,19.0,15966,12845
27283,35.8,22.2,3056,2538
27284,38.8,22.8,56859,44610
27288,38.7,30.2,23375,18609
27291,36.3,24.6,1559,1304
27292,37.9,28.9,39337,31114
27295,35.8,26.4,39042,30659
27298,39.6,27.6,10583,8290
27299,36.3,24.7,5057,3804
27301,38.8,23.3,10752,8225
27302,36.2,21.9,33237,25589
27305,40.2,28.9,1425,1158
27306,38.2,27.6,6399,5244
27310,32.3,16.5,8331,6130
27311,40.2,30.3,3321,2635
27312,29.1,19.8,21572,17839
27313,37.3,24.4,6792,5492
27314,35.1,24.1,1026,810
27315,38.7,30.2,1892,1549
27316,40.6,29.5,6664,5118
27317,40.9,28.7,17563,13644
27320,38.2,29.0,37843,30056
27325,36.9,28.7,5775,4395
27326,37.2,27.9,3679,2945
27330,38.3,27.9,39489,30109
27332,36.3,25.5,36020,26767
27340,39.9,26.3,149,129
27341,37.7,26.1,5235,4047
27343,36.9,26.3,1656,1371
27344,37.4,34.5,17834,13380
27349,36.9,23.1,6308,4957
27350,39.3,26.2,6550,5120
27351,32.2,22.2,71,53
27355,41.4,31.7,2688,2044
27356,39.0,29.7,2989,2306
27357,35.6,23.2,9190,7166
27358,32.8,18.2,15173,11359
27360,37.9,28.6,47165,36282
27370,38.4,25.5,15119,12072
27371,36.7,24.6,7284,5738
27374,36.2,31.9,376,281
27376,33.2,20.7,9317,7375
27377,37.4,20.4,11341,8559
27379,42.3,32.7,4463,3616
27401,43.0,28.9,21854,18218
27403,35.9,23.0,23679,20379
27405,44.6,31.3,51506,37791
27406,43.1,28.6,61597,46889
27407,39.6,26.5,49803,38412
27408,33.1,17.8,17896,14608
27409,37.4,21.5,17378,13912
27410,33.0,18.6,54968,44389
27411,39.4,27.0,1776,1769
27412,30.8,20.1,3353,3333
27455,34.1,18.1,30913,24365
27501,36.0,26.3,20918,15616
27502,27.0,15.0,45725,32298
27503,39.3,22.6,6012,5334
27504,35.4,25.5,16613,12518
27505,35.8,25.6,7005,5120
27506,24.0,16.2,1153,1140
27507,35.6,27.3,1813,1481
27508,43.7,29.3,2077,1735
27509,38.2,30.7,7650,6657
27510,28.5,16.5,14801,12302
27511,28.4,18.9,32786,25898
27513,26.2,15.2,46526,36580
27514,26.3,19.0,33809,29081
27516,27.8,17.4,45841,35843
27517,27.0,16.8,28837,23292
27518,26.2,15.1,21807,17543
27519,22.7,14.8,65923,45980
27520,34.5,22.0,46478,34802
27521,36.7,27.9,6345,4764
27522,34.4,23.1,13630,10390
27523,24.7,15.3,17320,12725
27524,35.5,25.8,13258,9884
27525,36.7,22.6,16684,12751
27526,30.7,19.0,56089,41763
27527,33.2,18.9,33827,23827
27529,32.9,20.7,54250,41378
27530,41.5,30.9,37470,29098
27531,24.6,15.6,584,583
27533,43.2,24.7,361,361
27534,37.9,26.2,30844,24087
27536,45.8,35.1,15998,12132
27537,41.5,29.6,23635,18295
27539,27.7,14.8,26326,18718
27540,28.1,14.8,44302,30211
27541,33.9,23.2,4026,3196
27542,35.9,26.7,9607,7361
27544,40.3,28.9,3824,3104
27545,35.3,23.5,32567,24344
27546,36.5,25.8,20637,16227
27549,40.2,28.1,24558,19397
27551,40.5,29.3,2052,1759
27553,45.9,35.1,1944,1606
27555,38.6,33.5,458,349
27556,41.7,28.0,139,100
27557,36.7,28.6,8336,6204
27559,30.8,21.2,2412,1921
27560,23.2,14.5,38959,29185
27562,27.9,15.5,3800,2670
27563,47.0,35.6,4970,4077
27565,38.3,29.4,24676,19451
27568,34.5,24.7,1187,900
27569,35.8,25.5,8854,6603
27571,30.2,16.1,8627,5871
27572,34.6,23.2,6652,5436
27573,42.1,33.0,11017,8534
27574,38.0,27.5,14320,11519
27576,37.2,28.1,17568,12942
27577,37.5,29.0,24972,19060
27581,34.3,23.5,3646,2814
27582,37.3,28.9,313,243
27583,37.0,24.6,7204,5620
27584,41.0,27.1,104,84
27587,29.4,16.7,76647,56038
27589,46.3,36.4,6927,5497
27591,33.4,22.1,24677,18532
27592,32.6,20.5,18115,13409
27594,44.9,32.1,63,54
27596,35.1,19.8,19023,14496
27597,35.8,25.4,27178,20609
27601,34.0,21.7,9965,8385
27603,31.0,19.5,54616,43511
27604,34.1,23.7,46076,35742
27605,27.4,14.7,6409,5889
27606,28.3,18.4,48343,40809
27607,26.2,16.5,27182,23569
27608,26.0,12.6,12018,9309
27609,28.6,17.2,36218,29408
27610,38.3,27.1,75164,55291
27612,27.7,15.6,39576,32835
27613,27.4,14.3,46969,36351
27614,28.2,16.0,35415,26743
27615,27.9,16.3,43010,34357
27616,33.4,21.2,56941,42082
27617,28.1,15.1,20968,16915
27695,24.0,19.9,1045,1031
27701,39.9,25.7,25208,20180
27703,38.4,23.9,61539,47596
27704,42.2,28.3,39532,29381
27705,33.2,20.8,50472,41778
27707,36.6,21.7,49787,39630
27708,47.0,37.2,3419,3395
27712,35.0,21.4,21683,17307
27713,33.9,17.7,54988,43821
27801,46.3,35.4,19043,14457
27803,39.7,30.4,20882,16272
27804,38.5,28.5,28707,22718
27805,42.1,32.8,3164,2522
27806,42.4,36.0,1950,1568
27807,35.8,26.9,6749,5052
27808,34.1,24.8,2324,1942
27809,42.0,33.2,4345,3472
27810,38.7,31.1,3439,2845
27812,44.2,32.1,2358,1831
27813,37.6,31.5,659,505
27814,33.9,21.7,1627,1406
27816,39.2,29.8,2636,2100
27817,36.0,26.9,6824,5630
27818,45.3,38.0,1159,980
27819,46.9,37.4,241,198
27820,40.7,29.8,2486,2023
27821,39.7,29.4,216,187
27822,36.5,29.6,8351,6595
27823,48.4,42.2,6354,5112
27824,43.6,34.6,1113,870
27825,35.2,23.3,84,62
27826,43.0,28.9,1126,1002
27828,44.5,33.3,8673,6553
27829,37.7,26.4,1786,1426
27830,40.9,31.2,4377,3478
27831,49.0,38.3,3009,2476
27832,45.0,36.3,2630,2105
27834,43.5,29.2,55051,42177
27837,38.0,23.3,5871,4355
27839,44.6,35.4,3509,3166
27840,43.8,35.5,457,382
27842,36.5,26.8,1469,1339
27843,43.8,38.6,931,756
27844,46.3,40.3,2932,2284
27845,41.9,33.8,1489,1262
27846,39.6,31.1,2731,2211
27847,48.9,42.1,714,566
27849,51.1,43.8,1027,824
27850,38.4,29.6,6462,5583
27851,35.2,28.8,5023,3889
27852,37.2,27.1,2673,2125
27853,43.1,32.0,394,332
27855,39.6,29.5,5908,4941
27856,37.3,27.0,17029,13549
27857,43.5,35.3,1075,905
27858,35.6,21.9,52857,43187
27860,35.5,25.7,1749,1354
27861,43.9,34.3,70,58
27862,37.2,24.5,820,698
27863,36.3,23.0,12520,9467
27864,41.6,31.6,4133,3203
27865,33.1,23.4,1926,1558
27866,45.4,37.9,756,632
27869,45.5,37.6,1832,1484
27870,40.3,32.1,25738,20105
27871,42.1,32.4,3951,3200
27872,47.6,41.9,222,193
27873,38.3,31.6,295,234
27874,43.6,38.4,4027,3308
27875,40.9,30.4,390,322
27876,45.6,36.8,1127,876
27878,40.8,29.9,1323,1008
27879,38.6,23.5,278,230
27880,35.1,26.4,3347,2524
27882,39.2,31.2,7648,6039
27883,39.0,31.4,3398,2685
27884,41.2,29.9,1156,950
27885,39.1,31.0,802,664
27886,42.3,32.4,18776,14921
27888,41.2,32.4,2100,1610
27889,38.6,29.7,26054,20660
27890,48.2,42.3,2150,1623
27891,43.4,33.8,4626,3822
27892,39.9,30.6,13864,10979
27893,42.4,37.9,37131,28712
27896,33.5,24.4,20683,16046
27897,43.7,35.3,1370,1093
27909,38.5,25.5,40606,32000
27910,43.6,34.0,10662,8363
27915,32.0,21.9,832,728
27916,34.9,24.1,913,717
27917,38.1,25.8,658,525
27919,39.8,28.3,1120,903
27920,32.6,21.6,1181,993
27921,35.9,21.9,4978,3800
27922,42.8,32.7,788,598
27923,35.5,24.0,552,464
27924,41.3,32.0,2620,2188
27925,42.0,32.1,3017,2389
27926,39.3,30.0,1606,1305
27927,30.8,17.9,1457,1352
27928,40.9,31.5,1670,1352
27929,34.4,22.2,2471,1980
27932,40.5,30.2,11930,9657
27935,36.8,26.0,1485,1133
27936,31.4,22.0,994,875
27937,39.2,27.4,3524,2743
27938,39.5,31.4,1330,1119
27939,35.3,24.3,2722,2207
27941,35.4,24.8,673,564
27942,41.8,31.3,623,523
27943,31.4,21.0,577,476
27944,37.6,27.5,11406,9339
27946,40.5,30.9,1154,967
27947,35.7,22.6,1139,878
27948,32.0,19.4,12095,9905
27949,29.1,17.8,8151,6814
27950,33.8,21.5,1918,1565
27953,38.9,31.1,947,750
27954,32.9,21.8,6510,5210
27956,36.9,24.2,251,197
27957,41.4,33.2,1251,1079
27958,34.2,20.0,12078,8979
27959,31.6,19.7,3182,2732
27960,40.1,32.4,797,657
27962,45.5,36.8,6788,5356
27964,34.1,21.8,447,376
27965,35.4,23.9,563,445
27966,35.1,22.1,1183,937
27967,44.7,33.9,428,368
27968,32.5,20.8,213,179
27969,39.5,26.4,159,122
27970,43.1,34.0,2798,2334
27972,32.2,21.7,343,287
27973,36.6,24.2,1610,1211
27974,34.7,22.1,886,728
27976,34.8,20.0,3918,2930
27978,37.0,31.5,214,160
27979,41.5,32.3,1393,1116
27980,40.0,30.5,1915,1519
27981,34.4,24.3,1544,1220
27982,32.9,20.7,132,116
27983,43.0,32.8,8945,7522
27985,42.2,31.2,169,126
27986,43.8,34.0,2226,2070
28001,37.2,27.0,27185,21440
28006,34.2,22.5,899,704
28007,44.4,35.1,631,515
28009,39.4,28.4,1210,955
28012,32.9,21.1,26202,20893
28016,37.5,28.7,13313,10594
28017,21.8,12.8,553,550
28018,36.2,25.7,5320,4307
28020,36.1,25.2,2430,1954
28021,35.4,25.7,13669,10920
28023,37.0,27.1,15144,11833
28025,34.4,22.9,58260,43587
28027,32.6,21.0,76478,56589
28031,25.8,15.9,30836,24040
28032,33.7,21.6,3279,2622
28033,36.4,25.6,2862,2252
28034,36.5,25.9,19258,14722
28036,25.0,15.1,21244,16218
28037,32.6,18.2,25596,20262
28040,36.6,26.2,7472,5808
28042,36.0,25.7,111,89
28043,40.0,31.2,20183,15780
28052,41.7,32.8,35332,26740
28054,36.5,26.2,40548,31799
28056,33.3,21.4,34332,26681
28071,35.4,25.5,3147,2480
28072,37.4,24.9,864,636
28073,40.4,29.7,5356,4154
28075,30.8,18.6,21366,15454
28076,37.8,27.4,358,255
28077,35.3,26.7,362,276
28078,26.6,16.1,67863,50233
28079,33.2,20.0,39051,28640
28080,35.3,22.9,7964,6174
28081,36.0,25.9,28583,21525
28083,38.4,28.5,25821,19655
28086,38.6,28.5,27641,21547
28088,36.0,25.6,3343,2636
28089,28.4,18.9,153,132
28090,38.4,28.0,7870,6212
28091,41.0,30.6,1766,1451
28092,36.6,25.7,38719,30693
28097,33.8,22.9,6876,5302
28098,37.4,27.5,3868,2992
28101,33.0,19.7,736,542
28102,39.9,31.0,94,72
28103,36.3,25.7,10164,7830
28104,31.4,18.4,34521,25202
28105,26.2,18.6,44085,34072
28107,31.4,18.5,9353,7078
28109,26.3,17.8,541,525
28110,36.2,25.6,53316,39325
28112,37.2,27.7,27126,20824
28114,36.0,25.4,7351,5773
28115,32.2,19.7,43413,32185
28117,29.4,16.6,46917,36504
28119,46.5,35.8,2044,1667
28120,34.2,22.0,24017,18674
28124,32.8,21.4,6922,5398
28125,34.2,23.0,2687,2095
28127,37.1,25.1,7571,6334
28128,36.6,25.6,7119,5642
28129,35.8,24.8,5817,4466
28133,39.4,30.0,2550,2039
28134,30.4,23.6,12411,9604
28135,43.1,31.9,4779,4030
28137,35.7,25.6,2804,2235
28138,35.6,24.8,10855,8390
28139,38.1,28.5,18665,15134
28144,39.8,30.2,26254,20933
28146,36.0,25.7,29572,23507
28147,37.7,28.0,26618,20618
28150,39.8,28.8,28517,22556
28152,38.5,26.7,25643,19796
28159,39.7,29.6,3067,2326
28160,42.8,33.1,3869,3070
28163,35.2,24.0,5334,4143
28164,34.0,22.5,14903,11821
28166,33.0,21.3,10357,8075
28167,38.5,29.6,2417,1988
28168,36.4,24.2,10120,7951
28169,36.5,25.1,169,133
28170,44.8,34.6,10337,8198
28173,31.1,17.5,64144,44140
28174,36.8,27.0,9269,7376
28202,25.3,14.9,16447,15445
28203,23.9,12.6,18572,16248
28204,25.0,13.4,9411,8267
28205,30.9,22.9,49600,39905
28206,37.8,30.4,14053,10859
28207,23.2,12.4,9184,7166
28208,36.9,30.5,38614,29017
28209,25.0,14.5,24836,20544
28210,27.3,19.2,46843,37200
28211,26.0,16.7,31917,24200
28212,35.4,31.8,41009,30306
28213,34.1,26.2,47215,35914
28214,32.0,23.4,42925,31812
28215,34.6,27.5,61842,46003
28216,34.1,24.6,57196,43649
28217,33.4,28.2,28955,21743
28223,21.7,18.1,5197,5165
28226,25.1,16.2,40513,31371
28227,31.9,25.7,57126,43376
28262,28.5,19.9,46048,36849
28269,31.6,21.1,82422,62139
28270,25.5,16.0,34613,25710
28273,31.4,23.3,41404,32225
28274,13.3,7.1,822,819
28277,24.3,16.0,74957,55659
28278,28.1,17.7,33426,25417
28301,46.1,33.5,17670,13971
28303,39.7,25.6,30842,24200
28304,41.6,27.9,37120,28567
28305,36.4,21.6,5844,4747
28306,40.2,25.1,44615,32173
28307,34.8,20.6,14426,9812
28308,30.1,17.5,337,302
28310,28.6,16.4,8503,8412
28311,40.9,25.4,36302,27667
28312,40.6,26.5,19723,15049
28314,41.5,25.8,54271,41288
28315,34.7,21.9,13500,10379
28318,37.1,24.7,4275,3387
28320,39.2,28.8,7810,6163
28323,38.4,25.5,4613,3279
28325,39.5,31.8,328,247
28326,36.5,23.2,26061,17020
28327,33.7,21.2,18118,13566
28328,43.2,32.6,25300,19294
28330,39.4,30.0,384,294
28331,36.5,24.7,150,118
28332,44.1,35.9,444,335
28333,43.4,34.7,10560,7887
28334,38.0,28.6,23697,18373
28337,43.2,33.5,9285,7306
28338,40.4,29.1,3811,2944
28339,38.2,28.5,6444,5063
28340,49.1,37.7,8481,6682
28341,41.3,31.6,3495,2614
28342,36.5,21.8,178,103
28343,45.8,34.8,1368,1049
28344,41.0,28.2,2982,2123
28345,44.0,34.0,11546,8931
28347,42.0,28.1,1555,1335
28348,40.9,25.6,37476,27336
28349,38.6,26.8,3070,2431
28350,36.7,24.7,339,284
28351,44.2,32.5,4278,3324
28352,45.8,34.9,24940,19646
28356,36.8,22.0,5562,4183
28357,42.7,32.4,2746,2122
28358,46.4,34.4,32865,24732
28359,55.4,40.9,1073,1069
28360,47.1,34.7,12043,9035
28363,43.1,31.3,1257,957
28364,49.6,37.4,12402,9212
28365,40.3,32.3,14653,11240
28366,39.6,29.3,4948,3720
28367,38.0,29.0,100,80
28368,35.0,24.7,86,63
28369,45.6,32.9,2123,1661
28371,42.9,27.7,7278,5233
28372,45.5,32.8,13765,10940
28373,35.2,22.4,2331,1831
28374,28.6,18.2,18818,15656
28375,43.4,32.6,181,156
28376,38.1,27.1,43160,30759
28377,48.0,38.2,11081,8181
28378,45.5,30.4,81,65
28379,43.0,32.2,24603,18921
28382,41.0,28.9,6511,4940
28383,49.9,37.9,7098,5456
28384,46.5,35.3,11160,8363
28385,41.1,29.3,2857,2237
28386,48.5,39.0,5768,4057
28387,31.0,20.1,16413,13347
28390,40.1,26.7,23799,17234
28391,37.8,23.8,5476,4256
28392,40.7,28.7,1333,1090
28393,42.1,31.6,1713,1301
28394,34.3,22.1,5559,4260
28395,37.5,23.0,2596,1972
28396,43.6,31.7,2284,1838
28398,42.6,31.8,6602,4993
28399,44.7,37.9,1675,1321
28401,38.5,29.2,22204,18413
28403,30.0,20.7,38134,33233
28405,32.5,23.2,31775,25722
28409,28.9,17.6,34681,26982
28411,29.7,17.8,37834,29640
28412,31.4,21.5,42758,34881
28420,37.0,26.8,3466,2679
28421,40.9,30.3,1518,1229
28422,35.4,25.5,8249,6944
28423,43.0,32.2,2009,1588
28425,39.6,26.6,10280,8227
28428,31.8,20.6,6848,5771
28429,36.3,26.9,8802,7045
28430,40.1,29.8,1522,1203
28431,43.3,34.4,6255,4858
28432,38.5,28.2,1806,1355
28433,43.4,32.2,4282,3375
28434,44.0,32.4,957,822
28435,41.8,29.1,2241,1790
28436,38.1,28.2,1829,1446
28438,40.8,31.4,1541,1219
28439,43.4,32.5,1165,961
28441,41.1,29.9,2965,2207
28442,39.5,28.8,1487,1148
28443,33.3,18.4,25074,18875
28444,40.1,28.7,1955,1564
28445,31.8,17.0,10243,8132
28447,41.9,29.4,992,793
28448,40.3,28.9,977,749
28449,28.2,18.0,1926,1706
28450,36.6,26.8,2073,1734
28451,33.8,22.2,39025,31901
28452,40.0,28.8,577,452
28453,42.0,32.7,3251,2383
28454,38.4,25.6,3175,2402
28455,40.4,32.2,1681,1375
28456,41.6,30.6,3502,2787
28457,37.9,24.5,11008,8304
28458,42.8,32.6,5587,4197
28460,32.4,18.2,12591,9877
28461,31.1,20.8,22141,19607
28462,35.0,26.1,12674,10700
28463,44.3,34.7,8494,6932
28464,41.1,29.9,2086,1569
28465,31.3,19.7,8020,7323
28466,38.2,28.2,8773,6872
28467,30.7,22.5,11770,10873
28468,30.3,22.3,5047,4714
28469,30.9,20.8,8171,7336
28470,35.3,26.0,11141,9052
28472,41.0,30.3,17308,13816
28478,40.6,28.7,4274,3381
28479,32.1,19.1,6087,4765
28480,25.3,13.3,2476,2129
28501,46.2,38.7,17964,13836
28504,40.2,31.5,20180,16072
28508,41.1,36.4,1922,1409
28510,34.7,25.5,1451,1295
28511,37.0,26.8,561,481
28512,31.6,19.5,3011,2758
28513,40.9,28.6,10006,7679
28515,41.6,30.7,2729,2315
28516,35.6,23.9,11204,9469
28518,36.8,25.7,7852,5903
28519,40.2,31.9,389,313
28520,33.5,20.4,254,212
28521,38.7,30.1,1952,1560
28523,38.6,27.4,2376,1905
28524,31.3,20.3,314,261
28525,38.4,29.9,3261,2474
28526,40.5,28.4,2208,1783
28527,40.2,29.9,1220,1012
28528,36.2,23.1,588,493
28529,36.1,28.1,2050,1647
28530,43.5,33.0,6771,5203
28531,33.8,25.0,1127,1003
28532,37.6,24.8,20340,15397
28533,26.5,18.3,1792,1779
28537,38.7,30.0,106,85
28538,42.4,32.7,2155,1651
28539,34.5,21.1,17039,12624
28540,35.4,23.1,49739,37735
28542,23.8,15.9,3536,3488
28543,30.4,20.4,5016,3818
28544,35.7,24.0,4283,3234
28546,35.6,23.0,48547,35913
28547,24.0,14.4,22703,20221
28551,40.2,30.3,13215,10157
28552,37.9,28.6,141,130
28553,35.5,23.9,382,327
28554,41.0,33.1,158,117
28555,36.9,24.2,5260,4122
28556,32.5,21.6,864,759
28557,33.8,22.2,14910,12446
28560,37.8,26.5,28005,22390
28562,35.0,22.8,39375,31336
28570,35.4,22.9,21647,17487
28571,33.4,23.9,2502,2277
28572,37.0,27.6,6549,4965
28573,40.2,32.1,2013,1654
28574,36.5,23.2,18689,13364
28575,28.4,17.6,164,141
28577,36.3,27.4,302,271
28578,41.9,36.2,5339,3682
28579,33.4,22.7,643,533
28580,43.8,32.4,12672,10607
28581,35.3,21.8,187,155
28582,33.2,19.3,1891,1493
28584,33.4,21.1,13584,10809
28585,41.1,31.6,3617,2901
28586,41.8,30.3,7865,6197
28587,41.1,31.5,277,239
28590,37.5,21.0,28326,20894
28594,31.3,18.2,3849,3387
28601,36.1,23.2,53973,42751
28602,39.8,27.8,29184,22765
28604,34.5,22.5,7050,6031
28605,31.6,20.0,3873,3356
28606,38.3,27.3,2059,1649
28607,33.1,22.5,35495,31207
28609,36.7,22.1,6137,4981
28610,37.6,25.3,10100,7882
28611,34.8,28.4,648,545
28612,36.3,27.3,11835,9461
28613,37.9,26.5,22970,17691
28615,37.8,30.1,1915,1586
28616,35.0,26.1,162,131
28617,38.7,28.0,2343,1912
28618,34.5,21.5,2226,1790
28619,36.3,31.5,510,427
28621,39.8,29.1,9952,7856
28622,38.0,27.6,2395,1899
28623,37.1,29.6,1618,1319
28624,43.1,36.9,1395,1162
28625,34.1,24.9,38396,30183
28626,34.4,21.5,2499,2057
28627,36.4,29.1,1334,1090
28628,39.7,31.5,117,90
28629,35.5,27.4,59,52
28630,32.2,24.9,19772,15795
28631,38.8,29.0,647,524
28634,35.5,26.4,5164,4014
28635,37.5,26.2,3464,2746
28636,38.1,28.2,4998,3934
28637,36.0,26.8,1471,1207
28638,33.2,27.0,11880,9386
28640,36.0,26.2,4622,3850
28642,36.7,27.0,5336,4201
28643,36.9,27.7,3233,2663
28644,36.5,28.4,1598,1361
28645,34.5,29.0,46004,36853
28646,35.8,24.1,553,481
28649,37.7,29.4,936,779
28650,37.3,23.8,12982,10228
28651,38.1,27.4,6305,4986
28652,37.8,25.5,73,64
28654,36.7,25.2,3354,2693
28655,37.4,29.0,55328,44141
28657,36.5,25.5,9086,7496
28658,37.9,25.1,26453,20893
28659,38.2,28.3,20588,16256
28660,34.9,26.0,2289,1797
28662,36.2,25.5,127,111
28663,35.8,28.1,701,589
28664,38.8,28.3,91,79
28665,38.7,29.1,2549,2100
28666,39.8,33.5,118,96
28667,31.0,23.0,376,276
28668,35.7,30.6,272,245
28669,39.9,30.2,2861,2234
28670,38.2,28.2,2747,2189
28671,29.5,27.9,503,455
28673,35.3,19.7,6761,5612
28675,36.4,29.6,6138,5011
28676,39.4,27.3,3471,2794
28677,36.5,26.5,35926,27839
28678,36.4,26.8,4999,3932
28679,35.0,23.0,1911,1543
28681,36.6,26.3,25181,20367
28682,35.2,20.1,1126,969
28683,41.6,31.9,1740,1419
28684,33.5,21.6,2065,1684
28685,39.4,31.2,1831,1507
28689,36.1,27.8,1846,1434
28690,34.8,25.6,9124,7363
28692,35.4,23.2,4161,3444
28693,36.9,28.0,1425,1150
28694,36.1,26.1,7769,6425
28697,36.7,26.0,12674,10174
28698,34.8,23.4,2141,1727
28701,33.3,23.4,4311,3498
28702,34.4,25.9,409,332
28704,31.0,20.2,23734,18800
28705,37.5,25.6,6220,5151
28707,32.5,20.9,302,254
28708,37.1,26.1,662,525
28709,30.8,20.4,2214,1787
28710,33.6,23.6,85,79
28711,29.9,19.6,14047,11783
28712,32.9,22.0,18928,15822
28713,39.5,27.1,8551,6901
28714,35.6,26.6,16397,13407
28715,32.7,22.6,27810,21994
28716,34.3,24.9,17710,14278
28717,30.2,19.1,1639,1408
28718,34.4,22.0,597,522
28719,42.9,31.1,7980,5638
28720,35.1,22.7,125,115
28721,32.0,21.2,10370,8192
28722,33.9,25.1,6223,5221
28723,30.7,21.2,12297,11150
28725,35.5,28.2,102,84
28726,35.8,31.3,3787,2819
28729,31.4,25.0,2923,2450
28730,31.3,20.0,9707,7806
28731,31.5,26.6,8806,7352
28732,29.5,19.4,19158,14875
28733,32.7,24.0,66,54
28734,35.6,27.3,29284,23800
28735,31.8,23.4,322,271
28736,35.1,24.8,1026,879
28739,29.4,21.5,21251,17910
28740,36.2,25.2,2273,1886
28741,31.6,22.9,3736,3290
28742,30.9,21.5,2981,2387
28743,37.0,26.0,1980,1628
28745,29.4,22.3,697,598
28746,35.2,24.1,2726,2429
28747,35.7,24.5,2114,1716
28748,33.4,23.4,13030,10325
28749,33.0,25.5,157,125
28751,32.9,24.4,3965,3492
28752,35.9,26.8,29669,23611
28753,35.2,23.7,11321,9238
28754,33.8,22.2,8074,6726
28756,39.5,29.4,4156,3376
28757,23.5,16.3,901,851
28759,28.9,19.8,7728,6125
28761,35.2,26.6,8317,6731
28762,34.1,24.3,6661,5473
28763,37.8,30.1,2842,2299
28766,32.3,19.3,1440,1139
28768,34.8,22.6,6820,5654
28771,35.3,25.7,7581,6001
28772,34.7,22.4,1365,1046
28773,31.7,20.7,3204,2731
28774,30.5,20.0,1571,1400
28775,33.1,22.9,573,490
28777,37.7,24.0,10635,8981
28778,31.6,22.0,10328,8391
28779,35.8,25.4,16586,13275
28781,35.5,27.9,760,645
28782,35.2,24.4,5889,5069
28783,36.1,25.2,1473,1184
28785,33.3,24.6,8238,6962
28786,33.6,25.0,21204,17631
28787,30.3,19.3,21948,17784
28788,34.3,23.8,168,136
28789,38.7,28.2,5804,4690
28790,30.0,21.5,3128,2519
28791,28.3,20.6,14899,12389
28792,32.4,27.0,35962,28793
28801,35.3,22.9,15148,12965
28803,31.4,20.8,34108,28315
28804,28.5,17.4,23964,20479
28805,30.7,19.6,18554,15638
28806,32.1,20.1,44621,35663
28901,38.0,31.9,5212,4142
28902,37.9,30.5,1398,1168
28904,35.5,25.4,9004,7517
28905,34.6,25.8,3277,2653
28906,34.5,26.2,19896,16927
28909,36.9,26.4,1060,864
29001,38.6,32.5,1935,1508
29003,43.1,33.5,5859,4638
29006,39.5,31.4,9608,7479
29009,39.0,33.5,2474,1935
29010,44.6,36.8,11564,9479
29014,38.2,30.6,1702,1390
29015,47.3,34.1,1329,1107
29016,34.0,19.3,26245,19563
29018,42.8,34.4,3256,2618
29020,37.7,29.3,23264,18372
29030,42.2,32.6,1827,1492
29031,44.0,34.0,1158,957
29032,38.8,30.7,4379,3358
29033,36.6,27.0,12575,10343
29036,31.3,19.3,27047,20381
29037,37.9,29.7,852,708
29038,39.3,31.2,2318,1848
29039,40.8,31.5,3672,2727
29040,40.8,23.8,8596,6588
29042,43.4,32.7,4603,3751
29044,39.6,28.5,4993,4056
29045,34.7,22.4,27723,20793
29046,48.5,46.7,71,69
29047,42.9,34.3,3303,2753
29048,43.8,37.7,4317,3527
29051,44.0,31.6,781,641
29052,42.2,30.0,1634,1362
29053,41.8,33.8,19239,14361
29054,35.4,25.3,10774,8276
29055,40.0,33.5,4117,3265
29056,42.6,30.6,2162,1767
29058,37.0,27.2,4671,3639
29059,45.3,38.8,5662,4470
29061,41.3,28.6,13684,10830
29062,44.7,25.3,64,59
29063,31.0,17.4,36341,27641
29065,47.1,33.7,640,520
29067,40.3,32.1,10137,8104
29069,46.5,31.8,4496,3551
29070,38.1,29.3,15757,12321
29072,32.5,20.5,65060,47946
29073,37.7,27.6,48653,35956
29074,32.3,28.5,343,322
29075,33.2,22.3,3189,2503
29078,35.7,26.1,16430,12414
29079,48.5,31.7,80,53
29080,48.1,37.6,2592,2155
29081,39.7,31.2,1219,995
29082,35.3,30.7,517,396
29101,41.5,28.6,2852,2211
29102,39.2,35.3,16319,12951
29104,44.2,33.5,1370,1070
29105,40.5,32.7,1433,1121
29107,40.0,33.2,2822,2179
29108,40.1,34.0,20159,15609
29111,37.4,30.8,1432,1083
29112,42.2,35.0,4437,3540
29113,43.0,34.8,1384,1081
29114,43.0,33.5,1937,1467
29115,43.7,35.4,28207,22173
29117,29.7,18.1,273,273
29118,40.4,29.8,15446,12138
29123,38.9,31.5,7261,5536
29125,43.5,33.7,2698,2155
29126,35.9,27.3,2342,1859
29127,35.9,27.8,8909,7231
29128,47.6,33.6,4853,4075
29129,41.8,33.7,2948,2394
29130,41.2,29.2,6387,5430
29133,40.7,31.9,926,729
29135,41.9,29.6,8074,6480
29137,39.7,33.7,2607,1989
29138,45.3,35.2,10070,7520
29142,42.9,35.7,4432,3610
29145,36.6,28.1,706,563
29146,43.6,37.5,1453,1149
29148,37.4,33.9,5856,4983
29150,43.5,29.3,39460,30389
29152,33.0,16.8,2078,1384
29153,45.6,31.8,15013,11562
29154,40.8,24.5,29706,22925
29160,39.8,30.9,7921,6241
29161,42.2,30.5,10728,8363
29162,36.0,29.5,3537,2877
29163,42.6,33.7,1840,1513
29164,36.7,29.4,4253,3355
29166,44.8,33.4,904,756
29168,47.2,32.8,3072,2314
29169,35.8,27.7,22768,18652
29170,37.2,27.2,22422,17410
29172,40.6,31.6,8955,6990
29175,35.0,27.7,359,281
29177,23.3,27.9,213,211
29178,40.2,33.5,3153,2505
29180,47.4,35.6,12445,10128
29201,30.8,22.0,25259,23643
29203,43.0,32.0,39449,30761
29204,36.5,25.5,18059,15166
29205,30.7,17.4,23586,19668
29206,29.5,16.1,19304,14772
29207,25.5,17.5,7035,5763
29208,22.8,15.5,2330,2309
29209,35.8,22.5,35738,27964
29210,41.5,29.8,39299,32012
29212,33.9,22.3,29739,23832
29223,36.8,25.1,52477,40547
29225,21.9,15.1,527,526
29229,35.5,19.9,51548,37461
29301,39.4,29.6,34531,26532
29302,36.6,26.5,17356,13833
29303,40.8,33.2,26793,21415
29306,45.0,36.0,16822,12434
29307,35.7,26.2,19034,15318
29316,36.6,24.9,29459,21964
29320,39.3,32.4,907,681
29321,44.6,36.2,2613,2042
29322,37.5,28.1,9777,7535
29323,38.1,28.8,16488,12647
29324,38.9,29.2,165,105
29325,36.7,33.0,14300,11260
29329,38.0,28.3,283,232
29330,38.8,30.9,8302,6360
29331,40.7,28.7,108,83
29332,34.9,30.3,2409,2088
29333,38.2,29.9,517,454
29334,36.3,22.9,16472,12230
29335,39.7,29.0,5316,4395
29338,42.1,34.6,121,88
29340,40.3,34.4,20695,16164
29341,38.2,29.5,19959,15482
29346,34.6,21.0,244,177
29349,36.4,26.5,36458,27914
29351,33.6,27.5,1562,1169
29353,41.2,30.2,3890,3082
29355,35.6,30.0,781,620
29356,34.4,26.1,8893,7346
29360,37.2,33.3,21242,16418
29364,40.0,29.6,462,371
29365,37.2,26.0,13882,10507
29368,35.6,27.5,158,111
29369,36.1,24.0,16007,12243
29370,36.8,30.9,1069,816
29372,38.5,29.6,4401,3475
29373,37.5,28.4,262,190
29374,36.6,26.3,3615,2898
29375,31.0,19.6,100,67
29376,37.1,25.9,7888,6056
29377,39.3,30.9,826,640
29378,47.9,43.8,286,212
29379,44.8,34.8,18068,14111
29384,35.9,31.7,3968,3276
29385,39.1,28.1,9005,6587
29388,36.8,26.5,16017,12254
29401,26.1,18.1,9145,8256
29403,31.2,21.2,21363,17954
29404,25.2,16.7,2161,1631
29405,37.8,30.2,25620,20525
29406,35.9,29.6,32730,25197
29407,30.0,20.2,35373,29138
29409,15.7,8.6,1957,1931
29410,37.1,25.1,20238,15141
29412,27.5,17.3,39687,32143
29414,27.9,17.6,45150,36619
29418,35.7,27.1,24154,18755
29420,36.1,25.8,23619,17497
29424,21.1,16.0,768,755
29426,40.0,32.2,1654,1314
29429,30.7,20.8,3899,3047
29431,38.9,30.3,6040,4756
29432,38.1,29.4,2685,2072
29434,43.9,37.1,658,524
29435,39.5,34.2,3819,3056
29436,43.8,34.6,4198,3412
29437,39.8,32.1,2389,1934
29438,33.2,26.9,3137,2846
29439,26.6,17.2,1891,1655
29440,35.7,28.6,27451,21674
29445,36.5,24.9,60558,46519
29446,40.8,30.8,1115,919
29448,37.0,28.6,2337,1855
29449,36.4,29.0,8018,6545
29450,42.8,30.2,3400,2706
29451,24.7,14.3,4417,3708
29452,40.5,29.6,343,281
29453,46.1,37.9,1156,940
29455,28.7,18.6,28344,23506
29456,35.5,24.3,37577,28107
29458,35.8,27.3,2489,2084
29461,38.6,25.6,42402,31494
29464,26.1,15.6,51287,41447
29466,26.4,15.2,42316,31341
29468,51.6,45.5,1722,1398
29469,36.4,25.2,833,681
29470,32.5,23.5,4598,3697
29471,41.1,32.8,1510,1211
29472,39.7,28.9,10279,8400
29474,40.8,36.0,2412,1879
29475,39.2,34.0,2601,2043
29477,41.2,34.3,6344,5085
29479,48.3,40.7,6598,5112
29481,41.1,35.4,1705,1425
29482,24.8,13.2,1891,1487
29483,35.3,24.4,56778,42152
29485,34.1,23.3,57181,42833
29486,38.8,26.4,41148,29944
29487,31.0,21.6,2848,2413
29488,39.6,33.7,21790,16803
29492,32.0,16.5,19619,15040
29493,40.6,35.9,115,86
29501,38.1,26.5,46528,36013
29505,39.9,28.8,25269,19584
29506,44.9,35.8,19967,15433
29510,40.2,32.2,10392,7987
29511,32.6,24.8,5550,4262
29512,41.5,37.9,17941,14720
29516,38.0,37.7,746,627
29518,43.0,33.6,1115,876
29519,48.0,40.3,160,130
29520,46.9,36.0,13046,10288
29525,41.8,38.7,1780,1418
29526,31.8,25.2,51403,42848
29527,36.8,30.0,26343,20502
29530,39.8,31.9,3014,2298
29532,47.1,32.1,19572,15107
29536,46.3,36.7,15260,11570
29540,48.3,32.4,4710,3732
29541,39.7,28.2,9357,7312
29543,43.0,38.0,617,518
29544,32.8,24.2,6788,5031
29545,39.7,34.4,1615,1233
29546,47.4,40.2,2315,1857
29547,45.9,36.0,2601,1911
29550,44.0,29.4,30013,23520
29554,43.4,36.4,8346,6681
29555,42.4,33.3,5878,4400
29556,46.1,35.6,11530,9016
29560,43.8,34.5,12668,9536
29563,44.9,36.7,2288,1856
29564,48.3,38.3,868,699
29565,44.7,34.2,6477,4885
29566,31.1,24.7,21792,18889
29567,45.8,38.3,563,394
29568,34.1,27.2,15287,12662
29569,36.2,29.9,17048,13339
29570,41.1,42.5,3676,2825
29571,45.8,37.1,14423,11090
29572,30.6,23.7,10711,9540
29574,44.0,35.0,10232,8105
29575,30.6,23.5,18135,15961
29576,29.1,22.9,32476,28931
29577,34.9,28.3,34109,28298
29579,31.0,22.0,50378,39674
29580,48.0,35.9,1174,988
29581,40.2,34.8,3882,3055
29582,29.8,22.5,18897,17262
29583,42.6,36.2,4858,3781
29584,44.3,33.8,2429,1922
29585,27.3,20.3,16574,14444
29588,31.3,23.5,48113,38583
29589,49.2,38.1,85,76
29590,48.6,36.1,3415,2994
29591,41.0,32.6,4516,3584
29592,44.3,33.2,1128,864
29593,50.1,38.0,1637,1338
29594,44.5,45.1,112,86
29596,39.2,36.3,2345,1852
29601,33.0,22.1,13261,11594
29605,36.8,27.7,36970,27865
29607,31.8,21.6,44216,34845
29609,32.4,23.2,31547,24378
29611,39.8,33.9,32413,24065
29613,16.5,10.3,2186,2185
29614,18.5,12.8,1707,1677
29615,29.6,20.4,38684,31491
29617,36.4,31.9,28394,21650
29620,38.3,31.1,12376,9717
29621,33.7,23.4,44601,34809
29624,45.6,40.9,14819,11217
29625,37.3,27.5,28521,22739
29626,38.4,30.3,13023,10309
29627,36.6,28.5,18871,14734
29628,41.8,37.4,2454,2004
29630,34.8,24.6,15651,12933
29631,31.9,23.6,17291,15138
29634,24.2,16.1,6207,6181
29635,34.4,25.9,1305,1115
29638,38.0,30.8,2977,2334
29639,31.9,25.9,1703,1432
29640,38.5,29.1,32191,25167
29642,34.4,23.2,35675,27462
29643,37.3,27.3,2892,2392
29644,34.9,27.1,22357,16912
29645,35.4,30.7,10584,8258
29646,40.1,33.9,26783,20282
29649,33.5,23.4,27485,22061
29650,29.8,20.0,38721,29194
29651,34.0,24.2,50778,38460
29653,37.8,29.5,4548,3602
29654,36.8,29.5,10226,7977
29655,37.3,30.1,7323,5847
29657,38.0,28.3,15614,12064
29658,38.3,27.7,283,229
29659,37.8,29.9,98,77
29661,35.0,28.3,5963,4776
29662,33.3,22.4,14812,11632
29664,39.1,29.0,1727,1438
29665,37.7,28.0,199,157
29666,34.2,25.1,6685,5302
29667,37.9,28.2,243,188
29669,35.4,26.5,13839,10909
29670,34.9,24.4,9459,7469
29671,36.7,27.0,18615,14801
29672,36.1,26.2,12703,10790
29673,36.0,27.0,29898,22648
29676,33.4,23.9,5641,5127
29678,39.3,29.5,23700,18917
29680,32.3,20.9,34784,26316
29681,30.2,19.1,63257,47002
29682,35.5,23.6,4051,3176
29683,35.7,28.2,324,256
29684,37.8,29.8,4722,3588
29685,35.8,24.9,1806,1630
29686,39.4,29.6,1116,926
29687,31.6,22.4,44124,34104
29689,35.4,23.9,4335,3670
29690,32.8,25.0,22912,18120
29691,39.1,30.4,11142,8540
29692,36.8,31.6,4602,3624
29693,39.3,30.6,14614,11514
29696,37.2,26.7,4759,3722
29697,35.9,26.8,13344,10057
29702,37.9,31.0,9804,7616
29704,38.0,26.2,3648,2863
29706,39.4,34.9,19346,14978
29707,31.4,20.2,32759,25248
29708,33.0,17.7,40227,28509
29709,42.4,30.6,5911,4624
29710,37.5,23.6,39272,29788
29712,34.3,26.6,2327,1848
29714,34.4,28.3,2945,2261
29715,34.8,19.6,41491,29559
29717,40.5,28.8,1364,1020
29718,43.9,33.8,3827,2929
29720,39.1,30.2,51198,39774
29726,38.9,27.3,1817,1443
29727,43.8,32.4,1473,1126
29728,47.0,37.1,9849,7495
29729,36.8,30.2,2178,1698
29730,41.6,28.1,57325,44584
29732,37.0,23.0,59417,46203
29733,37.9,29.5,1710,1697
29741,42.3,32.0,1882,1493
29742,39.7,28.9,2388,1849
29743,38.4,28.9,1384,1094
29745,39.3,27.0,32602,24918
29801,37.0,30.8,27613,21975
29803,31.0,22.8,40056,32780
29805,36.1,28.8,5910,4652
29809,35.3,27.2,2262,1770
29810,49.1,40.4,3896,3084
29812,43.9,35.8,11107,8572
29816,37.3,33.7,703,529
29817,45.2,37.2,4154,3286
29819,40.5,34.1,1449,1167
29821,37.1,28.2,1368,1107
29824,44.1,33.8,7552,6249
29826,46.5,34.6,136,111
29827,44.6,35.9,3547,3086
29828,35.3,31.0,738,572
29829,36.3,28.1,12567,9236
29831,34.7,27.9,3698,2881
29832,46.0,37.9,4672,3686
29834,37.3,32.6,500,379
29835,36.3,30.5,6231,5521
29836,49.8,41.4,412,353
29838,36.9,29.6,544,463
29840,39.0,27.7,186,160
29841,34.4,26.0,32919,25714
29842,37.5,30.6,8066,6238
29843,38.9,31.8,1155,912
29844,36.1,29.6,102,85
29845,40.6,33.4,1110,951
29847,39.5,28.3,5302,4284
29848,38.2,30.8,768,627
29849,43.8,35.2,279,237
29851,35.6,29.2,8534,6512
29853,42.6,33.9,6161,4755
29856,35.2,27.8,2698,2072
29860,32.7,21.4,17178,13544
29899,42.7,26.4,899,899
29902,30.7,20.5,16692,13149
29904,25.3,18.7,1975,1971
29905,20.8,12.3,2502,2093
29906,35.2,24.6,22608,16471
29907,30.1,18.4,14052,10891
29909,25.2,18.9,23621,21515
29910,29.4,17.5,49140,37678
29911,39.3,32.7,1320,1031
29915,27.0,17.4,557,493
29916,39.1,34.2,1362,1101
29918,44.1,36.8,4832,4026
29920,35.0,26.3,9214,7780
29921,41.4,35.6,204,155
29922,42.1,36.3,999,754
29923,45.7,38.3,354,306
29924,39.9,33.9,4038,3132
29926,28.8,20.3,24832,20866
29927,36.1,31.0,9095,7025
29928,26.3,17.7,15538,14237
29929,37.9,30.1,1048,842
29932,42.6,36.3,219,159
29934,42.0,36.5,1002,790
29935,33.9,23.9,3859,3090
29936,35.3,29.4,14196,11219
29939,42.4,34.8,202,162
29940,40.7,30.8,3789,3002
29941,31.4,28.4,304,296
29943,42.9,37.8,396,304
29944,41.9,35.4,4556,3495
29945,42.0,34.6,4207,3372
30002,29.7,19.2,6103,4846
30004,23.9,16.2,68607,49994
30005,21.6,14.6,39308,28829
30008,34.9,29.3,32435,24310
30009,23.5,16.2,19256,15396
30011,34.5,25.9,18827,13741
30012,39.0,32.2,30307,22542
30013,39.3,28.4,29181,22259
30014,40.9,30.2,39247,29792
30016,43.7,30.4,58428,43013
30017,34.5,23.9,24642,18302
30018,36.2,25.3,77,55
30019,33.8,23.1,50761,36768
30021,34.9,32.6,25442,17124
30022,22.6,16.0,66667,50325
30024,27.2,20.7,87115,63303
30025,36.9,26.2,10430,7924
30028,30.9,20.1,30318,21758
30030,25.3,14.7,32364,24172
30032,36.7,27.3,44697,36645
30033,23.9,16.2,33189,27525
30034,37.6,26.6,47450,37087
30035,38.7,28.7,22671,17622
30038,37.4,25.1,43683,33388
30039,39.6,27.3,48933,36228
30040,29.3,20.5,81191,58387
30041,27.3,19.3,72489,52643
30043,32.9,25.3,88453,68411
30044,35.8,30.2,94774,69679
30045,37.8,26.9,42230,30219
30046,37.7,30.8,40227,29536
30047,34.1,29.3,69172,51145
30052,37.7,25.8,74442,54299
30054,37.9,28.5,12659,10222
30055,35.5,27.3,3647,2773
30056,36.8,27.8,2685,2006
30058,38.6,27.5,59445,44601
30060,33.8,29.5,39890,30268
30062,26.8,18.9,66889,50379
30064,28.7,20.3,50568,39136
30066,27.3,19.4,62417,48822
30067,29.8,21.3,47653,37330
30068,24.3,16.1,34870,26121
30070,33.9,25.4,80,62
30071,37.3,33.3,25629,18578
30072,32.4,24.7,625,536
30075,23.8,15.2,56161,42825
30076,25.6,18.6,43786,33930
30078,34.9,26.1,38350,28399
30079,34.2,24.7,3696,2753
30080,29.2,19.3,52125,41843
30082,29.9,21.0,28323,21926
30083,37.2,29.7,58064,43605
30084,30.2,25.3,41654,32181
30087,33.9,23.9,38743,30545
30088,36.3,24.5,27945,21630
30092,33.1,22.3,35988,27772
30093,39.7,37.1,55364,39707
30094,38.0,28.8,33745,26331
30096,34.0,27.5,69953,54814
30097,23.0,19.2,50308,38580
30101,30.8,20.7,61989,46368
30102,34.1,24.5,43463,33191
30103,36.2,24.7,15606,11747
30104,40.4,32.3,4910,3750
30105,33.9,23.7,2283,1872
30106,35.4,28.2,24020,18289
30107,33.6,24.5,16528,12727
30108,33.4,28.3,8018,6154
30110,35.3,26.0,14327,10723
30113,38.4,31.2,6169,4790
30114,34.5,25.8,59139,43763
30115,33.2,23.1,49804,37386
30116,34.2,28.1,24497,18493
30117,34.9,29.9,37644,29159
30118,26.0,19.8,1324,1299
30120,39.5,27.3,42702,32529
30121,38.6,25.9,25089,19491
30122,38.2,29.0,24044,18539
30124,36.4,28.4,3035,2399
30125,40.3,31.9,24607,18310
30126,33.1,23.6,40305,30630
30127,33.5,23.8,68574,51713
30132,37.6,22.3,46580,33534
30134,37.9,26.9,46874,34467
30135,35.0,25.5,67508,50683
30137,37.3,23.4,1532,1199
30139,34.0,27.4,4423,3476
30141,38.7,23.3,23616,17838
30143,34.2,25.4,24476,19974
30144,28.7,21.2,53984,43414
30145,36.5,23.7,8568,6545
30147,37.6,29.0,4265,3326
30148,30.0,20.9,1655,1540
30149,21.2,14.1,1655,1613
30152,28.1,19.5,44340,34018
30153,40.1,29.7,19445,14706
30157,37.9,22.7,50727,37594
30161,39.0,30.9,35382,27873
30165,37.2,29.0,41943,31410
30168,37.7,29.3,26544,19225
30170,33.0,27.4,3075,2360
30171,37.2,26.3,3617,2774
30173,36.5,26.5,6287,4873
30175,37.0,29.9,6571,5123
30176,35.1,26.1,7195,5531
30177,34.1,27.0,497,401
30178,38.6,27.0,4074,3198
30179,34.6,25.8,18577,13711
30180,34.2,26.2,39398,29540
30182,33.9,28.0,2694,2125
30183,32.6,24.1,6406,5353
30184,35.8,22.4,7501,5820
30185,33.9,30.0,3998,3169
30187,32.2,24.3,9114,7047
30188,32.7,22.0,67972,52123
30189,33.5,22.7,39327,30642
30204,37.2,29.9,12816,10149
30205,30.7,20.8,3638,2826
30206,37.0,25.5,3086,2322
30213,34.6,25.3,42518,32007
30214,33.8,24.5,32135,25504
30215,32.1,21.7,37330,28455
30216,37.2,29.2,2102,1640
30217,36.0,30.7,9058,6912
30218,39.6,31.7,1892,1539
30220,38.5,28.0,5436,4067
30222,43.0,36.5,4143,3337
30223,40.8,33.0,38111,29566
30224,38.4,29.2,26696,20488
30228,44.3,26.5,51000,37572
30230,35.2,30.9,9145,7018
30233,38.1,30.3,26248,20921
30234,41.2,33.2,2035,1545
30236,42.8,30.4,50446,38269
30238,46.9,33.6,41617,30345
30240,34.0,29.7,30119,22782
30241,38.0,34.7,25509,19250
30248,42.4,22.9,29502,21683
30250,42.8,23.9,800,799
30251,39.0,31.2,2244,1814
30252,41.6,21.6,49702,36543
30253,46.2,26.2,62025,46193
30256,35.1,25.7,2830,2179
30257,34.7,26.2,4608,3600
30258,36.5,26.6,2625,1981
30259,35.4,25.3,3517,2754
30260,41.8,34.7,27864,20790
30263,37.5,27.7,60467,46103
30265,34.6,23.5,36697,27851
30268,32.3,25.2,10560,8008
30269,28.0,19.1,39481,29978
30273,44.9,30.7,18597,14007
30274,46.3,33.5,34537,25472
30276,34.1,21.8,18375,13774
30277,33.4,21.9,21256,16490
30281,44.9,26.9,69540,53137
30285,36.7,28.5,701,548
30286,39.6,33.4,24115,18820
30288,43.3,32.2,8610,6416
30290,30.2,19.1,9256,7149
30291,35.8,26.7,25339,18606
30292,35.8,24.9,6363,4898
30293,41.4,36.4,2650,2157
30294,42.6,28.0,43552,33204
30295,36.2,25.7,4623,3455
30296,44.0,30.2,27869,20970
30297,45.0,37.0,29669,21182
30303,29.6,23.5,9352,9120
30305,22.6,13.8,29173,25082
30306,23.3,12.9,25053,20592
30307,24.7,13.3,20807,16927
30308,24.7,15.4,22121,20488
30309,22.9,13.2,31856,29357
30310,37.6,30.7,27365,22013
30311,38.6,32.9,33568,25715
30312,29.3,20.1,25435,21496
30313,27.0,21.2,9788,9051
30314,36.9,30.5,20598,16888
30315,39.4,33.5,34327,25902
30316,31.5,20.6,33625,27942
30317,28.2,16.0,13774,11069
30318,29.0,21.0,60392,49443
30319,23.4,14.3,44026,35522
30322,27.6,20.3,2943,2931
30324,24.3,14.6,30942,27271
30326,23.4,14.3,8729,8216
30327,21.9,13.2,24789,18932
30328,22.4,15.3,40322,33147
30329,26.9,19.8,29506,23782
30331,36.2,27.9,60770,46319
30332,17.9,15.1,2531,2530
30336,32.9,19.8,1338,1107
30337,37.3,29.3,11810,9365
30338,22.2,14.3,37650,28554
30339,26.4,15.6,31490,27965
30340,31.6,29.3,30529,22989
30341,29.0,23.6,35959,27846
30342,23.6,14.8,32494,25321
30344,36.2,28.7,35365,27406
30345,26.8,18.5,25893,20186
30346,22.8,12.9,5643,4897
30349,38.7,26.6,81320,60955
30350,25.7,16.5,35882,29727
30354,36.8,30.7,16151,11818
30360,30.6,25.6,16612,12189
30363,23.1,14.3,3721,3520
30401,44.2,38.6,13649,10299
30410,40.8,33.1,1611,1266
30411,44.2,35.3,4582,4038
30412,39.4,33.2,123,95
30413,40.3,37.2,1351,1078
30415,39.0,26.8,7580,5650
30417,42.2,35.4,10908,8210
30420,38.0,30.1,1921,1489
30421,38.9,33.5,3303,2590
30423,42.1,38.8,85,69
30425,40.4,33.0,1432,1092
30426,38.5,32.9,924,753
30427,39.9,34.7,10798,7911
30428,39.8,34.7,2741,2070
30429,45.8,38.7,271,203
30434,40.7,35.1,5444,4250
30436,41.1,35.4,11691,8759
30439,42.7,34.1,10161,7606
30441,42.3,38.3,1916,1483
30442,43.5,38.7,8515,6894
30445,40.5,32.1,3226,2626
30446,41.1,34.6,1491,1112
30449,46.8,36.7,84,75
30450,41.4,30.4,2474,1900
30452,42.7,31.0,1540,1172
30453,44.1,38.6,8946,7184
30454,38.7,29.1,702,537
30455,37.1,30.5,674,548
30456,38.7,33.3,2014,1555
30457,42.2,38.7,5899,4525
30458,38.2,25.4,48526,39809
30461,38.8,24.8,16534,12598
30464,43.3,37.8,69,52
30467,39.8,33.1,11973,9259
30470,35.7,28.2,848,668
30471,42.2,34.8,4594,3530
30473,39.7,33.3,2597,2026
30474,40.0,31.3,16828,12598
30477,44.7,42.4,2627,2105
30501,34.7,33.5,29779,21856
30504,33.4,33.4,27403,20363
30506,30.9,24.0,45215,35637
30507,35.7,34.4,30573,22033
30510,34.2,30.1,8612,6920
30511,35.2,31.5,3246,2499
30512,34.6,28.4,22608,19084
30513,38.6,30.7,11885,9914
30516,35.8,30.7,1933,1471
30517,31.7,23.1,17033,12605
30518,33.3,25.1,56149,40523
30519,33.0,25.1,54608,40511
30520,37.5,29.4,4345,3315
30521,39.0,31.1,5176,4055
30522,36.3,29.7,1154,1021
30523,31.1,25.7,13512,10896
30525,34.8,29.7,7937,6412
30527,28.6,21.9,4619,3491
30528,35.1,26.7,23885,18965
30529,34.8,29.5,12033,9155
30530,36.3,31.0,6707,5174
30531,33.5,32.0,11512,8513
30533,29.9,26.0,26589,22068
30534,31.9,23.8,30903,24246
30535,30.9,25.5,8309,6627
30536,34.1,27.6,8764,7287
30537,32.4,27.0,1476,1248
30538,37.7,29.3,3020,2347
30539,37.5,29.8,112,86
30540,34.3,28.7,19397,15477
30541,38.0,27.9,1707,1409
30542,30.5,23.0,37575,29056
30543,33.8,31.2,5001,3650
30545,32.9,23.5,895,783
30546,32.8,29.3,7625,6640
30547,34.0,27.5,3312,2530
30548,30.0,22.1,22960,17436
30549,32.1,23.5,28696,20702
30552,33.0,27.1,1717,1428
30553,38.9,31.0,7788,6088
30554,32.4,26.8,8394,6514
30555,37.9,27.3,2100,1707
30557,37.5,28.9,5094,4089
30558,34.1,28.4,5578,4268
30559,38.2,29.3,4699,3940
30560,38.3,29.4,5110,4367
30562,34.4,30.1,550,456
30563,31.6,26.5,5713,4280
30564,29.6,23.5,4642,3692
30565,34.7,29.1,4708,3683
30566,31.6,27.0,8660,6712
30567,33.2,27.1,4610,3436
30568,33.6,27.6,2147,1719
30571,33.4,23.8,3244,2783
30572,35.5,28.5,1198,1046
30573,29.7,22.7,146,115
30575,33.9,28.9,1516,1125
30576,35.0,29.6,2642,2137
30577,38.9,31.8,22726,17925
30581,36.0,28.7,80,74
30582,30.3,24.7,5620,4912
30597,18.4,15.8,1681,1655
30601,34.6,30.9,25036,20045
30602,24.4,23.4,1294,1289
30605,28.2,23.6,43205,37008
30606,29.5,23.0,46798,38065
30607,33.5,28.7,11383,8614
30609,24.0,22.8,3040,3035
30619,37.1,29.4,1610,1274
30620,34.8,25.9,15792,11272
30621,29.4,18.6,6352,4479
30622,28.9,18.7,11044,8027
30623,25.8,21.9,96,78
30624,35.0,29.8,2895,2290
30625,31.0,23.5,2515,2109
30627,36.9,30.3,2295,1810
30628,36.1,27.2,7303,5537
30629,37.5,32.9,4950,3828
30630,37.5,30.0,2411,1875
30631,42.9,37.2,1554,1284
30633,38.7,33.1,8711,6796
30634,35.5,29.9,2307,1740
30635,39.2,33.7,15365,12164
30641,34.1,24.4,2005,1586
30642,32.9,25.2,14121,11615
30643,35.3,30.3,16655,13390
30646,38.1,30.6,7664,5839
30648,36.8,28.3,2741,2127
30650,32.5,24.9,13631,10473
30655,40.5,31.3,27541,20581
30656,38.0,29.1,17490,13744
30660,38.9,32.8,1029,819
30662,36.5,28.7,9149,7139
30663,34.6,28.8,3244,2540
30665,49.4,47.3,108,78
30666,33.8,25.7,10726,7985
30667,36.1,27.2,776,631
30668,39.0,34.5,1706,1457
30669,38.3,32.4,3328,2538
30673,41.9,36.6,7255,5734
30677,29.0,18.0,20579,15208
30678,39.4,34.3,1219,1007
30680,34.9,27.9,46629,34698
30683,33.4,26.2,7252,5742
30701,35.1,31.4,41694,31260
30705,41.5,28.9,33549,25236
30707,36.2,26.6,15839,12244
30708,44.1,28.5,367,281
30710,36.1,26.7,6949,5367
30711,42.6,28.7,3282,2602
30720,36.6,30.3,27547,20852
30721,39.9,35.3,53432,38433
30725,37.8,29.1,4750,3645
30728,39.7,32.2,18763,14594
30730,34.5,34.2,1818,1421
30731,33.5,30.2,2309,1860
30733,37.1,33.9,2060,1569
30734,36.5,33.4,3739,2956
30735,37.9,31.8,6207,4709
30736,33.8,23.9,43344,33227
30738,35.5,25.8,3962,3232
30739,37.2,27.1,6335,4993
30740,35.9,25.9,8394,6514
30741,37.5,30.3,30309,23803
30742,33.9,27.5,7698,6149
30746,35.5,30.8,1335,1058
30747,35.5,35.1,15001,11618
30750,29.8,19.7,4052,3272
30751,41.1,25.6,86,66
30752,36.0,27.9,9602,7427
30753,36.1,34.5,7619,5962
30755,36.3,27.6,9930,7735
30757,33.4,23.2,1591,1316
30802,34.6,26.0,6849,5470
30803,37.9,34.0,770,609
30805,35.0,30.8,2748,2116
30807,42.9,34.5,123,102
30808,39.8,35.3,4489,3502
30809,31.1,21.8,51813,37942
30810,36.3,30.5,1976,1546
30812,36.8,33.6,122,122
30813,35.2,25.1,49376,35004
30814,35.1,26.7,9509,7094
30815,37.2,30.1,40131,30510
30816,40.3,36.9,2061,1581
30817,38.5,32.7,7364,5972
30818,40.1,35.8,495,386
30820,39.7,32.2,1171,910
30821,43.9,35.8,769,661
30823,40.2,35.5,1712,1356
30824,39.5,32.2,16832,12892
30828,44.6,37.6,3952,3090
30830,40.8,34.3,14885,11272
30833,42.1,37.8,3848,2944
30901,43.5,42.9,15978,12385
30904,35.7,30.6,24145,19291
30905,25.3,21.8,8301,7056
30906,40.3,36.2,58458,43321
30907,31.4,24.2,50964,39871
30909,32.0,24.3,48181,38564
31001,46.2,36.8,4333,3786
31002,38.4,32.7,2819,2186
31003,36.3,33.6,127,102
31005,36.7,20.5,20531,14890
31006,42.6,37.5,4301,3351
31007,41.7,39.2,770,622
31008,37.4,25.4,20431,15825
31009,40.3,31.0,1332,1079
31011,39.4,34.5,875,643
31012,41.4,31.6,2505,2164
31014,37.3,29.8,12915,9885
31015,45.1,37.1,18900,14574
31016,37.5,29.1,1631,1314
31017,37.9,30.5,1813,1457
31018,43.1,31.5,2584,2343
31019,41.6,31.8,2430,1827
31020,41.5,33.7,1957,1653
31021,45.0,35.6,29051,22221
31022,39.3,27.9,1574,1191
31023,40.5,33.9,14319,11154
31024,39.2,30.2,20802,16776
31025,36.4,21.0,1651,1265
31027,45.6,35.9,9969,7397
31028,39.5,26.6,6233,4871
31029,36.7,27.8,17440,13498
31030,42.2,33.8,17768,14015
31031,40.2,32.5,5770,4496
31032,38.0,28.2,14261,10826
31033,41.7,32.0,2260,1735
31035,40.4,34.3,1162,939
31036,40.6,32.1,10985,8870
31037,40.6,32.8,3645,3110
31038,37.6,30.0,822,656
31041,45.2,48.8,681,584
31042,43.5,34.9,1507,1200
31044,42.5,37.6,2600,2139
31045,44.6,40.4,60,50
31046,33.6,24.6,3406,2654
31047,36.3,19.9,16884,12252
31049,38.8,32.6,1742,1352
31050,34.7,26.5,855,687
31051,43.2,37.0,82,57
31052,37.7,25.5,8774,7008
31054,41.5,33.6,1568,1275
31055,44.6,41.9,6237,5091
31057,43.4,42.2,1595,1302
31058,38.5,34.0,1759,1394
31060,38.3,33.7,1543,1169
31061,39.2,30.2,42450,34725
31063,40.6,36.2,4781,3678
31064,37.7,30.7,9880,7483
31065,40.3,28.9,1081,868
31066,38.4,30.7,1095,901
31067,41.0,39.3,159,129
31068,48.4,47.0,4377,3863
31069,39.8,25.8,22915,17309
31070,39.4,33.4,724,599
31071,41.5,34.4,1071,880
31072,39.0,31.6,1275,959
31075,40.9,29.3,2647,1993
31076,42.6,38.4,2814,2212
31077,38.2,32.9,1010,802
31078,41.1,33.2,3367,2689
31079,41.4,33.1,2580,2008
31081,43.4,44.7,229,163
31082,42.8,35.2,10178,7775
31083,42.7,41.4,160,119
31085,37.9,32.7,973,762
31087,45.3,39.7,8920,7622
31088,38.8,24.3,57034,42885
31089,44.7,36.8,4562,3427
31090,39.6,33.6,973,770
31091,42.2,32.1,4184,3662
31092,40.9,34.9,5602,4366
31093,45.4,33.4,28614,21525
31094,40.0,31.8,1035,831
31096,46.4,38.4,6964,5766
31097,38.1,31.5,1316,1083
31098,38.6,23.8,2750,1938
31201,46.9,35.4,8882,7600
31204,48.4,38.2,30512,23149
31206,52.5,42.8,26519,18541
31207,36.9,32.0,1512,1503
31210,36.6,23.2,35345,27594
31211,45.8,34.9,15867,12212
31216,40.4,27.9,16379,13207
31217,47.2,38.2,17808,13332
31220,38.0,24.0,14984,11782
31301,37.3,30.3,4073,2996
31302,34.4,24.7,7542,5887
31303,40.2,28.2,2365,1826
31305,41.6,37.7,4401,3667
31307,35.5,23.5,1148,867
31308,36.5,27.2,8146,6167
31309,30.9,26.9,951,756
31312,37.1,23.3,24401,17282
31313,33.5,28.7,41474,30022
31314,20.3,16.9,2789,2766
31315,28.5,23.9,6664,3993
31316,37.4,28.8,12306,8480
31318,36.1,24.3,572,409
31320,32.5,28.9,9790,7736
31321,38.6,29.1,6974,5265
31322,30.2,21.2,27931,21627
31323,38.2,36.1,1548,1235
31324,32.7,19.6,33733,23519
31326,38.1,24.4,22449,16476
31327,44.5,42.5,128,89
31328,26.5,20.2,3430,3123
31329,38.0,25.9,9760,7233
31331,40.2,34.3,6219,5104
31333,33.2,28.8,133,93
31401,32.0,26.7,22927,19651
31404,35.7,28.5,31530,25249
31405,33.9,27.3,38069,30446
31406,32.6,25.2,34579,27027
31407,32.3,22.8,20990,15570
31408,39.2,33.0,11790,9336
31409,23.7,16.4,670,636
31410,26.8,17.9,23782,19122
31411,23.0,17.2,9378,8010
31415,44.8,39.9,11034,8181
31419,32.5,24.5,55413,43821
31421,29.8,25.6,62,56
31501,43.0,37.8,14036,10495
31503,40.3,35.8,22356,17361
31510,37.1,32.6,9893,7302
31512,33.9,28.0,2052,1486
31513,40.7,34.9,16156,12171
31516,35.8,30.0,15539,11732
31518,39.2,32.5,699,567
31519,37.2,32.0,3550,2657
31520,42.3,39.0,22726,17272
31522,28.3,19.4,16892,14484
31523,32.9,24.0,14803,11305
31525,36.0,28.1,28766,22204
31527,29.4,24.3,866,817
31532,37.6,32.8,688,541
31533,40.0,36.6,16714,12313
31535,39.6,35.0,12506,9129
31537,41.0,33.2,10500,8602
31539,41.4,36.7,14372,10557
31542,36.8,31.0,2604,1986
31543,38.8,30.9,5192,3920
31544,43.2,41.9,699,528
31545,43.6,34.8,16089,12056
31546,43.0,32.7,6771,5240
31547,27.1,19.8,2118,2108
31548,37.8,26.6,22359,16518
31549,45.0,43.1,1591,1247
31550,37.9,34.4,798,628
31551,34.3,28.4,927,706
31552,37.3,34.0,1176,916
31553,37.5,29.6,5140,3890
31554,42.3,37.2,7510,6227
31555,40.6,30.6,2926,2237
31557,38.3,34.6,3242,2474
31558,38.1,28.3,21348,16154
31560,42.6,34.2,2800,2147
31561,25.4,19.5,190,182
31562,38.0,33.2,2237,1719
31563,41.2,35.6,1235,950
31565,37.4,27.5,2039,1658
31566,43.3,37.7,3417,2603
31567,37.1,32.8,743,589
31568,37.5,27.1,1162,944
31569,38.4,27.6,5461,4198
31599,50.4,32.5,1094,1094
31601,45.8,38.4,32331,24066
31602,38.6,28.8,35999,27858
31605,35.7,24.0,23682,17355
31606,38.1,30.3,3894,3025
31620,37.3,32.1,10822,8114
31622,39.0,34.7,1863,1410
31623,45.7,38.5,146,110
31624,41.2,35.9,1596,1223
31625,37.0,31.8,1123,885
31626,40.8,31.4,3378,2694
31627,39.3,33.2,216,169
31629,39.3,32.6,902,725
31630,41.6,35.1,537,386
31631,39.3,33.9,531,382
31632,34.8,23.8,14053,10060
31634,42.4,35.8,5678,4245
31635,41.7,35.2,6653,4976
31636,38.2,30.5,10136,7571
31637,36.2,32.2,3086,2415
31638,37.8,32.6,941,754
31639,37.7,33.6,10305,7825
31641,39.7,30.8,2057,1554
31642,44.4,39.8,4734,3427
31643,42.8,40.1,9252,7111
31645,37.7,29.7,4990,3629
31647,40.2,35.7,3507,2542
31648,41.8,34.9,931,688
31649,41.5,35.9,732,574
31650,42.7,38.1,3154,2409
31698,28.2,20.9,1642,1635
31699,24.8,17.4,729,710
31701,45.6,39.3,18133,13981
31704,25.1,18.1,98,98
31705,45.2,39.8,29858,22677
31707,39.7,30.8,24623,19257
31709,39.2,32.4,15487,11830
31711,39.4,36.8,895,704
31712,40.1,32.9,1155,944
31714,47.3,40.9,6630,5060
31716,42.7,31.1,2685,2022
31719,41.9,34.3,9335,7283
31720,40.1,29.0,416,337
31721,35.9,25.0,19652,15409
31722,36.6,38.4,532,405
31730,46.4,36.5,9160,7108
31733,36.8,28.9,1577,1208
31735,38.3,35.1,695,612
31738,38.2,31.0,2293,1782
31743,44.7,36.9,454,349
31744,34.9,31.8,3135,2452
31747,38.0,40.4,183,129
31749,39.6,35.5,2521,1854
31750,41.6,37.4,18283,14031
31756,31.0,29.0,949,735
31757,38.3,27.8,11234,8618
31763,39.1,23.5,27963,20634
31764,40.9,35.2,1116,936
31765,41.4,35.6,2477,1850
31768,36.5,35.3,23050,17080
31771,35.1,34.7,5809,4324
31772,39.3,34.1,439,336
31773,37.0,29.2,4005,3095
31774,41.0,33.3,6735,5229
31775,38.3,36.5,2862,2032
31778,35.4,28.0,2592,2063
31779,44.5,34.6,8883,7155
31780,39.3,33.4,1821,1457
31781,39.1,34.6,1510,1164
31783,38.4,32.1,1062,841
31784,41.3,33.8,652,516
31787,41.5,28.4,1511,1177
31788,34.9,35.4,11283,8397
31789,39.1,34.8,1499,1191
31790,40.5,30.8,1950,1568
31791,39.5,33.6,11756,9147
31792,39.4,28.9,24374,18529
31793,35.6,28.6,8932,7011
31794,40.5,34.5,28012,20974
31795,38.6,31.4,1978,1537
31796,38.9,33.8,1597,1416
31798,37.7,32.3,1139,886
31801,37.3,30.6,2771,2271
31803,41.2,36.4,4889,3801
31804,31.6,21.6,5946,4609
31805,43.9,34.5,2633,2011
31806,37.8,28.8,4337,3176
31807,33.7,23.1,2855,2166
31808,31.7,19.9,8737,6410
31810,43.0,37.3,160,137
31811,33.2,22.5,6274,4835
31812,40.9,33.9,463,385
31814,43.7,44.1,88,81
31815,41.4,39.6,3136,2844
31816,42.7,35.5,5056,3951
31820,33.6,20.8,12697,9548
31821,41.8,40.9,257,210
31822,35.4,28.1,5244,4187
31823,33.7,27.0,715,555
31824,43.0,34.8,1487,1161
31825,43.9,38.8,2269,1814
31826,39.5,31.5,2007,1641
31827,47.1,41.5,1734,1386
31829,33.0,18.7,1531,1206
31830,40.7,36.1,2101,1700
31831,35.3,25.6,3829,2930
31832,41.9,37.8,173,140
31833,37.4,32.7,6913,5387
31836,41.5,35.2,938,809
31901,42.0,33.0,7126,5957
31903,51.4,46.2,20703,14845
31904,37.9,29.2,36947,28711
31905,30.6,18.6,14094,9440
31906,43.3,33.3,21835,16696
31907,43.0,32.0,60557,46572
31909,34.5,23.6,38760,29783
32003,30.8,20.2,29142,22597
32008,37.0,32.6,5397,4335
32009,36.1,22.6,3213,2553
32011,36.5,24.4,15678,12066
32024,37.4,29.4,20106,15564
32025,41.2,32.8,21886,17401
32026,46.5,34.2,1863,1860
32033,30.2,21.4,4789,3932
32034,31.7,17.5,38167,32385
32038,39.1,30.5,10141,8141
32040,36.3,29.0,7958,6048
32043,35.1,26.2,30369,23233
32044,35.2,33.2,1629,1301
32046,36.0,23.7,9626,7334
32052,44.1,33.4,8462,7028
32053,44.4,37.6,3815,2918
32054,41.6,29.9,12789,10141
32055,41.7,34.1,16624,12894
32058,34.3,30.1,4386,3688
32059,34.1,28.5,2594,1993
32060,39.0,32.7,22111,17663
32061,38.4,32.8,364,262
32062,37.3,32.1,2547,2021
32063,33.9,25.8,14360,10834
32064,37.5,33.0,7495,5672
32065,35.8,25.2,40164,28984
32066,35.6,31.7,6844,5683
32068,35.5,26.1,57458,43259
32071,38.6,33.9,3854,3069
32072,40.8,35.9,176,132
32073,34.9,26.9,43527,34240
32079,24.5,40.1,517,512
32080,28.5,19.2,21889,19212
32081,28.0,15.9,24672,17527
32082,26.8,15.6,31861,26188
32083,42.3,30.9,2626,2221
32084,32.4,22.9,34526,28582
32086,30.3,21.4,31452,26225
32087,41.7,33.6,5507,4431
32091,35.8,32.0,17806,14172
32092,29.4,18.0,43691,31459
32094,35.9,29.6,2862,2264
32095,30.4,18.5,16607,12617
32096,39.9,30.6,2791,2243
32097,34.5,19.8,23564,17758
32102,37.1,31.8,2768,2412
32110,33.4,26.9,8776,7032
32112,34.9,39.5,7460,5776
32113,38.9,28.5,6396,5170
32114,37.4,30.1,34943,29166
32117,37.6,31.0,28223,22678
32118,32.4,25.9,17906,16245
32119,32.5,25.5,22498,19113
32124,32.2,21.1,8793,7784
32127,31.5,24.3,29999,25511
32128,29.4,21.7,20968,17198
32129,31.5,25.0,21594,18248
32130,34.8,29.0,5485,4298
32131,29.6,26.5,4806,3944
32132,34.2,27.0,8189,7035
32133,35.5,25.3,310,256
32134,37.4,29.1,7938,6732
32136,28.9,22.5,8432,7628
32137,29.4,23.2,46258,39563
32139,32.0,38.0,1399,1104
32140,32.5,32.8,1822,1427
32141,31.5,24.8,17955,15179
32145,34.4,25.0,5608,4264
32147,31.7,29.5,1219,987
32148,32.7,33.3,10979,8616
32157,33.0,36.9,506,405
32159,30.9,27.5,30455,27893
32162,27.0,24.9,51905,51639
32163,29.0,22.0,29064,28895
32164,31.6,25.5,49412,39853
32168,31.5,23.9,30058,25713
32169,28.1,19.9,10621,9795
32174,30.9,24.3,53097,44937
32176,30.7,23.5,14410,12948
32177,34.7,34.6,25380,19575
32179,38.8,29.2,9075,7458
32180,34.6,29.6,3834,2982
32181,34.2,37.1,2259,1779
32187,32.2,31.7,1667,1377
32189,33.4,36.9,5887,4852
32190,35.7,29.6,1115,848
32192,42.4,30.2,94,57
32193,33.4,36.7,983,886
32195,35.8,25.2,3462,2840
32202,47.5,45.4,6544,6158
32204,35.0,29.4,8673,7587
32205,33.7,25.4,29605,23674
32206,46.3,40.9,18283,13760
32207,33.3,27.1,36207,28198
32208,45.7,40.7,33286,25127
32209,48.0,44.0,36656,27213
32210,37.4,31.4,66415,49869
32211,38.6,32.9,34168,26039
32212,28.6,22.5,1393,1203
32216,33.0,27.1,42847,34117
32217,31.6,24.7,20543,16333
32218,38.0,29.4,67040,51037
32219,38.4,30.4,14474,10906
32220,35.2,29.4,13037,10254
32221,34.3,27.1,30961,23480
32222,36.2,28.3,13564,10416
32223,30.2,22.4,25600,21006
32224,28.5,20.6,42395,34851
32225,30.7,22.4,57441,45619
32226,31.9,22.6,20306,15387
32227,27.7,20.2,3799,3080
32228,25.8,18.5,219,201
32233,31.1,23.8,23980,19727
32234,34.9,28.1,7514,5784
32244,36.4,29.7,63292,47909
32246,31.4,24.8,58105,46256
32250,28.9,19.3,30080,25123
32254,44.3,40.5,14545,10795
32256,28.6,20.8,53611,44886
32257,31.3,24.4,41439,32884
32258,29.5,21.0,37859,29749
32259,28.0,15.9,62169,43623
32266,27.6,16.9,7217,5978
32277,36.2,29.4,33174,25978
32301,37.1,25.2,29686,24460
32303,34.9,22.9,48644,38934
32304,34.5,26.9,50007,43986
32305,41.9,32.3,19199,14685
32306,20.9,14.8,1711,1708
32307,31.4,22.6,1207,1200
32308,30.7,20.0,23355,19366
32309,29.8,17.7,31189,24254
32310,41.0,32.3,17209,13494
32311,32.4,20.6,21218,16826
32312,29.2,17.2,34304,26268
32317,30.2,18.7,14459,11402
32320,32.7,28.7,3726,3002
32321,45.7,32.3,6254,5147
32322,33.7,29.9,4213,3807
32323,32.9,32.6,262,240
32324,48.1,37.7,4554,3811
32327,39.3,27.4,30048,23746
32328,31.6,27.2,3721,3024
32330,41.2,28.9,541,413
32331,38.1,32.5,4192,3315
32332,50.2,37.7,1411,1067
32333,39.9,24.8,11499,9586
32334,42.4,29.8,1616,1281
32336,37.1,31.5,1408,1183
32340,40.1,34.8,10744,8714
32343,47.3,27.4,3621,2548
32344,35.7,28.6,12705,10566
32346,40.3,34.3,1750,1501
32347,40.8,31.2,7805,6006
32348,41.7,32.1,11782,9558
32350,33.6,26.5,1365,1090
32351,46.4,34.6,16526,12680
32352,46.1,33.4,5674,4512
32355,38.6,28.4,284,260
32356,35.6,28.1,117,101
32358,40.9,32.5,2185,1811
32359,35.6,29.4,1837,1603
32360,43.9,33.5,106,81
32361,34.8,28.4,237,202
32401,38.0,31.8,20487,16204
32403,26.4,22.7,141,118
32404,33.7,26.0,38186,30092
32405,33.4,26.2,28158,21863
32407,31.8,22.0,14366,11634
32408,31.2,21.0,17479,14646
32409,34.8,27.4,10394,8040
32410,30.2,20.9,439,385
32413,31.4,22.7,15217,13058
32420,35.6,29.5,2289,1826
32421,39.2,30.8,4214,3262
32423,39.5,34.5,1213,989
32424,41.6,33.7,7145,5854
32425,37.0,30.3,14419,11470
32426,42.9,36.7,778,644
32427,41.8,34.0,1293,994
32428,40.1,31.6,17946,14410
32430,39.4,33.4,1095,848
32431,38.7,31.9,4981,3765
32432,34.9,27.4,98,75
32433,34.1,28.5,18036,14140
32435,32.2,26.3,6935,5435
32437,42.2,36.5,612,474
32438,37.6,32.4,4363,3385
32439,30.6,22.3,12943,10059
32440,41.1,34.0,7581,6338
32442,37.9,31.0,3569,2781
32443,42.3,34.5,2975,2293
32444,31.7,23.0,19913,15419
32445,41.4,31.2,2468,2203
32446,34.6,27.3,9970,8051
32448,40.7,34.6,8084,6279
32449,38.4,32.9,567,456
32455,34.6,28.7,4425,3456
32456,32.9,24.2,7439,6336
32459,27.6,17.1,20567,16089
32460,39.8,30.6,5409,4626
32461,27.6,16.2,2878,2385
32462,41.0,35.0,3473,2800
32463,39.0,30.5,166,125
32464,32.9,24.9,3858,3087
32465,37.2,30.1,7251,5929
32466,35.8,28.3,6195,4873
32501,41.8,32.6,10960,8930
32502,35.7,24.4,4277,3725
32503,33.3,23.1,33693,27869
32504,32.8,23.1,21791,17817
32505,44.0,36.8,28671,21200
32506,36.7,28.0,36017,28128
32507,35.7,26.4,31215,25307
32508,26.4,17.3,5528,5139
32509,43.1,26.7,561,560
32511,23.5,16.2,1380,1356
32514,34.0,24.9,40844,33814
32526,36.1,26.8,43029,33704
32530,32.9,19.2,142,120
32531,32.0,24.4,6532,5020
32533,34.8,24.1,30517,23709
32534,36.7,26.2,16006,12726
32535,42.8,35.5,6043,4947
32536,32.2,23.8,25807,18778
32539,31.7,23.2,31749,24131
32541,28.9,19.7,18419,15147
32542,24.8,15.9,3834,2638
32544,26.3,17.8,1509,1070
32547,31.8,25.7,35466,27938
32548,32.1,25.7,22399,18289
32550,27.0,18.7,7828,6944
32561,28.6,16.5,9241,7466
32563,30.8,19.0,27329,21133
32564,32.8,25.2,3159,2420
32565,34.3,24.9,6105,4684
32566,31.4,18.7,44434,33735
32567,32.2,26.2,4210,3246
32568,35.4,26.5,3093,2464
32569,29.5,21.5,12378,9831
32570,33.9,24.0,33144,25767
32571,31.5,19.6,38885,28864
32577,35.2,25.9,5316,4138
32578,28.7,20.3,35075,26917
32579,27.9,21.3,10444,8504
32580,29.5,21.7,4120,3271
32583,34.2,22.8,31047,25540
32601,31.8,22.5,22039,19575
32603,26.7,19.8,7367,6934
32605,29.5,18.0,24326,19763
32606,27.6,17.2,24380,19531
32607,31.4,21.7,35420,29148
32608,29.1,20.0,55540,46273
32609,37.9,27.9,18322,14753
32612,29.5,24.3,6498,6386
32615,32.3,21.3,16524,13023
32616,30.8,20.7,178,138
32617,40.3,29.7,4295,3434
32618,32.5,22.4,7183,5630
32619,35.7,29.5,5007,3973
32621,34.9,30.6,5396,4153
32622,36.1,32.9,1456,1173
32625,32.0,28.7,1620,1416
32626,32.8,29.3,8620,6819
32628,37.2,31.4,5343,4514
32631,34.3,26.7,311,247
32639,32.9,27.2,325,267
32640,33.8,29.5,10281,8402
32641,43.5,34.4,13872,10372
32643,33.6,23.3,12549,9881
32648,32.7,31.0,443,369
32653,30.2,19.3,14397,11444
32656,34.0,26.5,14686,11423
32658,33.9,23.6,299,221
32664,37.9,27.6,504,430
32666,32.0,28.2,5961,4947
32667,34.2,23.4,4117,3447
32668,35.0,30.4,5548,4546
32669,31.4,19.9,15890,11736
32680,34.6,33.1,10008,8052
32681,40.0,28.3,133,104
32683,31.7,26.8,133,102
32686,39.3,27.0,4339,3596
32692,34.5,36.8,197,183
32693,34.4,27.8,12815,10067
32694,32.7,24.2,1962,1613
32696,34.7,30.1,12784,10098
32697,38.0,27.0,278,170
32701,31.8,24.4,23265,19302
32702,35.1,30.7,3186,2625
32703,34.7,26.6,54805,41483
32707,30.1,22.8,37704,30588
32708,28.2,19.3,47045,37262
32709,31.4,21.7,2691,2132
32712,32.6,23.3,50085,38162
32713,30.3,22.0,22438,18441
32714,30.9,22.7,38049,30441
32720,33.4,26.7,33568,27110
32724,32.1,25.1,40559,32889
32725,34.2,27.0,50435,39707
32726,38.0,30.2,23012,18530
32730,30.8,22.6,5743,4751
32732,27.3,17.8,5596,4570
32735,33.8,23.7,5812,4756
32736,35.5,24.1,11412,9090
32738,34.4,26.5,47284,36596
32744,32.7,23.8,3789,3134
32746,26.9,18.9,45828,36228
32750,28.6,21.1,25261,20211
32751,29.4,18.7,23230,18661
32754,34.6,24.5,11996,9770
32757,34.5,25.2,30315,24877
32759,33.2,26.1,2951,2544
32763,32.8,26.9,23391,18676
32764,31.6,23.2,3238,2705
32765,27.5,18.7,65228,50590
32766,27.3,17.4,16541,12150
32767,36.1,27.0,2939,2293
32771,31.4,23.3,57178,43566
32773,33.0,26.0,33990,25934
32776,35.2,23.0,12456,9585
32778,35.1,28.1,23993,20028
32779,26.5,17.6,29321,23010
32780,35.1,26.0,39525,32377
32784,36.8,27.0,11212,8857
32789,28.5,18.1,26399,21828
32792,30.7,22.9,51376,42141
32796,34.6,25.7,20818,16999
32798,29.6,27.6,2501,2304
32801,28.7,18.7,17728,16297
32803,29.2,17.0,21003,18216
32804,29.6,18.0,19084,15773
32805,42.5,34.6,23331,17962
32806,30.2,19.1,26582,21946
32807,34.7,28.7,34384,27377
32808,42.8,35.2,52551,38734
32809,37.4,32.2,29478,22297
32810,37.0,28.2,35925,27831
32811,40.6,31.3,42274,32009
32812,33.7,25.5,34586,27880
32814,25.8,12.8,9218,7345
32816,21.3,15.2,8246,8154
32817,29.7,23.0,40376,34386
32818,40.5,32.2,48052,35967
32819,29.6,20.1,30857,24930
32820,32.8,23.4,10150,7779
32821,31.1,21.3,25999,22244
32822,35.5,29.4,64120,50434
32824,33.7,25.6,57412,43225
32825,33.7,26.4,61755,48490
32826,28.6,22.3,33065,28883
32827,30.8,20.4,19042,14031
32828,29.8,19.6,68428,51390
32829,31.5,22.7,20629,15948
32831,34.1,18.7,2619,2578
32832,30.1,18.4,34882,24880
32833,32.5,23.9,10542,8277
32835,34.2,24.4,45380,35793
32836,27.9,18.6,23205,18132
32837,32.4,24.9,56813,44077
32839,39.6,31.9,58641,44871
32901,35.5,28.7,26286,22538
32903,31.0,19.1,13880,11530
32904,31.5,21.5,35399,28410
32905,35.5,26.8,26064,21747
32907,35.9,26.0,44432,35303
32908,37.5,26.5,14420,10726
32909,37.5,26.8,36789,28635
32920,32.5,22.1,9984,9196
32922,39.1,28.9,15923,12209
32925,34.6,22.0,1308,1009
32926,37.0,28.3,22693,18646
32927,36.0,25.0,27996,22438
32931,31.2,20.5,13643,12384
32934,32.2,21.4,18355,15155
32935,34.7,24.5,41837,34385
32937,30.8,18.6,27306,22359
32940,30.1,19.6,44869,36437
32948,31.9,32.7,6609,4686
32949,32.8,23.0,2538,2205
32950,32.4,20.7,4545,3859
32951,30.1,19.5,11525,10213
32952,31.4,20.4,20670,17350
32953,33.7,23.8,24430,20141
32955,32.9,21.8,40275,32361
32958,26.5,24.7,28619,24858
32960,28.3,26.7,21522,18004
32962,27.6,25.3,26011,21166
32963,21.7,19.1,16291,15205
32966,25.1,24.9,19724,17456
32967,28.8,26.2,25785,20610
32968,25.5,20.9,15006,12216
32970,32.8,27.7,253,206
32976,33.2,29.2,9618,9116
33001,23.8,22.0,411,384
33004,32.9,28.4,16162,13376
33009,31.6,29.9,43301,36351
33010,31.7,42.8,43902,37277
33012,31.4,42.6,70260,59518
33013,30.5,40.8,31068,26437
33014,29.0,33.5,40261,33229
33015,29.2,31.7,65645,51819
33016,30.2,36.3,45714,37330
33018,28.1,31.4,54273,43337
33019,25.8,20.5,15497,13657
33020,33.0,28.8,45044,36974
33021,29.4,26.0,50091,40221
33023,34.8,30.9,66749,51222
33024,30.5,27.5,74843,58049
33025,31.9,26.5,75455,58713
33026,27.9,23.9,30510,24235
33027,29.0,27.8,63726,51101
33028,26.6,20.8,28140,21545
33029,27.0,21.5,46202,35328
33030,33.7,42.2,36776,26503
33031,27.6,30.0,6560,5244
33032,31.0,33.2,58727,42670
33033,31.4,35.1,66871,48314
33034,36.8,43.9,22850,16627
33035,28.0,26.2,18065,12745
33036,24.1,21.2,3541,3120
33037,26.4,25.0,13875,11860
33040,26.5,23.2,35958,30094
33042,24.4,20.1,6841,6012
33043,26.3,23.6,4661,4082
33050,26.2,24.6,10479,8900
33051,24.2,22.6,790,751
33054,35.9,40.6,30352,22910
33055,32.5,38.9,42950,34482
33056,34.6,34.8,36556,27820
33060,33.4,30.5,35793,27853
33062,25.5,21.6,25293,23385
33063,30.1,27.2,56296,46340
33064,32.2,28.8,62429,49387
33065,31.0,26.0,59668,44549
33066,27.3,26.3,16845,14724
33067,25.6,18.1,27564,20744
33068,35.2,30.6,53137,39225
33069,31.4,28.3,28817,23613
33070,25.6,23.6,6220,5345
33071,28.0,21.3,40026,30691
33073,28.6,22.4,32853,25248
33076,24.5,17.3,41826,30028
33109,22.5,22.5,684,584
33122,25.8,23.3,2126,1766
33125,32.5,42.3,53507,44356
33126,29.8,36.8,48751,41165
33127,35.9,41.5,27692,21346
33128,32.5,43.7,8213,6776
33129,24.1,21.7,15218,12893
33130,28.4,30.9,35609,30822
33131,22.3,15.8,26213,23116
33132,24.8,19.0,18159,16607
33133,25.3,23.2,34141,28102
33134,25.6,26.5,38739,32480
33135,32.3,42.4,36232,30271
33136,32.9,35.9,15439,12213
33137,27.0,24.3,25763,22527
33138,28.7,27.2,27601,22686
33139,26.8,25.3,36286,32330
33140,23.6,21.6,19315,15683
33141,27.9,27.8,35995,30959
33142,35.9,44.3,55425,42799
33143,24.5,23.5,34853,28840
33144,29.5,37.3,25814,22053
33145,27.7,31.2,29737,25124
33146,23.5,22.8,16468,14053
33147,35.0,39.5,48823,37988
33149,23.5,20.3,14847,10705
33150,37.9,42.3,28703,21800
33154,24.8,23.2,14792,11741
33155,26.8,30.5,43695,36326
33156,23.3,20.7,34036,26907
33157,29.0,31.1,68069,53838
33158,22.1,19.1,6674,5159
33160,26.0,25.7,44085,36800
33161,33.4,35.0,53015,42166
33162,32.7,34.8,45277,35381
33165,27.6,33.9,54070,45365
33166,27.7,29.1,26106,21269
33167,36.1,39.6,19142,14935
33168,35.2,36.9,24715,19568
33169,34.8,33.6,42308,32337
33170,32.4,35.4,14908,11175
33172,29.2,35.0,43911,36268
33173,26.7,30.0,33648,27944
33174,29.0,37.5,32962,28379
33175,27.9,33.6,52950,44055
33176,27.0,27.4,52370,42591
33177,29.9,34.0,56331,45241
33178,26.7,25.6,65487,49714
33179,29.6,28.8,48088,38325
33180,24.4,23.0,35062,28225
33181,29.3,28.6,20955,17407
33182,26.8,29.3,13310,11089
33183,28.7,33.7,35891,29484
33184,28.2,34.7,20913,17694
33185,26.7,28.3,28819,22551
33186,27.2,28.3,69866,56553
33187,28.1,30.5,19233,15252
33189,29.0,32.1,25598,20110
33190,29.9,30.5,15092,11164
33193,28.2,33.0,47619,38513
33194,27.6,25.7,8817,7246
33196,27.4,28.4,52786,41554
33301,26.1,17.7,19109,17541
33304,27.5,20.1,19978,17804
33305,27.7,20.2,12044,10885
33306,25.8,19.0,3526,3099
33308,25.2,20.8,29519,26684
33309,33.7,28.7,37642,29630
33311,39.3,35.2,69413,51960
33312,32.5,28.3,51570,40665
33313,39.3,35.5,63284,47833
33314,29.4,26.2,30248,24128
33315,28.3,22.8,13555,11512
33316,26.3,20.1,12669,11264
33317,30.1,25.7,37590,29578
33319,34.4,30.4,51891,41857
33321,30.9,29.4,51011,42582
33322,29.4,28.1,41050,35182
33323,26.9,19.9,23149,18491
33324,27.7,22.0,46766,38017
33325,28.9,25.0,31556,24175
33326,27.0,21.0,33978,25633
33327,24.7,17.0,22174,15709
33328,25.8,20.0,28997,22391
33330,25.5,19.4,14738,11360
33331,25.0,19.5,23016,17595
33332,24.9,18.3,10915,7970
33334,30.9,27.0,30138,25138
33351,31.5,26.8,36913,28686
33401,29.4,27.4,31302,26315
33403,30.0,26.2,13779,10689
33404,33.0,30.9,31869,24832
33405,27.8,27.6,19369,15473
33406,29.4,29.9,27663,21734
33407,33.9,32.4,34558,25767
33408,22.8,20.5,18965,16883
33409,30.3,29.0,33061,25632
33410,24.0,21.1,35946,29992
33411,26.9,24.1,74206,58542
33412,24.2,20.7,15872,13230
33413,30.5,29.8,17503,13157
33414,25.2,20.8,59802,45503
33415,31.4,34.0,51251,38767
33417,30.0,33.5,34153,28112
33418,22.3,19.3,43383,36812
33426,26.5,24.3,25155,21305
33428,26.1,24.1,42828,33089
33430,36.4,38.4,20327,14988
33431,21.9,18.6,22047,19212
33432,23.6,19.8,22061,19330
33433,22.9,21.1,46302,38043
33434,22.7,23.9,21003,18355
33435,29.5,28.2,37318,30638
33436,26.8,26.2,45230,37544
33437,22.7,25.0,36889,33080
33438,39.6,49.3,527,410
33440,38.5,39.5,19402,14295
33441,32.3,28.0,29311,24067
33442,28.2,26.7,32340,28032
33444,30.7,27.3,22671,18625
33445,25.9,24.6,32265,28098
33446,22.9,23.7,30051,26630
33449,23.3,20.4,9920,7763
33455,27.0,24.4,20799,18202
33458,24.5,20.3,55083,42486
33460,32.1,33.8,36409,27724
33461,31.1,33.8,47161,35497
33462,27.8,27.7,33982,27224
33463,30.3,30.3,64608,47961
33467,24.7,23.5,55813,45667
33469,23.6,19.7,15101,12887
33470,26.8,23.0,30308,23760
33471,37.8,35.2,6410,5480
33472,23.1,23.2,18893,16037
33473,22.5,18.2,11057,8686
33476,38.8,41.2,7608,5478
33477,21.8,21.5,12683,12046
33478,24.2,18.8,14740,11660
33480,20.8,20.2,10716,10058
33483,23.7,20.2,13103,12106
33484,23.3,25.7,26340,24660
33486,24.7,19.7,22947,17976
33487,23.0,19.5,20644,17850
33493,36.9,36.8,5129,3966
33496,22.2,20.7,23805,20014
33498,22.7,18.7,15002,11784
33503,29.8,24.1,131,89
33510,32.2,25.2,30049,23184
33511,31.1,23.3,56627,44519
33513,34.9,27.9,12204,10204
33514,36.6,32.0,1783,1334
33521,34.7,23.7,578,453
33523,34.0,28.2,18540,14209
33525,32.9,29.3,18620,15088
33527,32.8,28.0,16259,12148
33534,34.8,27.4,17952,12734
33538,35.3,30.1,5096,4148
33540,31.9,29.2,9603,7968
33541,31.6,29.3,22692,19383
33542,33.2,32.2,22649,19046
33543,30.2,21.2,34953,25912
33544,29.7,21.1,27309,20473
33545,32.0,22.4,21209,15287
33547,28.9,18.9,30935,21259
33548,27.3,18.6,7708,6148
33549,29.9,21.4,17816,14263
33556,27.6,17.7,30547,23218
33558,27.7,18.3,27324,20429
33559,29.5,21.8,16675,13431
33563,35.4,31.9,27344,20005
33565,32.1,27.3,17584,13924
33566,31.9,26.3,22759,17168
33567,33.1,28.5,12345,9044
33569,30.9,22.5,28065,21279
33570,33.1,26.3,33348,24662
33572,28.4,18.8,22395,18001
33573,26.8,26.4,30913,27632
33574,21.8,16.0,2261,2176
33576,28.7,24.2,4879,4356
33578,32.0,22.3,58854,44841
33579,30.8,20.1,44617,31619
33584,32.9,26.1,27503,21090
33585,33.9,27.1,1218,945
33592,32.6,26.8,11885,9284
33594,30.4,23.1,35299,27597
33596,27.9,18.0,28140,21513
33597,35.9,29.1,8028,6282
33598,32.4,26.7,24572,18429
33602,29.4,19.5,19936,17653
33603,32.9,24.7,19070,15583
33604,36.9,30.9,39071,30624
33605,41.7,36.8,18243,14089
33606,25.1,15.3,22271,19470
33607,32.0,26.2,24767,20845
33609,26.9,17.4,17902,14535
33610,39.0,32.7,45218,32654
33611,27.6,17.9,34101,28342
33612,38.2,35.4,49452,37814
33613,32.8,28.7,38801,31903
33614,34.8,33.0,47695,38873
33615,32.4,26.8,47434,38305
33616,29.0,19.1,14802,11941
33617,34.4,27.5,48267,38222
33618,28.3,20.1,26474,21816
33619,35.9,29.3,39881,30968
33620,31.8,32.5,5535,5506
33621,24.8,13.1,1878,1221
33624,30.4,22.6,38929,31253
33625,30.5,23.1,28704,22700
33626,26.2,16.6,31875,23697
33629,25.0,13.8,26394,19684
33634,32.6,27.7,21465,17250
33635,30.0,23.0,18780,14997
33637,32.9,25.1,18070,14211
33647,26.6,17.9,69457,52295
33701,30.7,20.1,19137,17674
33702,31.5,22.3,29996,25113
33703,29.3,18.3,23948,19787
33704,29.1,17.2,16031,13529
33705,37.2,27.1,27915,22857
33706,28.5,18.9,15309,14366
33707,31.0,23.6,24646,22226
33708,29.1,20.8,16034,14567
33709,33.4,29.6,27026,22563
33710,31.2,22.4,33172,27901
33711,35.7,26.0,20121,16246
33712,39.7,28.8,26395,20884
33713,32.6,23.6,31321,26338
33714,35.1,30.3,19905,16323
33715,26.9,19.1,7876,7452
33716,29.9,18.5,18023,15895
33755,37.0,29.2,28360,22904
33756,33.6,26.8,31807,26168
33759,32.8,26.2,18316,15205
33760,35.0,26.4,19565,16237
33761,30.1,22.8,18761,16194
33762,29.0,19.9,5572,4871
33763,31.5,27.4,18981,16792
33764,31.6,23.7,27547,23367
33765,34.0,26.7,13844,11352
33767,27.5,20.2,8462,8021
33770,33.2,27.4,25475,21697
33771,31.5,26.1,29766,26062
33772,29.9,22.5,24121,20392
33773,30.7,23.2,17494,14710
33774,31.0,23.1,18145,14970
33776,28.6,19.3,12922,10617
33777,29.2,21.0,17793,14593
33778,32.4,24.8,15068,12539
33781,33.4,28.2,27349,21934
33782,31.7,27.3,22198,18765
33785,30.3,20.7,4863,4423
33786,27.9,18.6,1706,1513
33801,40.7,30.2,36798,29569
33803,36.7,24.5,29082,23855
33805,44.1,33.7,26954,20270
33809,37.4,26.0,30629,24730
33810,38.7,27.2,52037,40443
33811,37.7,24.0,24249,18967
33812,36.0,22.1,14907,11419
33813,36.3,22.7,36448,28067
33815,44.8,35.7,15681,11831
33823,40.6,29.7,33733,26107
33825,39.6,35.3,24943,20364
33827,36.9,25.4,3093,2477
33830,41.3,29.9,29926,22573
33834,41.1,32.4,6584,5219
33835,49.5,42.8,69,60
33837,39.7,27.8,36302,28472
33838,46.4,39.0,5243,3946
33839,40.1,28.7,3827,2810
33840,47.2,40.4,242,165
33841,43.0,35.7,7439,5641
33843,41.9,33.2,11864,9908
33844,42.5,33.1,43329,33215
33847,39.2,28.7,299,230
33848,38.2,26.9,1085,845
33849,37.8,26.9,711,555
33850,39.6,28.5,9119,7182
33851,43.4,33.4,991,754
33852,36.6,33.1,21635,17926
33853,44.7,34.7,12404,9302
33854,42.2,38.4,520,489
33855,38.5,30.6,92,72
33856,38.2,33.3,488,486
33857,36.7,30.9,1378,1168
33858,44.6,27.6,95,77
33859,39.6,31.6,10866,8846
33860,40.4,29.2,24932,18153
33865,42.1,34.4,801,632
33867,39.8,36.4,126,106
33868,40.5,28.6,12906,10592
33870,38.4,34.8,24238,19718
33872,34.3,31.6,13167,11373
33873,41.0,35.4,13455,9621
33875,33.8,27.2,11004,9041
33876,37.3,33.5,5239,4515
33877,43.3,30.9,590,464
33880,42.0,31.1,42005,31754
33881,42.7,33.6,38369,30139
33884,37.5,26.6,34772,28328
33890,38.4,32.8,4718,3527
33896,36.8,22.5,19444,15742
33897,38.5,24.7,25352,19789
33898,39.6,30.0,17971,14678
33901,34.4,31.3,22629,17979
33903,30.5,29.0,23294,20536
33904,29.4,24.3,32029,28052
33905,32.7,30.0,37692,29658
33907,32.7,30.0,24980,20566
33908,26.4,23.8,43110,38611
33909,31.5,25.5,33063,25077
33912,25.9,20.7,19146,17168
33913,26.7,20.0,28216,24344
33914,29.4,23.1,42222,35349
33916,37.6,34.0,25940,19336
33917,31.3,30.7,30702,27292
33919,27.1,22.4,30587,26844
33920,30.3,24.1,6797,5693
33921,27.8,27.7,1283,1229
33922,31.8,29.1,4326,3767
33924,33.5,33.6,403,386
33928,26.4,21.3,28955,25413
33930,36.6,37.1,799,614
33931,27.7,26.0,9389,9104
33935,36.2,36.6,22718,17115
33936,35.1,34.6,24051,19244
33944,35.3,36.6,208,161
33946,28.2,22.2,2485,2325
33947,29.3,23.3,10462,9711
33948,31.5,25.6,17190,14970
33950,29.1,24.2,24984,23046
33952,33.8,28.9,32084,26879
33953,30.5,24.7,6882,6205
33954,31.6,24.8,11040,9241
33955,29.0,23.1,10071,9154
33956,28.1,25.5,3861,3682
33957,24.6,20.0,6382,5999
33960,37.3,28.9,839,699
33965,32.5,33.7,3659,3624
33966,26.9,19.8,11245,9590
33967,28.8,21.7,28174,22482
33971,34.6,29.7,26333,18558
33972,34.4,30.1,14727,10837
33973,39.9,36.9,12728,8336
33974,36.1,32.1,17233,12126
33976,36.9,32.4,17017,11674
33980,30.2,26.6,11762,10299
33981,30.7,23.3,13574,11882
33982,30.1,22.2,12404,10707
33983,30.6,24.2,16124,13775
33990,31.1,27.3,32717,27010
33991,31.3,25.9,26381,20809
33993,31.9,25.6,29848,22786
34102,24.3,20.4,10496,9559
34103,23.6,19.8,11822,10567
34104,27.8,26.2,25485,21548
34105,23.9,20.6,16491,14425
34108,22.7,19.3,16142,14893
34109,24.7,21.2,26102,21956
34110,23.7,20.6,24093,21465
34112,26.9,25.4,26625,23454
34113,27.0,25.1,23740,20391
34114,26.4,23.7,21343,19224
34116,32.3,30.4,31538,23746
34117,30.4,26.1,16408,12906
34119,25.0,19.8,34933,28573
34120,27.8,22.9,41026,32083
34134,24.4,21.1,15906,15240
34135,27.9,24.4,45518,39502
34137,27.5,21.4,255,206
34138,26.1,23.3,346,299
34139,27.4,22.9,471,395
34140,24.5,18.2,355,330
34141,28.5,28.6,131,93
34142,35.2,37.0,31327,21659
34145,23.5,20.5,15717,14535
34201,26.4,19.7,4156,3802
34202,28.5,18.6,26797,22398
34203,33.4,28.9,39853,32093
34205,34.7,29.5,33789,27092
34207,35.9,32.3,35281,28395
34208,37.4,31.7,38522,29247
34209,30.0,23.5,32940,28653
34210,32.8,26.9,16447,14218
34211,28.3,17.9,16845,13877
34212,29.8,19.1,24266,19222
34215,30.4,23.6,793,743
34216,27.1,18.7,1061,998
34217,28.1,19.6,3825,3587
34219,30.3,20.2,27212,21426
34221,33.7,26.2,48082,38276
34222,31.1,25.0,14097,11856
34223,28.7,24.1,19118,17798
34224,30.9,26.7,16379,14873
34228,24.2,18.3,7505,7314
34229,27.9,21.2,7780,6982
34231,29.8,23.7,31492,27174
34232,31.0,23.6,34671,28678
34233,29.3,22.4,18723,15651
34234,35.4,29.4,20858,16789
34235,30.5,26.1,14536,12705
34236,27.6,22.7,14083,13292
34237,33.1,25.8,16740,13977
34238,26.6,20.9,22050,19651
34239,30.0,22.0,15049,12773
34240,27.7,17.5,14428,11581
34241,28.6,19.7,14589,12031
34242,25.9,18.5,7417,6864
34243,29.8,22.5,30107,26405
34250,32.0,23.3,481,415
34251,32.5,21.9,7061,5394
34266,42.6,39.5,28827,22444
34268,42.9,37.9,223,155
34269,34.7,32.1,4917,4390
34275,29.0,22.7,20570,18509
34285,27.2,25.2,18971,18133
34286,32.0,22.8,22000,17095
34287,30.8,26.6,26277,22538
34288,32.3,23.4,14010,10829
34289,28.8,22.5,3359,2742
34291,32.4,23.1,8332,6390
34292,27.1,23.7,17141,15720
34293,28.8,22.5,44935,40187
34420,37.5,27.1,17969,14219
34428,33.6,28.6,9583,7963
34429,32.5,29.8,8837,7688
34431,36.8,29.0,8589,7328
34432,37.0,29.3,13159,11291
34433,32.6,27.4,7719,6238
34434,33.8,28.7,9582,7606
34436,34.2,31.4,7901,6826
34442,30.2,26.9,16759,14887
34446,31.7,28.9,18431,16176
34448,33.7,31.3,10889,9428
34449,34.1,32.0,3421,2942
34450,32.7,29.4,10788,9414
34452,32.4,28.0,12405,10217
34453,32.3,28.4,10964,9150
34461,31.2,28.1,11388,9935
34465,32.5,29.7,17960,15430
34470,37.1,25.9,20483,16115
34471,35.0,23.8,27632,21832
34472,38.6,28.0,31701,24084
34473,38.2,27.9,21548,16822
34474,34.6,24.2,17781,14151
34475,44.3,31.5,14780,11814
34476,33.6,24.8,26522,22391
34479,38.3,26.8,14127,10920
34480,35.5,22.5,21709,16441
34481,32.4,26.9,23097,21646
34482,37.5,27.0,23565,20006
34484,30.3,24.5,6050,4724
34488,37.6,27.5,11392,9440
34491,33.3,25.7,31545,27212
34498,34.1,33.7,588,510
34601,37.4,29.6,23001,18842
34602,37.0,27.4,8735,6927
34604,36.2,25.8,12800,10181
34606,36.4,30.6,28548,23875
34607,36.8,29.3,8544,7372
34608,36.5,28.2,34363,27530
34609,34.7,25.5,43997,35060
34610,33.1,27.5,15400,12175
34613,34.7,28.5,18869,16593
34614,35.1,24.0,9221,7125
34637,28.8,20.0,9763,7550
34638,30.0,20.6,31746,22698
34639,30.2,21.8,28165,21854
34652,33.5,30.2,26697,22442
34653,33.6,30.4,33381,27759
34654,32.8,28.5,23508,19150
34655,29.3,22.8,45628,36539
34661,37.3,29.8,260,226
34667,32.0,30.4,34910,30385
34668,35.1,32.5,48781,39317
34669,34.0,30.4,15089,12091
34677,30.5,21.7,22524,18306
34679,32.4,26.4,273,223
34681,29.5,18.5,1884,1553
34683,30.9,21.0,33453,27272
34684,29.8,23.8,27078,23284
34685,28.9,19.5,17680,14334
34688,28.9,19.8,8090,6571
34689,31.3,23.5,27436,23210
34690,36.4,34.2,14115,11482
34691,34.5,30.4,23688,19064
34695,29.6,20.5,17927,14983
34698,30.4,23.0,38010,33512
34705,37.7,29.8,2670,2127
34711,33.6,22.6,67980,54707
34714,35.5,23.2,25737,20513
34715,35.1,23.1,22763,17432
34729,33.3,22.6,148,111
34731,36.2,27.1,12111,9659
34734,32.7,23.1,4166,3103
34736,35.3,24.4,24679,18895
34737,34.7,23.9,3406,2850
34739,39.5,32.4,833,658
34741,42.3,33.1,56454,42964
34743,42.2,33.9,38454,29949
34744,40.1,29.5,59232,45512
34746,39.0,28.0,56344,43603
34747,34.5,19.6,26560,21409
34748,35.6,29.8,45481,38518
34753,36.8,26.3,6657,4702
34756,34.3,22.9,3985,3111
34758,40.8,30.1,43282,32132
34759,41.4,31.5,42067,32233
34760,32.7,21.4,986,768
34761,34.1,25.5,48193,36695
34762,35.5,26.6,567,490
34769,39.0,28.1,27594,21436
34771,36.6,22.6,26503,20066
34772,37.3,24.1,33499,24870
34773,38.9,25.6,5186,3719
34785,36.2,27.0,18677,16545
34786,28.5,16.9,46553,34256
34787,31.0,19.9,88636,65134
34788,35.9,29.4,19409,16546
34797,33.0,22.9,1388,1221
34945,32.3,27.2,5831,4825
34946,37.5,35.3,6793,5279
34947,39.7,36.7,13933,9738
34949,26.4,22.2,8027,7606
34950,43.6,43.3,16582,12270
34951,29.9,26.9,15357,13076
34952,30.0,26.7,42630,36166
34953,31.8,25.0,77023,58286
34956,35.3,34.6,10322,7706
34957,26.5,22.6,22955,20200
34972,45.6,32.4,19514,14793
34974,41.1,31.5,23699,19113
34981,31.8,28.0,4494,3536
34982,33.1,30.5,27067,21342
34983,30.9,24.6,43654,34175
34984,32.0,26.9,16721,13426
34986,26.9,22.9,30027,25364
34987,27.7,22.0,14430,12229
34990,24.7,18.8,31160,25069
34994,28.8,25.2,17843,14970
34996,25.3,23.3,11042,9945
34997,27.9,24.2,44000,36506
35004,39.2,25.9,11477,8700
35005,38.8,31.2,7578,5911
35006,34.0,28.2,3259,2586
35007,32.6,21.5,28274,21126
35010,41.1,31.9,20271,15956
35013,43.6,38.6,129,68
35014,44.5,30.1,3679,3029
35016,36.8,29.0,17495,13537
35019,38.1,29.4,2220,1766
35020,47.3,42.2,24213,18554
35022,35.7,25.1,23163,18476
35023,38.7,31.3,25657,20285
35031,35.5,27.5,8245,6274
35032,44.6,34.4,92,72
35033,36.3,27.6,3692,2986
35034,50.4,38.0,5021,4229
35035,41.2,29.1,1527,1209
35036,39.3,29.9,167,100
35040,35.3,23.3,19214,14015
35042,42.0,32.5,6156,4808
35043,31.6,19.2,13841,9973
35044,47.0,33.5,7771,6160
35045,40.3,31.0,15228,11634
35046,38.3,29.7,5080,4022
35049,36.1,29.3,3983,3050
35051,34.4,25.0,9173,7387
35052,29.8,45.5,337,331
35053,36.8,27.8,2834,2342
35054,38.4,28.2,4085,3343
35055,35.9,26.7,22299,17142
35057,35.3,25.0,13954,10703
35058,36.9,27.8,11098,8702
35060,40.4,31.8,442,324
35061,45.5,37.4,1327,1080
35062,33.9,28.4,8505,6512
35063,37.2,34.5,3443,2729
35064,46.5,37.6,10149,7935
35068,36.1,26.3,8492,6563
35070,37.4,31.2,97,88
35071,32.4,24.6,17162,13501
35072,42.2,32.5,4910,3946
35073,37.3,31.2,2412,1956
35074,45.2,33.8,71,60
35077,37.6,30.7,13813,10889
35078,35.6,27.4,2052,1652
35079,35.9,27.2,9122,7004
35080,31.2,18.1,19692,13971
35083,38.8,30.2,3174,2423
35085,39.9,31.5,9171,6865
35087,38.9,29.5,2294,1763
35089,43.5,33.6,1949,1576
35091,32.8,22.1,3683,2658
35094,35.4,26.0,14936,11585
35096,43.6,29.5,8263,6423
35097,37.5,30.9,1751,1396
35098,36.1,26.2,1484,1155
35111,37.1,24.0,18852,14601
35112,36.3,21.6,446,324
35114,33.5,21.8,7565,5468
35115,36.2,28.2,15260,12067
35116,31.7,23.8,4908,3761
35117,33.0,25.3,6407,5041
35118,34.0,26.5,3252,2590
35119,39.0,32.7,91,59
35120,39.3,26.1,16073,11880
35121,36.4,30.8,16016,12293
35124,31.9,20.6,25667,19869
35125,40.5,29.8,10821,8219
35126,37.2,28.8,21400,16618
35127,39.9,29.5,9546,7512
35128,39.3,28.0,10479,8337
35130,36.7,32.7,3194,2677
35131,42.6,32.5,4119,3145
35133,37.2,30.3,4094,3227
35135,41.0,30.1,1852,1486
35136,40.5,31.7,1603,1348
35143,33.7,25.8,3275,2730
35146,38.7,25.2,12566,9703
35147,32.6,21.4,5769,4281
35148,34.5,31.6,2653,2123
35149,41.6,27.2,539,431
35150,47.6,36.1,17971,14099
35151,41.3,29.4,7417,5999
35160,46.0,33.2,27074,21722
35171,37.7,27.7,3434,2632
35172,37.0,29.9,3170,2441
35173,31.9,20.9,31413,23364
35175,35.3,25.7,5029,4006
35176,34.6,28.0,855,685
35178,39.4,31.7,3445,2767
35179,36.1,26.2,9742,7492
35180,35.2,27.0,14204,10881
35183,39.0,31.6,631,535
35184,43.0,32.0,5783,4451
35186,33.4,24.5,5199,4030
35188,41.8,30.2,3020,2241
35203,41.9,33.3,3595,3201
35204,47.7,41.7,9271,7412
35205,30.8,21.0,20137,18391
35206,45.4,37.7,15648,12266
35207,50.5,45.5,7911,5881
35208,47.8,38.8,12982,10280
35209,31.9,21.0,27827,21540
35210,33.0,23.8,14344,12060
35211,45.9,39.1,24775,19934
35212,45.3,37.6,11240,8314
35213,26.8,15.1,14964,11675
35214,43.6,34.2,18287,14513
35215,45.3,36.5,46772,33670
35216,32.8,22.9,36673,28026
35217,44.4,39.0,12891,9775
35218,50.1,42.7,6521,5121
35221,46.7,40.3,4036,3260
35222,33.3,21.4,8419,6992
35223,26.7,14.8,11972,9167
35224,45.2,38.0,5327,4131
35226,29.0,18.4,38471,29106
35228,45.7,36.7,9525,7383
35229,26.7,17.3,2292,2267
35233,28.2,19.2,2588,2470
35234,51.0,47.3,4873,4032
35235,40.6,30.7,20059,15486
35242,29.1,17.5,57008,44866
35243,28.2,17.3,21607,17386
35244,29.9,19.3,37448,29043
35254,22.0,16.1,969,967
35401,43.6,32.5,41852,36766
35404,45.0,31.1,20982,16976
35405,43.9,27.0,45155,34912
35406,34.7,18.3,16664,12587
35441,43.2,30.7,1077,867
35442,53.1,40.0,5937,4927
35443,54.5,44.3,1669,1301
35444,39.9,24.8,4467,3373
35446,43.9,30.8,2354,1739
35447,49.8,37.6,3078,2473
35452,39.4,25.1,4371,3290
35453,42.2,27.1,12682,9669
35456,41.9,27.1,4587,3503
35457,35.1,22.5,75,60
35458,39.6,24.4,701,517
35459,51.2,41.0,786,645
35460,52.1,38.0,558,445
35461,44.0,30.2,1825,1543
35462,53.2,44.2,4648,3648
35463,40.8,24.6,1818,1440
35464,56.9,44.7,436,310
35466,43.8,30.4,5678,4393
35469,46.4,38.2,319,261
35470,43.6,31.1,5055,4195
35473,39.2,23.8,17888,14053
35474,43.0,27.3,7829,5850
35475,38.5,22.1,20164,15045
35476,43.0,29.4,8697,6559
35477,53.6,46.6,106,83
35480,43.2,27.6,1976,1495
35481,48.6,36.4,3112,2498
35487,36.0,27.5,529,522
35490,38.8,22.7,5257,3911
35501,37.3,32.8,10284,8041
35503,34.5,30.2,8948,7082
35504,34.5,30.0,13715,10808
35540,38.7,31.5,2324,1849
35541,38.4,32.1,3457,2866
35542,39.4,31.1,1180,923
35543,45.4,38.0,1124,847
35544,41.1,32.7,660,557
35545,40.3,33.0,73,63
35546,39.4,28.6,4180,3161
35548,43.5,34.7,1494,1217
35549,36.9,34.7,3780,3041
35550,38.3,36.8,5229,4167
35552,41.5,30.0,971,765
35553,38.6,33.6,4529,3594
35554,38.7,32.7,1131,870
35555,41.3,34.1,9282,7356
35563,43.1,32.0,3967,3168
35564,43.6,33.2,2155,1675
35565,41.5,36.3,12777,9989
35570,41.2,29.7,10774,8547
35571,43.9,35.0,999,763
35572,37.8,31.1,1022,883
35574,40.4,31.4,1471,1198
35575,41.6,38.3,976,762
35576,40.0,29.7,3131,2515
35578,35.3,31.4,5421,4267
35579,36.3,33.8,3105,2465
35580,37.1,34.9,3860,3080
35581,41.6,32.2,5232,4024
35582,39.5,30.3,4182,3251
35584,40.0,36.6,379,289
35585,40.7,30.0,1538,1202
35586,41.9,33.8,4235,3285
35587,34.0,29.1,887,743
35592,41.7,33.4,4396,3425
35593,41.2,31.4,1853,1428
35594,41.1,31.1,7681,6040
35601,42.8,36.3,34958,26619
35603,36.8,26.7,32380,25426
35610,39.9,30.5,1846,1462
35611,40.9,29.3,27168,21293
35613,38.5,24.0,22935,17798
35614,39.6,27.3,7788,6080
35616,40.0,32.5,3756,3009
35618,44.7,35.4,1710,1360
35619,38.7,30.6,5048,3876
35620,39.4,26.0,9592,7341
35621,38.4,29.5,2914,2261
35622,36.6,28.2,7257,5644
35630,38.4,30.4,32671,26456
35632,26.6,23.5,1096,1086
35633,35.9,26.8,20446,16116
35634,33.9,23.9,10910,8740
35640,36.7,26.9,25913,19901
35643,41.7,32.4,2913,2378
35645,34.5,24.0,13414,10525
35646,39.1,31.4,4268,3366
35647,40.7,28.5,1152,883
35648,35.5,26.8,3737,2941
35649,34.9,20.0,63,52
35650,39.7,31.6,13741,10749
35651,38.2,28.8,1122,857
35652,35.4,26.1,8215,6613
35653,43.1,35.6,12239,8727
35654,42.6,34.7,8511,6457
35660,41.2,33.4,9434,7411
35661,36.0,25.8,18714,14648
35670,39.0,30.5,7780,6162
35671,42.1,29.0,1976,1523
35672,40.1,31.3,5985,4684
35673,37.7,27.9,8100,6167
35674,36.8,27.6,19536,15434
35677,36.6,28.7,1808,1413
35739,40.6,27.3,5426,4228
35740,42.9,38.0,3357,2668
35741,35.2,18.8,3529,2802
35744,36.8,28.8,2527,2016
35745,39.9,33.1,262,224
35746,39.4,32.5,799,630
35747,34.7,25.2,6173,4797
35748,38.6,22.2,7794,6012
35749,41.3,22.9,28780,22369
35750,39.6,24.3,14192,10917
35751,38.5,34.8,226,191
35752,41.3,34.9,2008,1610
35754,37.2,28.6,4950,3900
35755,38.3,31.6,677,582
35756,36.1,17.8,22978,16506
35757,38.1,19.1,16962,13019
35758,36.0,17.9,48192,36147
35759,40.4,22.9,9894,7445
35760,40.5,26.0,5186,4086
35761,40.5,23.9,12561,9561
35763,35.5,17.7,21889,16096
35764,38.3,30.3,522,433
35765,38.7,30.3,3845,3070
35766,40.5,32.2,180,149
35768,40.4,34.5,11436,9053
35769,36.0,27.2,10419,8427
35771,39.1,31.4,3746,2955
35772,42.1,36.8,4688,3599
35773,41.9,25.9,13199,9989
35774,38.1,36.9,110,97
35775,37.0,27.5,602,485
35776,37.7,29.8,3480,2764
35801,36.3,20.3,22539,18708
35802,35.8,21.2,23842,19876
35803,36.1,20.0,29001,23019
35805,48.3,35.7,23189,17798
35806,38.5,20.3,25702,21611
35808,43.2,23.4,865,666
35810,50.1,34.6,29976,23073
35811,41.4,24.9,30075,24192
35816,46.1,30.5,15035,12200
35824,38.8,19.1,9378,7778
35896,38.3,23.7,596,574
35901,46.3,36.4,18671,14737
35903,45.4,34.1,17344,13610
35904,47.4,40.2,13559,10578
35905,40.6,30.0,6706,5343
35906,40.5,30.6,10444,8161
35907,38.0,24.9,9270,7319
35950,38.4,32.3,22239,15598
35951,39.0,34.3,14219,10244
35952,41.0,33.5,7847,6017
35953,41.4,31.0,7705,6108
35954,42.4,32.3,12145,9542
35956,41.4,30.8,9109,7015
35957,39.7,34.8,16849,12451
35958,40.8,37.0,3218,2582
35959,41.4,33.8,4747,3841
35960,39.0,31.1,9883,8033
35961,41.3,39.2,6053,4476
35962,38.7,34.6,7445,5420
35963,38.5,33.1,1765,1350
35966,39.3,34.3,3511,2777
35967,39.5,34.7,17233,12745
35968,36.5,29.7,5115,3982
35971,39.3,33.8,4635,3657
35972,42.8,33.4,1251,972
35973,38.1,29.3,2808,2253
35974,38.1,33.0,1552,1158
35975,38.8,33.6,1003,793
35976,36.6,29.4,16787,13488
35978,39.7,34.5,5436,4235
35979,39.6,34.4,1375,1061
35980,38.1,31.8,5327,3861
35981,39.4,36.5,2055,1621
35983,40.8,31.7,3553,2866
35984,38.7,34.1,1976,1718
35986,35.0,26.9,8091,6186
35987,38.3,26.6,2671,2070
35988,35.4,27.8,1871,1393
35989,39.3,34.1,3265,2471
36003,49.5,39.7,1780,1453
36005,42.3,32.9,1656,1318
36006,41.9,32.2,1337,992
36009,40.1,32.3,2454,1950
36010,45.0,35.2,4866,3853
36013,37.8,19.6,464,359
36016,47.3,34.3,4077,3516
36017,49.9,38.2,3051,2675
36020,45.2,35.0,1250,986
36022,38.1,24.7,14780,11106
36024,37.6,25.9,6028,4756
36025,43.2,29.3,7993,6970
36026,39.6,29.4,967,854
36027,46.6,35.8,15708,11990
36028,37.8,29.5,1755,1384
36029,44.9,35.8,791,664
36030,40.1,35.3,467,362
36031,48.8,37.1,98,83
36032,50.6,42.1,2290,1715
36033,41.6,40.0,3615,2935
36034,42.0,31.8,821,624
36035,39.2,28.5,1973,1505
36036,47.5,37.4,1738,1441
36037,40.5,36.1,12851,9967
36038,37.4,30.3,66,52
36039,48.5,36.5,285,231
36040,54.2,44.0,3358,2679
36041,40.9,32.6,1430,1093
36042,36.4,31.4,1380,1092
36043,44.1,31.2,3428,2822
36046,42.4,32.2,1340,1071
36047,50.0,37.9,1227,1029
36048,48.0,37.7,1180,961
36049,39.7,32.2,5299,4171
36051,39.5,27.8,2294,1771
36052,41.6,26.6,808,700
36053,51.6,42.7,1826,1466
36054,39.3,26.0,15204,11446
36064,37.9,19.9,12929,9200
36066,36.5,22.4,22206,16803
36067,41.3,29.2,27534,20908
36069,45.1,33.8,1923,1644
36071,40.4,33.8,677,545
36075,47.0,35.7,1767,1431
36078,38.6,26.9,13604,10575
36079,39.6,26.3,9624,7574
36080,38.2,27.8,2377,1973
36081,40.6,28.6,15513,12924
36082,33.0,25.0,738,734
36083,47.5,35.1,9367,7832
36088,46.4,33.1,3547,3069
36089,53.3,46.0,8342,6730
36091,41.6,32.8,3822,2909
36092,40.5,28.9,21517,16870
36093,35.0,20.7,12081,9275
36101,46.6,21.2,61,60
36104,48.3,36.4,9021,7508
36105,52.3,39.5,9961,7893
36106,41.7,24.7,15438,12622
36107,52.0,40.6,8418,6218
36108,54.5,43.8,17117,13252
36109,43.5,29.2,24176,18969
36110,52.6,40.8,11492,8698
36111,46.6,30.1,12793,9598
36112,43.1,22.1,1195,1142
36113,37.3,20.0,929,596
36115,35.3,16.9,1154,830
36116,49.1,33.1,43840,33036
36117,40.6,23.7,53172,41811
36201,45.3,41.3,17631,14124
36203,39.4,31.1,19460,14844
36205,42.8,40.7,838,660
36206,39.0,32.6,10946,8451
36207,36.5,28.1,19553,15592
36250,35.9,27.0,4751,3696
36251,42.4,32.8,5138,4102
36255,39.7,28.6,921,738
36256,38.2,28.4,1503,1179
36258,40.6,33.3,1688,1330
36260,41.3,32.9,4278,3328
36262,38.6,32.8,1485,1144
36263,37.5,28.9,649,505
36264,37.7,30.8,8984,6970
36265,37.3,30.7,22018,18303
36266,43.3,34.1,5812,4541
36268,45.7,32.6,5498,4283
36269,38.2,31.8,1319,992
36271,37.8,31.5,5984,4689
36272,38.4,31.5,12854,10104
36273,35.9,27.5,2943,2221
36274,39.1,31.1,10223,7911
36276,38.6,30.7,2287,1824
36277,35.6,27.5,5379,4121
36278,37.0,29.3,4331,3526
36279,36.2,29.7,2586,2061
36280,36.9,28.8,4060,3212
36301,42.3,32.0,38447,29393
36303,42.3,31.0,31080,23901
36305,35.4,22.6,16561,12868
36310,44.3,37.1,6195,5080
36311,41.8,33.0,2796,2208
36312,39.1,28.9,5876,4649
36313,43.2,28.0,204,148
36314,38.8,27.0,635,473
36316,38.7,26.8,1835,1499
36317,44.5,35.0,465,388
36318,39.0,27.4,1320,1022
36319,39.5,29.2,2285,1825
36320,40.2,30.5,3576,2839
36321,39.5,28.1,1783,1358
36322,40.9,30.9,8137,6436
36323,43.2,34.9,7779,6188
36330,40.4,29.1,38595,28935
36340,44.6,36.0,5186,4078
36343,42.3,32.2,1440,1162
36344,40.9,29.4,5853,4620
36345,38.6,26.7,8451,6514
36346,40.2,31.1,1550,1201
36350,41.5,32.2,7475,5685
36351,38.7,26.8,4004,3118
36352,37.4,24.6,5387,4075
36353,43.7,34.0,2025,1592
36360,43.2,34.5,19654,15458
36362,35.2,19.5,4468,2984
36370,39.8,30.1,939,749
36371,37.0,28.9,445,386
36373,45.1,37.0,524,433
36374,42.0,33.3,1062,838
36375,42.5,31.7,7647,5924
36376,40.4,29.4,2183,1738
36401,47.4,39.4,7023,5562
36420,38.3,31.7,10796,8397
36421,37.3,30.0,9166,7196
36425,46.3,38.0,784,642
36426,42.0,34.0,15660,12159
36432,43.9,36.2,2326,1888
36435,49.2,36.3,475,365
36436,43.0,34.5,530,445
36439,42.1,36.0,200,146
36441,41.2,32.1,3772,2843
36442,38.8,34.4,3414,2716
36444,44.2,41.3,536,453
36445,43.5,36.8,4272,3370
36446,44.3,34.0,325,252
36451,42.8,33.4,4567,3596
36453,40.7,32.0,2194,1770
36454,40.8,35.4,79,69
36455,40.4,35.4,378,311
36456,40.5,36.7,1854,1423
36460,44.1,36.7,10057,7794
36467,39.1,34.2,10123,7852
36471,48.2,40.1,775,645
36473,42.3,34.9,191,155
36474,39.0,33.6,2747,2152
36475,45.9,39.1,1746,1416
36477,42.0,32.3,4768,3631
36480,38.6,29.5,1564,1293
36481,50.9,44.3,314,246
36482,47.4,35.8,897,748
36483,35.3,28.1,544,451
36502,45.9,38.6,16050,12304
36503,49.2,33.9,1255,1255
36505,37.5,29.1,1419,1095
36507,39.6,31.6,19608,15299
36509,38.1,42.8,1827,1357
36511,35.7,26.4,703,573
36513,43.5,33.7,402,315
36518,37.0,28.1,2523,1935
36521,37.4,30.5,5302,4114
36522,39.1,32.7,7396,5475
36523,38.4,34.6,2779,2247
36524,43.7,36.6,1009,800
36525,36.6,27.7,1848,1448
36526,33.6,21.1,35720,27250
36527,33.2,21.2,18034,13332
36528,31.7,21.9,1778,1591
36529,40.5,32.2,570,421
36530,37.0,28.6,8375,6647
36532,33.0,22.6,36918,29041
36535,36.1,27.8,35484,28470
36538,40.6,30.2,330,273
36539,39.9,31.7,732,585
36540,48.4,38.1,955,719
36541,35.4,27.8,14999,11429
36542,33.7,23.2,16993,14274
36544,36.9,34.2,11717,8933
36545,44.1,34.0,8659,6889
36548,42.3,32.4,989,791
36549,34.1,27.7,5465,4811
36550,40.6,37.0,199,181
36551,38.2,27.3,10514,8079
36553,44.3,33.5,2790,2161
36555,35.8,28.5,829,718
36556,43.7,35.1,226,197
36558,40.7,32.5,3441,2753
36559,31.4,23.0,248,185
36560,41.8,35.9,3418,2645
36561,32.2,20.4,9146,7803
36562,38.3,29.4,1863,1396
36567,37.3,29.4,14620,11107
36568,32.2,42.4,126,99
36569,40.7,30.9,783,626
36571,35.7,27.3,16759,12691
36572,34.3,25.9,6867,5335
36574,35.7,26.6,1614,1296
36575,37.7,29.3,20640,15529
36576,34.8,24.6,5228,4016
36578,37.4,30.6,2042,1569
36579,41.7,34.9,1393,1150
36580,37.9,30.7,6663,5161
36581,45.6,34.2,191,162
36582,38.9,32.2,25903,19776
36583,39.6,30.7,652,499
36584,43.1,34.3,718,567
36585,41.4,30.5,929,710
36587,37.4,31.2,11562,8659
36602,40.4,32.9,910,867
36603,50.2,44.5,8184,6552
36604,38.1,26.4,8798,7125
36605,46.4,39.4,25113,18552
36606,41.9,32.9,19042,14503
36607,42.9,36.4,6264,5022
36608,35.4,25.3,39782,30633
36609,37.5,28.4,24265,18789
36610,52.2,47.2,9699,7352
36611,42.9,36.3,6457,4719
36612,53.0,48.9,4013,2945
36613,42.9,36.3,12383,9761
36617,46.7,39.6,11408,9039
36618,42.3,31.8,17425,13100
36619,36.6,29.4,14441,11364
36652,31.0,26.9,118,118
36663,45.7,30.0,210,204
36688,25.4,18.7,2192,2182
36693,35.7,26.6,18914,15228
36695,33.8,23.8,51174,39219
36701,45.1,35.4,21448,16473
36703,49.0,41.3,11754,8957
36720,58.8,48.3,689,532
36722,52.2,40.3,401,303
36723,57.7,51.8,220,162
36726,50.1,38.4,4948,3903
36728,53.9,45.4,570,431
36732,41.7,30.9,8053,6072
36736,48.4,40.1,1299,975
36738,47.8,37.9,808,629
36740,52.4,42.1,931,739
36741,48.2,37.3,73,59
36742,43.3,34.8,2269,1785
36744,51.3,41.6,6444,4972
36748,45.3,39.6,2929,2351
36749,45.6,35.9,993,776
36750,42.5,32.1,2792,2151
36751,51.4,41.1,843,652
36752,47.9,37.1,1559,1293
36754,50.4,42.1,244,202
36756,49.7,38.3,4973,4025
36758,43.8,34.5,1321,1020
36759,49.2,41.7,1405,1141
36761,51.0,44.0,935,752
36763,41.0,39.8,70,67
36765,49.5,37.3,1077,818
36767,52.7,44.9,1715,1372
36768,47.9,37.1,726,603
36769,51.3,41.8,2473,1906
36773,47.5,38.6,396,333
36775,49.1,43.2,807,660
36776,54.4,42.8,1347,1074
36782,42.8,35.4,2140,1723
36783,46.3,40.5,737,613
36784,44.2,34.8,6887,5387
36785,48.4,37.6,1086,880
36786,58.5,47.3,2635,1956
36790,40.9,31.0,248,200
36792,39.0,29.8,1271,994
36793,40.1,29.7,461,373
36801,42.7,30.3,24590,19086
36804,40.9,27.4,20687,15656
36830,34.2,21.7,47543,37763
36832,37.7,25.9,29349,23843
36849,43.0,34.5,4230,4225
36850,46.1,36.1,2596,2089
36852,40.3,28.6,2564,1911
36853,37.1,26.9,8915,7540
36854,39.8,31.4,16399,12910
36855,40.3,34.0,1384,1209
36856,42.0,28.8,7814,5474
36858,42.8,34.0,486,387
36860,45.6,36.8,1274,1062
36861,36.2,24.9,3319,2793
36862,43.8,36.5,5806,4824
36863,41.7,34.6,12233,9613
36866,45.0,35.1,3857,3057
36867,41.5,31.5,22505,17171
36869,44.4,35.3,21748,16266
36870,40.4,26.3,19325,14120
36871,40.6,31.4,1118,914
36874,40.3,26.9,9173,7057
36875,39.9,30.2,4464,3589
36877,39.9,26.1,12461,9504
36879,36.6,21.4,2586,1903
36901,54.0,41.0,209,168
36904,45.1,37.2,3755,3008
36907,50.7,38.3,1635,1290
36908,42.7,35.1,2312,1808
36912,50.5,39.4,1780,1473
36915,42.5,35.4,643,512
36916,49.1,38.1,542,415
36919,42.8,32.3,1830,1465
36921,41.7,35.0,982,801
36922,48.6,38.7,622,509
36925,52.7,39.6,3231,2503
37010,35.4,21.9,5609,4159
37012,40.9,33.0,2339,1819
37013,35.6,29.7,96379,70838
37014,31.9,19.3,2498,1868
37015,39.9,26.0,18761,14756
37016,39.7,27.6,967,770
37018,40.0,28.3,2392,1880
37019,40.4,27.8,890,689
37020,40.4,23.3,5272,3993
37022,42.1,27.2,6072,4649
37023,38.0,26.0,1731,1308
37025,37.6,27.5,6779,5252
37026,43.3,28.8,2500,1940
37027,27.4,16.4,61370,45483
37028,38.4,27.1,650,513
37029,35.4,23.4,6289,4923
37030,39.0,28.3,7258,5627
37031,40.5,24.9,4296,3362
37032,36.0,25.5,4663,3548
37033,37.8,30.5,7865,6127
37034,38.7,23.6,8412,6262
37035,38.9,24.1,3796,2944
37036,38.1,27.7,6486,5040
37037,36.8,20.8,8864,6419
37040,40.2,25.6,60382,44828
37042,40.3,25.8,83498,59053
37043,36.0,21.3,52792,39692
37046,31.5,19.2,5941,4484
37047,39.6,27.5,2495,1924
37048,40.0,24.3,6927,5361
37049,36.2,26.4,3564,2799
37050,38.5,27.6,1722,1357
37051,38.6,28.9,4019,3076
37052,38.9,27.1,2853,2174
37055,37.6,27.6,29319,22735
37057,39.4,27.0,1011,752
37058,38.8,29.1,7396,5902
37059,42.5,33.7,1578,1268
37060,35.7,20.0,2916,2223
37061,39.3,29.7,4852,3835
37062,33.3,22.5,12710,9391
37064,30.6,19.4,62422,46974
37066,41.7,25.3,59370,45522
37067,27.8,16.9,31465,24069
37069,28.6,16.3,20832,15362
37072,36.2,26.3,33065,26282
37073,35.3,24.6,14506,11135
37074,40.8,28.6,10413,8485
37075,38.5,20.3,71023,54013
37076,31.1,23.2,39326,31667
37078,40.4,28.9,709,576
37079,36.5,22.8,2731,2096
37080,35.1,26.4,7429,6026
37082,38.5,22.3,6138,4891
37083,42.5,31.0,15786,11965
37085,36.1,20.8,5268,3884
37086,41.7,27.2,37463,26392
37087,32.9,24.8,51658,39510
37090,32.0,23.3,18369,14476
37091,40.9,28.9,22554,17435
37095,41.9,32.7,2033,1556
37096,39.9,33.2,5812,4650
37097,40.1,34.0,2269,1753
37098,38.3,29.3,5413,4180
37101,40.1,28.8,6481,5079
37110,42.5,32.7,32952,25401
37115,37.6,33.7,39821,30985
37118,35.7,22.3,1403,1111
37122,30.0,19.4,64018,48117
37127,37.3,22.3,20353,15698
37128,36.6,20.3,70329,51638
37129,36.5,20.9,60494,46073
37130,39.2,25.0,59677,46333
37132,29.4,17.6,2880,2865
37134,40.0,27.2,2981,2285
37135,29.7,16.9,21176,14462
37137,38.8,30.4,2828,2209
37138,30.5,22.3,23631,18959
37140,42.5,29.1,1361,1321
37141,36.2,25.8,1186,885
37142,37.7,24.3,1970,1534
37143,37.6,22.8,4032,3206
37144,39.7,27.3,3300,2597
37145,38.8,27.2,2493,1920
37146,37.1,21.6,7567,5785
37148,42.6,27.5,25318,18947
37149,41.2,27.6,2675,2064
37150,43.9,35.7,4951,3787
37151,38.4,24.9,534,402
37153,36.9,21.1,5726,4257
37160,45.4,31.5,36976,27494
37165,36.6,31.1,64,56
37166,40.0,31.9,14379,11078
37167,39.0,25.4,61731,45474
37171,39.6,27.4,1156,897
37172,39.3,31.1,31851,24153
37174,32.2,19.5,48849,34310
37175,40.2,33.4,987,778
37178,40.5,31.7,2281,1764
37179,31.0,17.9,16995,11934
37180,41.4,25.3,3316,2490
37181,38.5,29.3,1509,1163
37183,41.6,26.9,3494,2746
37184,32.8,24.3,6250,4790
37185,42.4,30.9,9082,6946
37186,43.6,30.7,10263,7693
37187,38.3,28.5,7382,5758
37188,37.0,22.8,16281,12244
37189,33.8,25.9,3636,2878
37190,42.8,29.7,8930,7063
37191,36.9,22.3,3969,3102
37201,29.3,15.4,2448,2383
37203,29.7,20.7,20429,18615
37204,25.5,15.3,15959,13326
37205,25.2,16.5,24551,20139
37206,31.6,20.9,27792,22222
37207,40.0,33.1,38719,28868
37208,34.3,25.5,21609,18494
37209,29.8,21.2,40498,34124
37210,35.3,30.9,17134,13666
37211,32.6,27.8,81830,62935
37212,22.9,17.1,22318,20463
37213,43.6,38.3,112,65
37214,30.4,22.2,30480,25412
37215,25.5,17.0,23756,19269
37216,29.7,19.0,18191,15387
37217,35.9,30.6,33115,25332
37218,39.9,33.8,14875,11904
37219,26.5,15.8,2265,2209
37220,25.4,15.4,6750,5150
37221,27.7,18.9,42312,34107
37228,33.0,26.4,1710,1475
37301,43.2,37.0,1653,1284
37302,33.2,20.0,4934,3709
37303,46.4,30.2,25894,20407
37305,43.6,37.9,735,590
37306,36.4,31.3,2749,2158
37307,42.6,28.3,5092,4110
37308,37.7,26.9,2825,2254
37309,45.3,29.8,2137,1695
37310,40.7,24.3,4384,3497
37311,43.3,29.2,29687,23339
37312,39.3,23.7,36291,28345
37313,41.2,32.8,1360,1088
37315,19.4,11.1,1760,1741
37317,44.1,31.2,2565,2133
37318,38.9,34.1,1972,1522
37321,42.2,30.9,19823,15216
37322,41.7,31.4,8855,6926
37323,41.7,26.2,31497,24321
37324,38.4,33.7,5119,4028
37325,44.2,30.3,1930,1544
37326,42.3,34.5,420,380
37327,39.5,32.4,12412,9764
37328,39.3,28.7,1504,1162
37329,45.9,30.4,5381,4287
37330,35.2,27.9,7026,5622
37331,45.8,30.2,7792,6126
37332,41.0,29.3,2713,2091
37333,47.5,37.6,550,439
37334,41.0,29.6,23435,18201
37335,39.6,28.4,2824,2181
37336,39.2,26.3,4650,3746
37337,42.5,31.6,1499,1209
37338,42.0,32.9,3328,2604
37339,41.2,33.4,1923,1516
37340,41.0,30.4,472,398
37341,32.8,19.7,12900,10332
37342,39.7,28.2,3809,2907
37343,32.2,20.5,43626,34402
37345,34.8,29.5,2202,1682
37347,39.5,28.6,8280,6561
37348,40.5,28.6,1192,931
37350,26.3,11.9,2058,1520
37351,32.0,19.2,376,328
37352,38.7,28.5,3347,2635
37353,39.1,23.8,5168,4087
37354,39.0,31.1,17535,13644
37355,39.6,28.7,28487,21986
37356,40.2,32.0,2521,2055
37357,41.5,30.6,6382,4721
37359,39.9,26.3,684,541
37360,39.9,26.0,1667,1321
37361,42.9,30.4,1684,1347
37362,43.8,29.4,3678,2925
37363,31.8,19.6,41120,31974
37365,41.4,34.2,1340,1100
37366,39.6,29.7,958,769
37367,42.0,33.7,11835,9866
37369,43.1,30.8,916,772
37370,45.6,29.6,4879,3860
37373,34.2,23.8,3343,2677
37374,41.9,31.6,1668,1346
37375,29.6,22.4,3657,3272
37376,35.1,26.2,387,322
37377,29.7,17.1,17004,12591
37379,33.5,21.9,28552,22659
37380,41.8,32.7,6305,4961
37381,43.0,33.2,9213,7471
37383,20.1,15.0,312,312
37385,39.9,33.1,8108,6467
37387,39.2,30.8,4089,3209
37388,38.2,27.8,26352,20377
37391,46.3,36.1,1573,1309
37394,40.7,31.4,74,53
37396,38.7,30.5,280,233
37397,40.5,31.9,9928,7821
37398,36.3,30.8,15693,12634
37402,42.8,31.1,4464,3787
37403,29.1,19.3,5666,5346
37404,43.7,34.2,13106,9895
37405,30.9,18.0,18231,15237
37406,45.3,33.8,12422,9153
37407,45.6,40.5,9779,6322
37408,37.3,23.2,3353,2794
37409,34.8,21.3,2791,2302
37410,51.4,43.1,4082,2802
37411,41.1,27.6,17499,13792
37412,35.7,25.5,21881,17335
37415,31.9,19.3,23580,19627
37416,37.6,24.1,14844,12014
37419,32.1,20.3,6438,5243
37421,32.7,20.9,51686,41338
37601,38.0,28.8,37079,29419
37604,36.9,27.5,37025,30363
37614,27.5,19.2,4027,3893
37615,34.5,22.3,22151,17804
37616,39.8,29.6,4864,3940
37617,38.1,29.7,14422,11890
37618,37.7,28.8,12729,10370
37620,38.0,29.4,38245,30959
37640,39.6,34.6,3664,3007
37641,38.8,29.0,8699,7100
37642,39.8,29.3,15041,12160
37643,37.6,31.3,33752,27170
37645,38.1,26.2,5469,4376
37650,39.0,32.5,12329,10047
37656,36.1,25.8,3611,2957
37657,38.7,31.9,879,747
37658,39.4,33.5,4019,3313
37659,35.2,24.5,29313,23663
37660,39.5,32.7,39479,31787
37663,35.1,24.5,14392,11724
37664,37.2,27.8,28748,22929
37665,40.4,33.4,5204,4088
37680,40.4,36.4,661,535
37681,36.9,27.3,6234,5011
37682,24.6,17.7,392,380
37683,41.1,34.8,12867,10648
37686,35.4,24.5,8207,6746
37687,38.8,33.6,4641,3829
37688,34.0,25.3,963,828
37690,35.9,26.7,4332,3503
37691,41.1,36.0,851,686
37692,39.0,30.7,4808,4002
37694,39.6,33.6,1766,1451
37701,38.9,27.5,8798,6694
37705,40.5,25.3,5031,4002
37708,41.2,30.9,6584,5367
37709,39.1,27.0,3900,3067
37710,46.7,35.5,1025,815
37711,43.4,36.3,5056,3993
37713,40.9,34.0,1407,1156
37714,42.4,31.6,4352,3443
37715,44.9,35.7,835,678
37716,42.4,28.1,25920,20611
37719,41.6,25.1,157,129
37721,35.6,26.2,14222,10923
37722,39.3,31.5,6138,5097
37723,40.6,29.6,977,766
37724,40.0,25.8,2581,2166
37725,37.0,26.8,18395,15069
37726,44.7,33.8,1959,1512
37727,40.9,34.4,2175,1781
37729,41.7,31.1,1381,1065
37730,47.1,33.4,57,56
37731,42.0,35.5,786,627
37732,40.7,29.6,56,54
37737,36.5,25.5,6293,5076
37738,38.3,27.2,5001,4169
37742,36.7,25.7,6160,4979
37743,41.0,31.6,25755,20565
37745,39.2,29.8,19714,15973
37748,39.0,31.6,17227,13745
37752,39.4,27.7,6421,5440
37753,37.6,29.3,862,689
37754,38.1,24.4,4826,3778
37755,46.0,39.0,3567,2689
37756,43.9,37.3,2764,2145
37757,41.1,29.2,9494,7568
37760,36.0,26.4,13726,11045
37762,41.0,31.2,2893,2346
37763,35.5,27.2,15465,12617
37764,38.1,26.9,10583,8258
37765,41.7,36.7,510,407
37766,43.4,34.1,18011,14231
37769,45.3,32.9,5724,4498
37770,44.6,33.1,2716,2197
37771,39.2,30.0,16822,12830
37772,35.3,23.7,13453,10982
37774,34.8,26.3,20678,17641
37777,36.6,25.4,12200,10136
37779,41.0,30.8,3812,2944
37801,35.9,25.1,28822,22646
37803,35.3,24.9,33463,26619
37804,36.5,26.3,27075,21285
37806,37.2,31.1,3258,2562
37807,40.1,29.5,10449,7970
37809,43.8,37.3,2200,1694
37810,45.8,39.3,1834,1426
37811,42.5,33.3,3507,2889
37813,42.1,33.9,18030,13344
37814,40.3,32.0,34130,26476
37818,42.1,33.6,4908,3885
37819,46.0,38.5,712,577
37820,37.0,26.6,7991,6234
37821,41.2,34.6,22928,18182
37825,42.7,30.7,8958,7141
37826,44.4,27.4,4419,3535
37828,39.6,24.3,1458,1165
37829,40.9,27.5,1747,1379
37830,39.9,25.6,31839,25052
37840,41.6,30.8,9330,7359
37841,42.8,34.5,9443,7110
37843,39.3,31.4,3731,3054
37845,41.2,26.3,362,281
37846,36.4,27.1,4994,3842
37847,44.9,37.0,2602,2002
37848,41.5,33.0,330,247
37849,34.7,23.8,27742,21636
37852,42.1,31.7,2625,1979
37853,38.1,28.9,3621,2877
37854,39.7,33.7,12614,10138
37857,41.8,33.3,21026,16733
37860,39.6,28.5,4281,3328
37861,41.2,30.3,8790,6970
37862,38.7,28.7,23236,18315
37863,39.8,31.8,6988,5473
37865,36.6,24.3,22567,18007
37866,39.3,26.6,1957,1641
37869,43.5,39.2,4908,3865
37870,43.6,33.0,4303,3475
37871,36.5,26.2,9245,7273
37872,46.0,35.5,2037,1590
37873,42.4,33.0,4158,3327
37874,40.8,32.6,15604,11981
37876,38.6,26.9,32866,26516
37877,36.4,24.8,8739,6929
37878,38.1,28.0,530,454
37879,42.8,32.1,10490,8292
37880,38.1,27.8,3690,3052
37881,42.2,35.3,2235,1788
37882,36.1,26.8,3061,2680
37885,36.5,28.1,5509,4762
37886,36.7,27.1,4481,3645
37887,45.3,31.2,7118,5941
37888,43.0,34.0,2734,2104
37890,38.4,29.1,6890,5289
37891,40.2,30.3,3437,2702
37892,42.8,34.8,1946,1481
37902,31.9,18.0,2479,2395
37909,32.3,22.3,16066,13011
37912,37.6,29.1,22313,17614
37914,40.1,31.9,20587,16234
37915,47.3,40.2,5509,4272
37916,31.8,29.0,14400,14071
37917,37.9,28.6,25013,20636
37918,34.8,24.9,46245,36133
37919,31.2,19.9,30822,24835
37920,34.3,24.7,41210,34061
37921,38.4,29.4,28903,21696
37922,29.5,16.6,39623,29764
37923,32.9,22.3,29705,23659
37924,35.1,25.4,12894,10092
37931,32.9,21.4,31358,23963
37932,31.8,20.0,21726,16454
37934,28.8,17.9,27414,20925
37938,32.7,23.0,18207,14222
38001,42.5,31.9,4464,3381
38002,33.0,19.0,44385,31927
38004,41.3,23.3,11561,8514
38006,42.1,31.0,5178,3933
38008,45.1,35.8,9110,7077
38011,42.8,27.2,9427,7204
38012,48.3,40.2,13901,10643
38015,44.8,31.8,2601,1998
38016,35.8,21.7,48322,37510
38017,29.7,17.7,55114,41468
38018,34.7,20.8,37086,28945
38019,46.7,32.0,15129,11362
38023,44.3,28.9,5443,4219
38024,40.0,31.2,26518,20226
38028,34.2,22.2,7211,5970
38029,27.5,16.6,81,61
38030,38.2,28.7,557,412
38034,42.3,32.5,2783,2194
38036,42.5,37.7,220,197
38037,43.8,32.1,1718,1302
38039,46.2,34.6,1758,1323
38040,43.8,32.4,4984,3819
38041,49.5,35.6,4075,3618
38042,42.4,33.6,685,572
38044,39.3,31.3,811,628
38047,39.1,28.3,124,93
38049,47.6,32.6,4357,3573
38050,43.9,32.7,382,308
38052,40.4,32.4,3757,2958
38053,38.3,28.1,26839,21132
38054,30.7,16.6,93,92
38057,40.8,28.8,3519,2858
38058,42.0,25.9,10962,8135
38059,37.6,27.9,7607,5666
38060,38.6,25.1,11649,9407
38061,39.4,32.0,972,794
38063,47.5,35.2,16033,12170
38066,38.1,24.1,3068,2570
38067,40.7,33.7,1233,1083
38068,41.6,30.6,10952,8752
38069,45.1,33.6,2498,2033
38070,46.0,39.9,89,81
38075,46.1,34.0,6680,5982
38076,39.1,26.3,762,613
38079,49.3,40.1,4890,4314
38080,44.4,39.5,2408,1877
38103,32.0,17.9,14739,13968
38104,34.7,21.7,22584,19570
38105,46.1,35.4,6232,5095
38106,51.6,44.4,22394,17161
38107,45.4,34.3,15655,12096
38108,48.3,42.6,17051,12115
38109,49.8,40.5,42437,32023
38111,39.3,28.9,40533,32072
38112,38.3,27.8,16970,13321
38114,47.7,37.6,23559,18133
38115,44.9,32.9,40076,28969
38116,47.6,35.5,39107,28948
38117,31.2,19.3,27138,21576
38118,47.7,38.7,39627,27815
38119,33.4,19.5,23997,19460
38120,28.0,15.9,14536,11636
38122,41.3,35.0,26432,19221
38125,39.6,24.1,40970,31914
38126,51.7,42.6,5717,3985
38127,49.7,39.9,40679,28305
38128,45.4,33.9,43197,30784
38133,34.8,24.0,22482,16856
38134,38.7,27.3,41760,32325
38135,34.2,21.3,29609,22826
38138,27.8,16.2,25837,19910
38139,27.0,14.3,16734,12460
38141,44.8,31.4,22333,15924
38152,26.0,16.3,127,126
38201,40.6,29.8,10095,8115
38220,43.3,32.4,1919,1522
38221,41.6,34.3,3113,2563
38222,36.4,29.7,2591,2148
38224,38.7,33.7,938,667
38225,41.3,32.2,5929,4644
38226,45.0,37.0,272,231
38229,41.4,31.7,2738,2128
38230,40.7,30.1,3499,2777
38231,41.8,37.3,1739,1372
38232,40.0,34.2,1990,1638
38233,40.0,33.0,2653,2139
38235,42.7,31.5,209,176
38236,37.9,32.0,606,497
38237,39.6,28.6,15826,13030
38240,39.0,31.3,1970,1543
38241,39.7,30.0,789,632
38242,38.9,33.4,19940,15554
38251,35.8,29.0,2750,2228
38253,37.6,27.2,970,811
38255,39.4,30.2,2132,1722
38256,37.2,31.0,3293,2805
38257,39.6,31.7,4121,3284
38258,44.1,31.5,1437,1130
38259,39.3,31.6,730,560
38260,38.5,30.7,3838,2988
38261,40.8,32.6,16627,12819
38301,48.6,37.4,34170,26350
38305,41.5,27.5,52686,41208
38310,39.0,32.2,6204,4868
38311,44.4,34.6,865,718
38313,40.1,27.8,3194,2522
38315,38.4,30.4,3653,2869
38316,39.1,30.3,2706,2089
38317,43.2,32.3,2521,1956
38318,43.6,33.4,511,395
38320,40.2,32.6,10362,8264
38321,44.5,35.5,2450,1973
38326,36.4,31.7,2527,2204
38327,38.7,33.2,480,394
38328,36.4,27.7,926,709
38329,43.1,33.7,3435,2744
38330,39.4,31.5,4040,3126
38332,41.8,33.4,1116,883
38333,39.4,32.3,427,368
38334,40.3,32.4,1890,1436
38337,41.3,28.2,1216,966
38339,38.3,29.8,653,526
38340,38.6,28.2,12802,9992
38341,44.2,38.4,2159,1771
38342,43.8,31.8,1296,1053
38343,41.5,31.8,15629,12126
38344,42.5,29.2,9059,7004
38345,38.3,29.4,2089,1585
38347,43.2,32.7,319,240
38348,44.6,32.4,909,728
38351,38.8,31.2,17838,13806
38352,40.7,30.1,587,436
38355,35.6,21.4,7669,5222
38356,40.8,28.9,2272,1844
38357,38.1,30.0,2999,2352
38358,40.3,31.3,12153,9244
38359,39.4,32.8,289,244
38361,38.8,34.0,1068,881
38362,44.6,29.4,1153,883
38363,42.6,33.4,5406,4275
38366,39.7,28.0,2369,1893
38367,38.4,29.7,2687,2156
38368,39.0,30.6,1979,1545
38369,38.7,30.5,1856,1430
38370,39.6,34.3,634,558
38371,37.4,30.8,1275,1007
38372,38.5,33.7,17939,14019
38374,39.6,31.6,1848,1442
38375,40.3,32.9,9071,7257
38376,36.5,30.9,337,273
38379,41.3,34.7,1492,1158
38380,43.0,35.3,529,438
38381,42.5,32.6,1418,1120
38382,40.4,31.9,9250,7332
38387,45.6,34.0,409,318
38388,41.3,34.8,1596,1234
38390,44.9,34.5,943,738
38391,45.8,30.0,1112,894
38392,40.0,27.2,739,604
38401,36.1,26.3,63075,48848
38425,44.7,32.0,3578,3273
38449,40.3,28.8,3001,2341
38450,40.5,33.3,2479,1973
38451,35.1,24.5,5491,4278
38452,38.9,31.0,1032,874
38453,40.3,27.6,395,331
38454,37.5,28.2,1086,873
38455,45.5,32.7,80,55
38456,41.6,31.4,4832,3270
38457,41.8,30.4,809,615
38459,39.2,27.0,471,353
38460,40.9,29.9,1341,1060
38461,38.0,28.9,1521,1180
38462,39.4,29.8,10488,8060
38463,40.5,31.5,2737,2126
38464,41.9,32.0,23517,18130
38468,39.3,27.3,5347,4063
38469,40.4,30.0,4239,3294
38471,38.1,30.5,512,412
38472,40.8,29.8,2665,2075
38473,40.6,31.0,1112,868
38474,37.4,28.5,8045,6045
38475,37.4,31.1,763,561
38476,34.1,24.7,1295,1003
38477,41.0,30.2,2785,2317
38478,39.6,28.0,18571,14621
38481,42.1,32.8,891,699
38482,34.0,24.2,1773,1388
38483,40.0,28.1,6100,4606
38485,39.2,31.7,6289,5001
38486,43.1,33.0,1024,784
38487,36.6,26.9,1203,970
38488,39.6,26.7,2452,1912
38501,37.0,25.4,41141,33034
38504,45.0,32.3,895,719
38505,32.2,21.1,844,840
38506,37.9,25.7,29976,23489
38541,40.7,33.6,1547,1249
38543,41.7,32.3,589,479
38544,39.1,27.5,7435,5594
38545,39.2,29.6,1403,1148
38547,38.2,26.2,2100,1631
38548,39.6,28.1,812,631
38549,41.5,34.1,3574,2928
38551,41.0,35.2,3941,3149
38552,39.9,31.1,348,281
38553,43.3,29.8,2462,1893
38554,42.1,34.9,900,731
38555,40.4,30.4,19930,15644
38556,45.3,33.9,12742,10208
38558,34.5,27.3,9064,8683
38559,39.7,31.9,1301,1004
38560,40.6,29.8,1309,1016
38562,39.8,33.1,6301,5158
38563,39.6,28.1,2467,1887
38564,39.1,32.1,586,495
38565,44.0,29.4,1105,840
38567,38.7,26.9,868,670
38568,41.9,33.7,2110,1663
38569,39.9,30.0,413,333
38570,40.8,31.2,9685,7626
38571,40.1,29.3,14324,11482
38572,40.1,29.7,12193,10123
38573,40.9,30.8,2106,1678
38574,42.2,32.7,8816,6901
38575,38.9,32.8,1152,901
38577,44.0,34.9,1175,928
38578,37.2,42.7,176,168
38579,41.2,32.2,1048,804
38580,40.2,28.7,2015,1538
38581,40.3,29.8,4354,3452
38582,39.6,29.3,1438,1162
38583,39.6,32.1,25302,19869
38585,38.9,30.8,4276,3250
38587,39.2,31.5,1501,1192
38588,42.5,37.9,1117,887
38589,42.8,29.8,298,234
38601,40.6,34.8,2312,1830
38603,40.7,36.2,2666,2134
38606,44.4,36.6,15612,11703
38610,42.8,36.0,3486,2710
38611,40.7,37.7,16537,13089
38614,45.9,42.2,16970,12581
38617,49.9,46.2,857,602
38618,36.5,34.6,11467,9105
38619,49.1,45.7,4615,3709
38620,45.2,36.5,3419,2556
38621,47.9,41.8,1436,1070
38622,48.3,41.2,549,394
38623,51.4,46.5,162,131
38625,40.5,31.7,1135,860
38626,45.4,40.2,941,780
38627,38.8,29.8,1280,936
38629,43.7,36.7,1624,1248
38631,51.7,47.9,966,700
38632,33.9,25.0,29210,21873
38633,40.2,35.2,2240,1738
38635,43.4,38.0,14037,11454
38637,42.3,34.4,26736,19278
38639,52.3,47.9,673,457
38641,38.7,33.4,2424,1844
38642,42.2,35.2,2190,1748
38643,51.2,44.9,1948,1525
38644,51.3,49.2,90,73
38645,45.4,43.2,1192,964
38646,50.9,45.5,2454,1989
38647,45.2,38.0,1065,853
38650,40.6,32.4,4120,3085
38651,34.9,26.2,8724,6628
38652,42.2,34.6,16657,12681
38654,35.5,25.4,56730,42343
38655,33.9,26.3,44153,35439
38658,41.0,33.9,2317,1789
38659,39.8,36.4,2512,1928
38661,40.7,36.6,1854,1442
38663,43.5,36.7,11561,8864
38664,53.8,47.9,3420,2442
38665,37.6,34.7,2548,1857
38666,49.1,44.2,6558,4975
38668,35.5,31.4,14482,11048
38670,53.2,46.6,875,695
38671,38.6,30.8,36073,27414
38672,34.4,23.6,15866,11670
38673,39.2,28.4,1041,819
38674,44.4,36.8,1047,802
38676,49.8,44.3,5530,3983
38677,26.3,22.7,4712,4683
38680,38.8,30.1,6582,4829
38683,41.0,34.2,4948,3796
38685,42.7,39.3,1317,1048
38701,44.0,40.7,21051,16088
38703,45.7,43.3,12731,9600
38720,40.5,36.4,452,369
38721,50.1,45.0,885,720
38722,41.6,32.4,407,330
38725,47.9,46.9,685,529
38726,51.0,51.3,354,277
38730,42.1,37.9,1551,1205
38732,43.2,38.4,17652,13519
38736,45.6,41.8,397,303
38737,51.8,49.1,2803,1926
38738,52.5,43.9,3140,3136
38740,52.5,53.2,393,325
38744,39.9,37.0,712,586
38746,51.7,51.5,399,314
38748,44.9,41.6,3384,2508
38751,48.1,40.2,10682,8119
38753,44.1,36.7,1243,966
38754,51.6,45.8,1345,997
38756,41.4,36.5,6112,4766
38759,44.8,41.8,1242,956
38760,44.5,38.4,696,530
38761,48.9,43.5,2256,1785
38762,50.7,44.2,2196,1668
38764,53.4,52.3,265,223
38765,54.4,47.8,117,74
38768,54.3,51.5,102,76
38769,53.4,51.6,1869,1403
38771,50.0,45.7,2959,2307
38772,47.4,47.2,117,86
38773,50.4,47.4,2566,2009
38774,54.7,53.2,2191,1580
38778,48.8,41.5,1335,969
38781,51.9,45.1,214,169
38801,37.8,33.8,29795,22463
38804,35.5,31.5,17314,13525
38821,40.9,36.9,11847,9113
38824,41.7,37.6,7788,6036
38826,34.0,28.7,5139,4005
38827,38.4,33.0,2441,1853
38828,40.8,33.8,4599,3454
38829,39.8,32.8,18367,14329
38833,39.7,35.5,2348,1785
38834,40.1,35.4,27823,21491
38838,41.7,38.2,1494,1198
38839,43.0,37.6,81,51
38841,39.4,34.5,3085,2247
38843,35.9,31.8,11952,9384
38844,41.0,37.3,131,88
38846,39.9,35.5,2003,1613
38847,37.5,34.3,3165,2494
38848,38.0,33.5,870,641
38849,35.5,31.1,6062,4470
38850,43.3,40.1,3176,2447
38851,42.8,38.1,8781,6715
38852,38.9,34.7,9365,7485
38855,36.6,31.8,4798,3683
38856,39.2,34.7,1657,1284
38857,34.0,30.1,3688,2745
38858,40.3,37.0,6914,5366
38859,40.8,35.4,691,534
38860,46.2,41.9,5535,4358
38862,37.6,34.3,2271,1857
38863,38.9,34.7,20195,15118
38864,38.6,34.7,1618,1190
38865,40.7,35.2,4755,3609
38866,35.0,31.3,12556,9496
38868,40.3,36.1,4905,3888
38869,37.0,33.1,370,295
38870,36.8,29.2,2567,2011
38871,37.6,33.1,2105,1564
38873,42.7,39.7,2622,2094
38876,36.5,32.3,1404,1021
38878,39.4,35.7,2557,1959
38879,48.5,46.2,118,92
38901,46.7,38.2,18282,13994
38913,37.3,32.4,354,291
38914,41.6,38.6,520,403
38915,41.3,36.7,3634,2888
38916,42.7,40.0,4389,3427
38917,39.0,37.3,3679,2985
38920,44.3,43.0,723,591
38921,45.3,41.3,4523,3427
38922,42.6,41.3,3342,2665
38923,42.5,41.1,1188,979
38924,48.6,44.9,606,487
38925,42.2,36.1,2040,1653
38927,39.4,32.8,1125,943
38928,51.0,49.8,406,284
38929,44.1,35.5,1239,1024
38930,42.8,41.0,23438,17238
38940,44.2,36.9,2106,1681
38941,45.5,43.8,4004,3142
38943,40.4,39.6,696,554
38944,40.6,40.0,329,250
38946,48.1,46.1,248,189
38947,39.9,39.8,79,61
38948,39.9,38.5,1975,1659
38949,34.2,26.5,248,212
38950,49.1,50.9,331,266
38951,41.5,40.9,1093,876
38952,41.9,41.2,395,307
38953,40.2,37.5,629,506
38954,38.4,33.0,1086,773
38957,48.6,47.5,514,394
38961,41.2,38.2,1103,869
38963,47.4,41.3,3292,2815
38964,47.5,42.4,119,94
38965,38.8,37.4,9219,7275
38966,51.3,48.2,639,480
38967,46.1,44.7,6590,5145
39038,53.4,47.4,5401,4037
39039,45.2,39.1,2187,1772
39040,44.8,36.4,2998,2373
39041,44.6,35.4,3376,2730
39042,35.4,24.8,39069,29664
39044,37.5,31.1,3718,2850
39045,44.4,38.8,1261,1002
39046,44.5,37.9,27866,20846
39047,34.4,23.4,39191,29918
39051,42.7,37.9,15677,11743
39054,49.6,45.8,393,302
39056,36.2,26.6,27346,20777
39057,42.4,36.6,2388,1584
39058,21.4,15.8,1468,1461
39059,41.9,36.7,12073,9453
39062,40.0,36.0,397,308
39063,51.4,45.1,3111,2291
39066,44.1,35.4,3912,3146
39067,40.5,36.3,1260,977
39069,53.0,45.0,5227,3949
39071,38.8,30.5,5674,4437
39073,37.8,30.5,20613,15576
39074,44.7,42.2,14552,10476
39078,40.8,35.1,773,614
39079,46.8,41.4,1858,1488
39082,39.2,33.3,1259,969
39083,44.8,39.8,9517,7279
39086,52.5,47.3,1885,1417
39090,43.0,37.9,12639,9365
39092,41.8,37.1,2870,2138
39094,41.1,35.7,3860,2977
39095,50.8,44.6,6826,5230
39096,42.1,34.5,2310,2009
39097,55.0,51.4,722,566
39108,41.2,36.5,1749,1382
39110,31.3,20.4,48474,35933
39111,41.3,36.4,9517,7191
39113,48.9,43.7,461,394
39114,40.4,34.0,9673,7380
39115,54.1,52.3,81,60
39116,41.1,32.7,2249,1770
39117,40.3,36.6,10573,7708
39119,42.2,35.2,5132,3935
39120,41.3,41.4,29634,23630
39140,45.6,39.7,2119,1592
39144,48.1,39.4,975,724
39145,37.0,29.6,5163,3955
39146,51.0,45.5,2591,2015
39149,41.8,37.0,1657,1269
39150,49.9,42.3,5079,3947
39152,42.4,37.4,1138,886
39153,43.3,38.3,3029,2421
39154,36.1,27.7,9512,8083
39156,35.7,26.7,449,367
39157,35.4,25.9,24611,19612
39159,49.3,44.8,2933,2316
39160,43.3,36.6,2596,2001
39162,41.6,32.7,193,158
39166,54.6,50.8,442,367
39168,44.4,37.3,5941,4564
39169,52.7,46.0,2443,1835
39170,40.2,31.2,9303,7493
39174,25.4,19.9,491,478
39175,43.3,36.3,4408,3637
39176,43.8,42.6,2099,1728
39179,50.9,45.7,1162,909
39180,43.9,33.1,30383,23313
39183,43.4,32.6,13890,10632
39189,44.1,40.0,3566,2530
39191,38.8,34.2,8280,6307
39192,44.6,40.9,1508,1208
39193,57.6,64.9,510,474
39194,51.8,43.3,20063,15818
39201,39.4,25.7,574,540
39202,39.4,29.7,7405,6342
39203,49.4,42.9,4395,3584
39204,51.2,44.7,15433,11281
39206,47.3,38.1,22553,17484
39208,41.6,34.1,34228,26663
39209,50.3,43.6,25227,19366
39210,27.7,25.8,456,442
39211,36.7,24.5,24900,19512
39212,47.3,37.1,29087,21566
39213,51.3,47.1,19507,15264
39216,36.2,25.2,4061,3372
39217,33.9,28.4,1466,1444
39218,38.2,29.9,7231,5380
39232,34.4,24.2,9052,7255
39272,40.9,27.8,14022,10526
39301,42.8,37.0,23537,17845
39305,38.4,31.2,19809,15105
39307,48.4,44.0,16231,12283
39309,26.6,19.5,163,155
39320,38.8,33.5,1594,1237
39322,45.5,41.5,1718,1303
39323,37.9,32.0,1236,962
39325,36.7,28.8,6029,4561
39326,43.6,34.5,555,469
39327,36.5,29.1,4237,3355
39328,45.6,38.5,4258,3384
39330,36.8,32.2,3020,2282
39332,41.5,35.5,1631,1253
39335,38.6,30.5,2960,2411
39336,43.8,37.0,1247,945
39337,34.9,28.1,1781,1399
39338,45.3,40.1,2960,2306
39339,42.4,38.3,14385,11041
39341,47.2,42.3,6607,4921
39342,40.5,32.8,1632,1211
39345,45.5,39.9,5898,4484
39346,39.5,35.7,2059,1631
39347,44.8,42.8,1407,1124
39348,51.1,45.1,575,424
39350,43.7,37.9,24480,17724
39352,47.4,41.9,693,545
39354,41.2,34.7,1676,1331
39355,38.2,35.4,6497,5063
39356,44.7,40.4,575,477
39358,42.6,36.9,1523,1278
39359,46.8,49.4,231,153
39360,44.9,40.2,3606,2776
39361,45.7,41.5,1194,966
39362,46.7,42.8,2569,1951
39363,37.7,33.9,1382,1052
39364,43.0,35.7,2854,2201
39365,41.1,37.0,7633,5688
39366,48.4,43.3,1316,1012
39367,44.2,37.6,14291,10861
39401,39.1,33.7,43183,34351
39402,36.8,27.6,44633,33918
39406,31.0,29.9,2674,2665
39421,46.8,41.8,2700,2120
39422,42.8,36.7,5071,3884
39423,47.4,39.4,2306,1821
39425,37.6,31.2,1763,1323
39426,36.5,30.6,17472,13277
39427,42.2,38.2,1247,1013
39428,40.9,36.8,8726,6769
39429,43.6,36.8,16073,12413
39437,40.1,35.0,14158,10855
39439,48.2,43.5,4353,3363
39440,46.6,42.3,19759,14404
39443,39.3,33.9,22938,17494
39451,44.2,34.2,6657,5625
39452,37.2,31.1,28668,21435
39455,39.9,34.4,9257,7016
39456,42.5,34.6,1243,965
39459,40.2,34.6,3604,2751
39461,39.3,28.8,605,452
39462,46.8,40.2,1103,843
39464,37.6,31.7,2267,1810
39465,34.4,27.9,23002,16992
39466,39.7,35.4,27897,21373
39470,37.1,31.8,12373,9812
39474,46.4,40.7,5363,4268
39475,37.2,28.1,12943,9572
39476,40.7,32.6,7489,5709
39477,41.3,38.2,614,491
39478,42.8,37.8,1974,1483
39479,37.6,32.8,5713,4330
39480,38.8,33.1,2390,1860
39481,40.1,33.8,1853,1380
39482,38.9,30.7,11411,8139
39483,44.2,39.9,5489,4152
39501,44.8,46.7,22599,17000
39503,36.8,33.6,53643,40096
39507,37.1,36.6,17724,14026
39520,38.2,31.5,14963,11809
39525,32.7,25.8,9537,7796
39530,39.3,42.9,8392,6547
39531,36.0,33.7,19965,15104
39532,35.5,31.8,34348,26435
39534,20.0,16.6,1692,1658
39540,33.8,33.2,12707,9641
39553,43.4,32.8,17032,12979
39556,39.2,33.8,7403,5690
39560,32.9,30.3,18611,14524
39561,39.8,30.4,2064,1588
39562,40.7,32.9,16780,13148
39563,49.1,40.9,12300,10091
39564,36.5,24.4,42539,32245
39565,38.9,28.0,19972,15131
39567,44.0,34.5,10280,7959
39571,34.9,32.6,14892,11494
39572,41.3,36.6,1200,984
39573,37.8,30.6,9436,7413
39574,35.8,34.2,14049,10622
39576,38.6,31.0,6526,5052
39577,43.3,36.6,10310,7960
39581,46.9,38.0,11512,8394
39595,37.5,27.3,92,91
39601,41.5,36.6,22819,17457
39629,38.7,33.0,6621,5014
39630,46.0,46.4,829,643
39631,47.9,43.6,2982,2259
39633,47.0,43.8,836,669
39635,43.6,40.1,180,130
39638,48.4,44.9,3195,2524
39641,43.3,37.9,4083,3157
39643,41.5,36.5,1354,985
39645,45.0,40.6,4869,3921
39647,39.0,35.2,1167,921
39648,47.6,40.5,21831,16212
39652,49.0,44.5,7094,5652
39653,40.2,39.1,2683,2101
39654,45.9,40.9,5527,4148
39656,45.7,39.8,811,651
39657,47.1,44.4,2302,1864
39661,41.3,38.4,2718,2124
39662,39.9,34.8,1610,1163
39663,48.6,41.8,2785,2124
39664,40.9,36.3,2479,1925
39665,45.0,40.0,972,741
39666,40.7,32.4,10467,8181
39667,43.5,38.0,11693,9054
39668,45.0,37.4,616,505
39669,46.1,39.1,5582,4608
39701,43.7,42.0,12487,10004
39702,38.8,35.0,22661,17204
39705,31.9,25.5,13773,11020
39730,46.7,42.8,10579,8368
39735,41.3,35.4,3902,3024
39736,39.8,32.5,278,199
39737,38.4,33.6,248,202
39739,43.8,39.9,2521,1930
39740,33.0,27.7,5801,4276
39741,45.2,36.1,1393,1145
39743,43.4,39.9,1790,1402
39744,38.2,35.7,5562,4359
39745,38.3,33.4,917,652
39746,39.4,34.1,2965,2364
39747,39.9,34.1,1662,1352
39750,39.3,33.2,3031,2313
39751,38.9,32.1,1294,1002
39752,35.3,29.3,2549,1954
39755,45.8,36.9,960,814
39756,48.9,39.5,1882,1464
39759,36.1,28.7,43337,35074
39762,26.0,22.2,4963,4939
39766,36.1,31.7,2897,2172
39767,36.4,33.1,698,574
39769,37.5,30.5,1822,1450
39771,34.7,32.8,116,90
39772,42.8,36.8,1610,1284
39773,47.9,39.6,14869,11585
39776,39.7,32.9,1574,1216
39813,43.5,38.3,1705,1327
39815,46.5,40.0,1630,1304
39817,44.8,36.7,11378,8591
39819,40.9,33.4,12117,9212
39823,40.7,35.8,8813,6676
39824,41.2,34.2,322,256
39825,37.7,30.1,1530,1211
39826,39.6,32.3,539,428
39827,37.9,35.5,4189,3313
39828,40.3,37.4,15698,11656
39834,39.0,32.2,2246,1749
39836,44.9,41.4,448,335
39837,43.3,35.1,5894,4680
39840,46.6,42.4,4693,3587
39841,42.1,36.5,740,609
39842,44.6,40.5,8099,6336
39845,39.8,32.7,8334,6605
39846,44.1,38.9,1885,1441
39851,42.5,36.7,2129,1670
39854,41.9,38.4,2274,1901
39859,36.7,29.6,1234,987
39861,39.2,35.5,959,789
39862,42.4,37.2,1117,929
39866,43.0,32.1,1947,1865
39867,42.7,39.2,396,333
39870,44.5,39.8,2014,1565
39877,38.8,34.3,475,385
39886,42.1,36.2,1286,1042
39897,35.2,31.8,3585,2817
40965,44.4,40.2,12477,9703
42223,34.0,20.2,20135,14041
42602,41.1,31.9,9084,6978
43001,36.8,21.6,2705,2124
43002,28.2,18.5,2026,1769
43003,39.4,28.1,2776,2113
43004,31.9,21.9,29982,21678
43005,36.4,25.2,282,208
43006,38.2,29.2,715,514
43007,42.2,24.7,88,73
43008,39.8,27.3,2378,1938
43009,42.3,25.1,2083,1561
43010,38.9,29.0,245,186
43011,36.8,24.7,7559,5669
43013,36.6,21.6,1220,912
43014,39.4,30.9,3850,2674
43015,33.5,19.9,57563,42874
43016,26.3,16.7,44517,34437
43017,28.4,17.7,43619,32250
43018,36.7,21.9,373,274
43019,38.9,29.5,9419,6894
43021,33.2,17.6,14622,10200
43022,30.0,21.4,4120,3550
43023,32.1,18.0,14462,11331
43025,38.2,25.4,5541,4491
43026,29.7,18.3,64607,48055
43028,36.1,25.1,7781,5956
43029,35.4,23.4,629,476
43030,36.0,22.5,344,255
43031,36.1,20.9,13189,10215
43033,35.8,21.2,352,276
43035,29.9,16.3,33032,22772
43036,45.2,29.4,267,198
43037,36.7,26.8,323,248
43040,41.0,24.0,35853,27368
43044,43.8,28.7,5352,4084
43045,40.3,24.0,1928,1419
43046,35.6,25.9,3195,2628
43050,37.8,29.1,29594,23392
43054,27.6,15.6,27781,20738
43055,39.6,27.0,62590,48332
43056,37.5,24.2,17479,13723
43060,44.5,28.6,2667,2018
43061,35.0,19.5,4593,3503
43062,36.8,22.3,32125,24028
43064,35.5,19.8,17301,12234
43065,29.9,15.7,44829,32454
43066,34.0,20.3,1264,978
43067,43.7,26.8,1410,1092
43068,36.0,25.8,59585,44147
43070,42.0,26.4,158,108
43071,39.6,26.4,2442,1863
43072,43.1,26.8,5504,4253
43074,33.8,19.1,15288,11298
43076,35.9,25.3,9145,7272
43077,39.9,23.9,241,180
43078,43.2,27.9,20067,15627
43080,38.4,25.4,5321,4012
43081,29.5,18.0,64338,50715
43082,31.2,16.8,32459,24785
43084,45.6,30.5,844,641
43085,28.6,16.8,25566,19299
43101,41.5,29.0,322,252
43102,36.5,26.5,4610,3460
43103,39.5,29.0,12282,9129
43105,34.9,24.0,8458,6625
43106,40.6,29.3,1590,1155
43107,36.5,26.4,3232,2387
43109,32.4,24.6,94,74
43110,34.8,23.3,40953,30282
43111,38.8,35.6,178,145
43112,34.3,22.5,5052,3877
43113,39.7,31.4,24165,18958
43115,42.8,29.7,1260,911
43116,37.7,22.9,2732,1734
43119,32.9,22.7,30072,22117
43123,31.4,22.2,66188,50815
43125,34.1,25.3,14295,11483
43126,32.5,25.0,322,257
43127,38.4,33.8,284,203
43128,42.7,33.0,2267,1723
43130,36.7,27.3,62010,48546
43135,37.3,32.3,4267,3378
43136,34.0,19.1,1977,1370
43137,38.0,29.4,2684,2080
43138,36.7,34.1,18445,14271
43140,39.5,29.2,24030,19636
43142,41.5,33.5,94,68
43143,37.9,28.1,5935,4562
43144,38.2,35.4,373,294
43145,40.1,31.0,1920,1526
43146,39.6,27.1,12627,10496
43147,33.7,19.8,45281,32883
43148,35.0,24.3,2431,1756
43149,33.9,28.2,2335,1885
43150,37.2,27.3,2302,1689
43151,39.4,30.3,269,195
43152,36.3,34.0,969,750
43153,40.2,30.3,861,631
43154,37.3,26.7,3014,2264
43155,35.3,25.9,2531,2050
43156,38.7,27.2,203,166
43157,35.2,24.7,599,424
43158,37.8,35.5,182,156
43160,41.2,32.6,22117,16979
43162,36.5,27.4,6945,5413
43164,40.4,30.2,2216,1656
43201,30.0,22.4,37528,34470
43202,29.7,19.3,20427,18009
43203,43.6,34.4,8726,6407
43204,36.5,29.6,42315,32081
43205,39.7,27.7,12044,9538
43206,35.7,23.5,21594,17810
43207,38.0,30.8,46853,36005
43209,31.9,20.7,27727,21564
43210,28.6,22.8,14126,14059
43211,46.9,41.3,23160,15924
43212,26.2,14.3,24171,21340
43213,39.7,32.2,35105,26645
43214,28.7,17.8,26805,22860
43215,28.2,15.6,20761,20014
43217,35.9,26.7,2408,1537
43219,42.0,34.9,30457,22272
43220,27.8,18.3,27736,22289
43221,27.4,15.4,33844,25770
43222,43.2,38.5,4124,3078
43223,40.4,35.2,27951,20590
43224,40.4,33.8,43544,32105
43227,44.5,37.3,25041,18313
43228,36.1,28.7,58465,42992
43229,38.9,32.0,54310,39784
43230,30.9,19.7,58372,45327
43231,36.9,27.8,22126,16096
43232,41.1,31.8,44823,32956
43235,28.6,18.8,45561,36250
43240,29.5,18.1,7661,6061
43302,44.2,34.0,54094,42837
43310,40.4,30.8,3185,2491
43311,40.3,30.5,20029,15278
43314,41.9,30.8,3096,2378
43315,40.7,30.8,7090,5483
43316,36.4,27.5,5931,4526
43317,40.0,34.7,184,145
43318,38.1,26.0,3609,2688
43319,38.0,25.4,1062,821
43320,40.1,29.9,1440,1140
43321,40.3,31.1,250,191
43322,42.4,31.6,310,238
43323,37.9,31.7,609,480
43324,39.3,30.2,2753,2234
43325,40.0,27.6,151,107
43326,42.7,34.2,13328,10056
43330,35.6,27.5,120,94
43331,40.5,31.6,4428,3752
43332,41.8,31.2,2136,1619
43333,37.9,26.6,826,641
43334,38.7,27.3,6721,5225
43336,35.0,27.5,91,69
43337,40.1,28.0,1001,803
43338,40.5,30.7,10423,8153
43340,40.5,30.2,1754,1234
43341,42.1,32.3,911,700
43342,40.2,27.1,3256,2562
43343,37.6,25.8,1233,921
43344,43.3,28.3,5702,4306
43345,40.1,29.1,874,616
43347,37.8,25.3,1492,1131
43348,41.9,33.2,1880,1507
43350,38.3,27.8,127,93
43351,34.9,26.3,10144,7941
43356,39.8,27.0,1161,904
43357,38.1,26.8,4848,3748
43358,39.9,26.6,2587,1976
43359,36.4,27.3,720,549
43360,37.7,25.1,1590,1240
43402,38.4,24.6,31459,26015
43403,38.1,29.4,5422,5396
43406,40.5,26.3,1740,1295
43407,38.7,27.3,631,475
43408,37.2,25.5,251,193
43410,40.0,27.7,10219,7887
43412,36.2,26.8,4033,3245
43413,41.1,27.5,1430,1088
43414,35.5,18.7,73,62
43416,37.2,26.3,2769,2185
43420,41.7,30.9,29332,22914
43430,38.2,28.7,4631,3637
43431,39.8,27.4,4500,3521
43432,37.9,25.4,1354,1042
43433,41.9,29.3,101,79
43434,31.3,24.5,89,75
43435,39.5,26.8,1484,1149
43437,42.1,27.9,447,328
43438,36.9,25.1,256,240
43439,41.3,31.3,62,54
43440,36.0,26.5,4665,4119
43442,37.5,24.1,1015,788
43443,39.3,25.2,1856,1390
43445,37.0,26.3,1188,936
43446,40.0,33.1,118,103
43447,39.4,25.8,3343,2669
43449,39.3,29.0,8057,6405
43450,37.0,22.7,3454,2714
43451,42.9,28.9,1126,887
43452,38.9,30.0,13443,11163
43456,41.3,30.2,678,600
43457,40.5,27.8,1443,1135
43458,37.8,25.5,312,236
43460,38.3,22.6,6230,4935
43462,41.0,27.5,1096,838
43463,40.2,25.3,253,204
43464,40.3,28.5,1336,1048
43465,41.1,28.2,5599,4520
43466,41.3,27.5,2141,1599
43467,42.7,30.1,131,92
43468,36.4,27.2,565,442
43469,37.7,24.5,3014,2362
43501,40.9,31.5,844,632
43502,36.9,28.2,7064,5344
43504,31.2,24.1,1110,848
43505,40.0,30.1,98,73
43506,40.6,31.8,15010,11748
43510,42.5,28.6,157,116
43511,40.9,26.5,856,653
43512,35.7,28.2,28208,21899
43515,37.6,27.1,8174,6181
43516,40.3,29.3,2776,2063
43517,41.1,33.0,3494,2692
43518,40.3,30.3,2572,1907
43519,34.1,23.2,143,115
43520,37.3,31.6,77,55
43521,38.3,29.4,2693,2069
43522,36.3,25.1,3249,2569
43523,41.8,29.7,133,111
43524,39.7,30.1,1239,932
43525,36.4,17.5,1191,857
43526,34.9,27.5,5995,4460
43527,37.7,28.5,2152,1641
43528,32.5,26.2,16746,13382
43529,41.9,27.9,220,164
43531,41.5,29.9,156,122
43532,39.7,28.4,3775,2852
43533,37.3,25.7,1509,1142
43534,39.5,28.6,1662,1285
43535,39.4,29.0,721,534
43536,34.6,25.7,383,270
43537,31.3,23.2,29075,23301
43540,35.7,23.9,1459,1079
43541,41.2,26.6,137,101
43542,31.0,21.8,4443,3277
43543,41.1,32.1,7364,5772
43545,37.9,27.7,13954,10863
43547,33.6,26.7,370,280
43548,37.9,27.6,721,544
43549,36.4,28.3,1359,1043
43551,36.4,20.5,43235,33116
43553,35.2,28.2,330,267
43554,40.6,31.9,2413,1843
43555,35.7,24.5,333,243
43556,34.4,26.2,1762,1320
43557,39.7,28.4,3161,2549
43558,35.5,26.7,13088,10409
43560,29.3,20.8,34204,26148
43565,38.0,22.2,349,268
43566,29.6,21.3,8371,6437
43567,36.6,27.0,13240,10034
43569,40.8,26.2,2628,1987
43570,39.7,30.8,3152,2445
43571,31.3,22.2,7753,5865
43604,48.7,45.8,9248,7160
43605,43.2,41.9,25007,17878
43606,34.4,27.6,25671,21060
43607,42.3,37.4,20494,16402
43608,50.3,49.1,12948,9411
43609,42.3,39.1,20519,14755
43610,45.7,38.4,4159,3162
43611,37.5,33.3,18505,14387
43612,39.3,32.9,29718,21786
43613,36.1,29.0,32116,24609
43614,35.5,28.8,29866,24165
43615,35.7,29.1,39449,31543
43616,32.6,27.2,20480,16378
43617,29.2,20.1,7659,5921
43619,39.6,25.0,7454,5786
43620,46.6,42.3,5019,3923
43623,33.7,27.8,20320,16300
43701,44.7,31.7,55361,43228
43711,42.6,30.1,87,61
43713,40.7,32.9,7227,5596
43716,40.4,34.2,1806,1462
43717,38.8,27.5,156,129
43718,40.5,30.5,3049,2421
43719,41.8,32.8,2319,1776
43720,44.1,29.2,1304,1002
43721,37.3,21.8,140,106
43722,38.1,31.6,324,243
43723,38.9,33.3,4671,3654
43724,43.9,32.5,8865,7400
43725,39.2,34.3,19520,15379
43727,41.7,26.1,1517,1178
43728,44.2,36.7,1072,814
43730,39.2,32.2,2277,1739
43731,39.7,33.8,5200,3951
43732,38.4,30.9,1648,1294
43734,41.4,26.9,1212,942
43735,42.8,30.2,382,269
43738,40.6,24.7,73,56
43739,37.8,27.2,2380,1733
43740,37.8,23.6,220,186
43746,41.3,25.3,1261,958
43747,40.3,33.7,1229,868
43748,38.2,30.6,2711,2042
43749,37.8,31.2,2308,1827
43750,36.5,30.3,145,113
43754,40.6,33.7,1318,1037
43755,36.1,30.0,1732,1389
43756,40.7,33.4,4909,3990
43758,40.1,32.0,3000,2357
43759,37.6,28.3,235,189
43760,39.0,28.3,1949,1429
43762,37.2,24.3,5346,4258
43764,40.4,35.3,8177,6238
43766,38.4,31.7,1492,1101
43767,42.3,25.8,1425,1112
43768,34.1,27.5,223,185
43771,46.2,33.8,1796,1389
43772,38.7,29.9,1811,1401
43773,38.1,30.8,2964,2107
43777,43.4,33.4,4568,3422
43778,36.4,30.1,1428,1043
43779,41.4,30.6,888,711
43780,37.9,31.4,2235,1833
43782,37.3,31.6,727,576
43783,37.6,31.4,4743,3659
43787,43.0,34.8,2815,2240
43788,40.7,30.3,816,613
43791,44.0,32.9,133,100
43793,40.8,35.6,4829,3882
43802,43.9,29.9,1334,921
43804,38.9,32.2,4045,2627
43805,41.8,30.9,66,53
43811,38.9,28.7,763,601
43812,42.3,33.3,18669,14465
43821,42.1,27.1,4557,3395
43822,41.5,27.5,4668,3557
43824,40.5,31.6,3991,2682
43830,41.3,24.6,6593,4952
43832,45.8,35.1,7341,5704
43836,37.2,28.0,107,96
43837,45.2,32.2,1784,1358
43840,43.8,30.6,1279,962
43842,42.9,28.0,345,256
43843,39.2,28.2,1449,984
43844,41.0,30.7,3778,2906
43845,43.2,34.2,4803,3691
43901,41.7,31.2,2082,1685
43902,40.9,32.7,200,158
43903,42.2,34.9,1937,1538
43905,38.7,27.1,474,369
43906,44.0,36.9,7952,6419
43907,42.3,32.5,5369,4328
43908,43.6,33.7,1321,978
43909,40.8,32.9,78,63
43910,41.7,30.5,3379,2750
43912,40.9,32.2,6060,4968
43913,45.4,35.2,1322,1057
43914,45.0,34.4,66,51
43915,39.8,32.1,1383,1129
43917,42.3,31.6,2647,2181
43920,42.5,34.1,21662,17137
43925,41.2,31.1,119,91
43926,42.5,31.7,247,202
43928,38.9,28.9,235,177
43930,43.5,32.2,681,574
43931,38.4,34.5,168,150
43932,42.8,31.2,970,759
43933,39.7,31.0,1969,1629
43934,39.7,33.8,227,196
43935,43.4,35.2,7968,6238
43938,44.4,34.3,5196,4176
43939,43.5,30.7,436,349
43940,41.0,34.9,321,261
43942,40.0,32.9,2271,1870
43943,44.9,35.2,3452,2799
43944,42.2,29.6,2328,1950
43945,41.3,32.6,2972,2292
43946,39.2,32.7,1836,1490
43947,38.6,29.9,5002,4110
43948,43.0,31.6,514,387
43950,39.4,29.3,16212,13684
43951,37.9,29.2,169,135
43952,44.8,33.8,17977,14331
43953,39.7,27.9,11637,9520
43961,43.1,30.7,234,185
43962,41.2,34.9,66,58
43963,42.0,30.2,1249,1034
43964,42.6,30.8,9098,7342
43968,43.9,35.2,6546,5162
43971,42.3,31.8,1033,849
43972,37.0,30.5,93,82
43973,39.2,31.2,1947,1464
43974,42.4,32.2,99,79
43976,41.4,34.4,1543,1258
43977,42.5,34.0,2178,1689
43981,41.5,30.7,176,134
43983,39.3,32.9,436,349
43985,45.3,35.0,270,178
43986,42.0,32.2,1728,1311
43988,40.0,30.9,2351,1773
44001,34.2,25.2,20837,16762
44003,47.1,38.5,4275,3397
44004,47.0,36.8,31661,24823
44010,40.5,27.9,1666,1383
44011,31.6,20.3,24847,17797
44012,31.9,20.9,25206,19389
44017,31.5,21.0,18611,15541
44021,33.9,25.6,6347,4652
44022,28.8,16.7,17150,13409
44023,30.8,19.7,19075,15082
44024,32.9,22.6,23795,18994
44026,32.7,22.4,10877,8810
44028,34.2,25.2,8931,7278
44030,47.2,35.5,15868,12908
44032,48.4,38.7,1505,1133
44035,39.2,33.2,61921,49069
44039,33.8,23.9,35630,27992
44040,27.5,16.4,3032,2486
44041,44.5,32.5,13910,11126
44044,37.0,27.1,14911,12704
44045,37.0,26.5,421,361
44046,37.7,34.3,2187,1590
44047,44.2,31.9,9156,7163
44048,42.9,31.3,2178,1795
44049,38.8,32.3,194,165
44050,35.9,26.7,6724,5233
44052,44.1,40.7,29249,21735
44053,39.1,32.8,20735,16370
44054,35.8,27.0,12484,10055
44055,45.7,43.7,19331,14207
44056,34.6,22.0,12156,9867
44057,38.6,28.2,19447,15421
44060,35.5,23.6,60360,49238
44062,36.1,31.6,15085,9822
44064,34.4,23.2,1618,1287
44065,33.0,23.0,4058,3429
44067,35.2,23.9,19995,16562
44068,43.2,28.5,226,191
44070,31.3,21.3,32442,26417
44072,31.5,21.2,4583,3726
44074,32.5,26.5,11957,10254
44076,44.6,34.9,5313,3765
44077,38.4,27.4,58253,45385
44080,35.2,32.7,153,129
44081,36.7,24.6,6930,5346
44082,45.9,33.5,1511,1133
44084,43.6,28.9,3707,2909
44085,45.0,32.5,3232,2421
44086,34.9,24.4,2221,1784
44087,34.7,22.5,22626,17577
44089,36.3,25.8,15899,13086
44090,35.7,27.7,11085,8913
44092,38.1,26.6,16786,13723
44093,42.9,30.5,1454,1092
44094,35.5,23.9,37634,31034
44095,37.4,25.8,32616,26681
44099,45.4,37.2,2528,1627
44101,53.8,48.3,624,616
44102,40.2,32.5,43347,33767
44103,49.7,43.9,14469,11541
44104,51.0,42.3,20202,13557
44105,45.8,36.5,34100,25802
44106,32.9,26.0,26608,23446
44107,30.7,17.6,51109,43260
44108,48.1,39.6,20005,15535
44109,39.8,32.7,39121,30056
44110,49.2,40.0,17617,13615
44111,37.3,28.9,41045,31911
44112,48.4,39.9,18685,14849
44113,34.2,21.5,20291,17856
44114,35.1,29.7,7622,7073
44115,41.7,32.7,8985,6616
44116,27.8,16.5,21821,17423
44117,44.3,33.6,10533,8528
44118,32.9,19.7,40242,30971
44119,41.8,30.5,12134,9729
44120,41.8,30.4,34611,26940
44121,36.4,22.5,32887,25890
44122,30.6,19.5,36268,28517
44123,39.9,27.4,17620,13715
44124,29.3,19.0,40530,33208
44125,39.5,29.4,29663,22674
44126,30.7,19.0,17235,13935
44127,48.5,42.0,4179,3081
44128,45.2,34.4,28146,21838
44129,32.2,22.7,28803,23323
44130,32.1,23.5,50825,42307
44131,29.1,19.0,20664,17080
44132,40.8,29.0,14524,10990
44133,29.8,19.2,31373,25634
44134,32.3,23.0,38845,31687
44135,38.6,31.4,26684,20878
44136,29.4,19.4,25890,20872
44137,44.1,32.0,23759,18018
44138,29.8,18.6,23088,18122
44139,28.1,18.0,25331,19107
44140,28.0,14.8,16163,12227
44141,27.9,16.5,14130,11146
44142,32.8,24.7,18598,15189
44143,32.8,22.3,25339,20931
44144,35.5,27.7,21361,17413
44145,27.7,17.3,34228,28048
44146,39.8,28.6,29778,24667
44147,28.5,16.6,19872,15706
44149,28.4,17.9,20678,16435
44201,36.3,29.5,6658,5259
44202,29.7,19.2,22167,17225
44203,39.0,29.1,39577,31374
44212,37.2,25.2,45749,35672
44214,38.5,26.9,2149,1609
44215,37.6,26.1,2289,1781
44216,35.5,22.8,9443,7490
44217,39.2,28.1,4165,3214
44221,36.4,25.0,29601,24333
44223,34.8,22.7,18388,14934
44224,33.6,20.6,38709,30936
44230,36.8,25.8,8064,6460
44231,33.6,26.9,8398,6405
44233,35.7,22.3,8025,6312
44234,31.5,23.1,3763,3220
44235,36.4,26.1,1960,1298
44236,31.6,17.4,26216,19534
44240,33.0,24.8,38354,32059
44241,33.7,25.2,17659,14213
44243,31.5,27.5,5670,5652
44250,38.2,28.2,1469,1191
44251,36.0,26.5,928,774
44253,38.8,27.8,3438,2793
44254,40.4,31.3,4784,3869
44255,34.8,27.4,7558,6198
44256,36.1,23.2,64815,50515
44260,33.9,24.9,13152,10580
44262,33.6,22.3,5020,4124
44264,34.6,21.4,3370,2565
44266,36.2,29.2,32606,26305
44270,38.1,27.5,8384,6532
44272,31.8,22.9,5356,4290
44273,36.0,23.6,6900,5565
44274,33.7,19.1,265,210
44275,38.0,27.2,3257,2629
44276,39.9,29.5,2023,1492
44278,34.3,23.5,18671,14903
44280,35.9,23.6,5343,4370
44281,35.6,23.2,33241,25344
44285,35.9,24.8,169,131
44286,32.9,20.4,6258,5126
44287,40.4,30.7,7561,5617
44288,37.5,33.4,3444,2733
44301,42.9,32.5,14364,11033
44302,45.9,33.6,4661,3863
44303,36.9,23.6,7031,5972
44304,42.1,34.0,4185,3634
44305,42.8,32.2,21214,16447
44306,47.3,38.3,21085,15191
44307,52.4,42.7,6959,5146
44308,44.9,37.9,1037,977
44310,41.3,39.0,24984,18750
44311,46.9,39.1,6993,5535
44312,38.3,28.2,30510,24880
44313,36.3,22.5,25678,21397
44314,42.8,32.4,17686,13827
44319,36.3,24.7,21833,18174
44320,49.1,38.4,19083,14873
44321,32.6,19.4,15993,12290
44325,33.3,25.9,1259,1253
44333,32.5,19.8,19449,15619
44401,35.9,25.0,2648,2160
44402,39.9,33.1,2951,2347
44403,37.1,28.1,3690,3152
44404,39.3,33.1,1300,1073
44405,43.9,37.5,7837,6088
44406,32.8,20.3,22740,18293
44408,37.3,28.0,10526,8496
44410,36.6,26.7,16824,13842
44411,36.7,29.3,2319,1808
44412,34.2,25.6,2472,1909
44413,41.7,33.5,7186,5663
44415,46.7,31.1,441,436
44417,40.7,34.6,1539,1251
44418,39.4,30.8,1224,1016
44420,39.9,30.3,15033,12089
44423,41.5,32.7,2234,1794
44424,42.5,30.9,130,111
44425,37.2,27.5,14280,11726
44427,41.1,32.0,1555,1150
44428,39.1,31.2,3115,2538
44429,37.6,27.7,2437,2061
44430,45.8,37.0,4723,4023
44431,39.1,29.0,4629,3616
44432,43.4,33.2,12276,10313
44436,36.6,26.2,3382,2791
44437,36.1,24.9,4073,3227
44438,39.7,31.4,4762,3909
44439,40.2,36.7,577,362
44440,38.3,29.5,4648,3724
44441,39.3,28.9,1558,1248
44442,34.4,23.8,4095,3332
44443,39.5,29.2,1742,1434
44444,37.8,29.4,10042,8177
44445,40.4,29.8,3160,2427
44446,39.2,31.0,20173,16466
44449,37.2,28.1,1230,994
44450,40.0,33.4,1824,1361
44451,37.9,28.7,3199,2596
44452,32.7,23.5,3114,2547
44454,39.2,29.4,935,778
44455,39.2,29.0,1558,1281
44460,39.3,30.1,25393,20244
44470,38.2,30.1,3681,2935
44471,37.1,26.7,10445,8291
44473,35.5,25.5,3719,3123
44481,39.1,30.9,10258,8443
44483,41.7,34.8,24840,19556
44484,38.1,28.6,22290,17879
44485,48.6,42.8,15172,11556
44490,36.5,26.0,721,558
44491,39.5,35.4,3950,2621
44493,40.2,30.7,221,160
44502,47.9,41.2,9300,6901
44503,51.1,39.3,1922,1871
44504,43.5,35.6,4577,3896
44505,47.9,39.8,17048,13503
44506,51.6,49.0,2109,1586
44507,53.0,46.4,4598,3407
44509,44.3,36.4,10934,8230
44510,57.9,52.8,2034,1441
44511,40.1,29.2,18738,15111
44512,36.4,24.4,33282,26948
44514,33.7,22.4,22599,18643
44515,37.5,27.5,27480,22622
44555,33.3,30.7,215,215
44601,41.8,32.4,33688,26953
44606,38.3,31.5,8218,5282
44607,37.3,30.4,67,58
44608,41.3,30.8,2646,1970
44609,37.5,26.9,3592,2855
44610,37.0,36.0,385,280
44611,40.5,32.5,2133,1465
44612,40.8,24.5,5443,4303
44613,41.2,32.0,1998,1557
44614,37.9,25.8,12922,10158
44615,38.9,32.6,10557,8273
44618,37.5,28.2,7159,5166
44619,36.9,26.6,250,208
44620,38.2,29.4,1428,1166
44621,44.9,31.7,4606,3534
44622,41.7,28.4,18921,14852
44624,38.4,30.3,5843,3739
44625,42.2,32.7,1322,1004
44626,39.3,29.2,2996,2447
44627,36.8,32.2,7692,4556
44628,39.7,32.2,1119,830
44629,42.5,28.5,2126,1640
44632,37.2,25.6,10047,7695
44633,38.0,32.7,2565,1746
44634,39.0,28.5,1995,1594
44637,38.4,31.0,2437,1865
44638,40.2,32.0,1555,1149
44639,40.2,35.4,122,104
44640,42.1,32.3,151,117
44641,38.5,27.0,20399,16097
44643,41.9,30.7,3218,2493
44644,39.8,32.1,4378,3509
44645,36.8,25.2,2670,2036
44646,40.1,28.5,47973,37599
44647,40.0,29.0,18368,14536
44651,38.9,32.1,765,550
44652,38.2,22.3,542,389
44653,45.2,30.9,632,457
44654,38.2,33.8,20612,14478
44656,45.5,32.7,2618,2078
44657,40.4,31.5,9916,7803
44659,38.5,34.0,160,131
44660,35.3,33.8,138,109
44661,39.6,31.9,248,184
44662,39.9,31.0,9562,7602
44663,43.4,30.0,25601,20207
44666,39.1,26.5,2935,2314
44667,39.2,29.1,13723,10247
44669,37.6,25.5,1454,1121
44670,36.6,23.9,155,123
44671,45.7,33.4,348,276
44672,35.6,29.5,4589,3776
44675,40.3,31.5,1890,1512
44676,38.0,28.4,4771,3613
44677,36.6,24.2,2805,2127
44678,47.2,31.6,282,223
44680,42.0,29.3,4255,3444
44681,40.0,30.9,8053,5549
44682,43.1,29.0,1041,805
44683,46.2,34.2,8313,6269
44685,35.4,22.0,29008,22238
44687,31.5,45.4,456,417
44688,41.3,32.4,2958,2333
44689,39.2,30.7,586,422
44690,37.9,36.7,153,107
44691,36.7,25.7,44666,35807
44693,39.3,29.9,78,63
44695,40.0,31.2,1222,997
44697,41.1,27.3,260,236
44699,40.6,30.0,909,709
44702,53.0,47.4,1086,1015
44703,50.1,40.6,8015,5968
44704,53.3,44.3,3723,2836
44705,46.5,36.4,17779,13276
44706,44.0,34.7,16972,13206
44707,47.8,39.5,9163,6759
44708,40.7,30.3,25386,20209
44709,40.2,28.6,18509,15150
44710,43.1,32.8,9309,6982
44714,43.0,31.6,8923,7060
44718,37.1,24.6,12607,10309
44720,35.9,23.0,40744,32655
44721,38.0,24.3,13432,10586
44730,39.1,28.4,5925,4720
44802,37.2,26.7,948,712
44804,39.6,26.4,1127,889
44805,37.5,30.2,31238,24593
44807,35.3,29.8,2264,1765
44809,37.5,31.6,287,216
44811,38.5,30.3,12698,9831
44813,36.2,26.9,8039,6067
44814,39.0,25.5,2750,2195
44815,37.2,31.6,679,543
44817,41.9,27.7,1370,1016
44818,37.2,29.6,2399,1856
44820,39.5,32.7,17114,13578
44822,37.1,28.5,3431,2468
44824,40.2,28.7,3882,3078
44825,39.5,31.9,158,111
44826,35.4,29.7,1617,1290
44827,40.0,32.1,6973,5401
44828,36.5,29.5,186,144
44830,39.7,32.9,18442,14104
44833,39.3,31.8,16786,13233
44836,36.7,26.4,2538,1957
44837,34.9,29.0,4330,3101
44838,38.1,29.1,258,186
44839,36.7,23.8,12472,10202
44840,38.8,30.2,3137,2351
44841,37.8,30.4,821,629
44842,38.8,31.3,5643,4418
44843,34.8,24.8,2469,1963
44844,36.3,29.1,718,581
44846,36.7,23.6,3322,2582
44847,34.4,26.8,3488,2677
44849,37.5,28.9,2162,1642
44850,35.5,32.6,145,121
44851,35.6,30.7,5303,4182
44853,37.2,30.7,1447,1077
44854,39.2,32.3,1673,1329
44855,33.5,27.1,1289,1004
44856,33.6,27.4,95,74
44857,35.1,30.3,23619,18134
44859,39.3,30.8,1784,1326
44861,35.2,27.1,112,84
44864,37.6,29.7,3182,2494
44865,36.0,30.8,3164,2419
44866,39.8,31.8,2372,1652
44867,36.7,29.0,2280,1756
44870,42.8,31.5,40416,31931
44874,39.4,30.2,275,205
44875,36.9,28.3,13900,10646
44878,36.1,27.5,3223,2168
44880,39.5,32.5,2914,2195
44881,37.6,27.1,117,82
44882,36.1,28.0,2617,2060
44883,34.6,27.9,28690,22990
44887,39.9,31.4,958,770
44889,36.5,28.8,6702,5318
44890,35.2,31.6,10759,8150
44902,48.1,41.1,4891,3644
44903,40.2,31.5,25613,19688
44904,37.1,27.5,14368,11185
44905,45.6,37.9,16827,14260
44906,38.6,31.6,16566,13285
44907,40.2,32.4,15014,11941
45001,35.2,25.1,927,708
45002,33.3,22.4,15458,11306
45003,40.7,31.5,818,604
45005,36.2,26.2,31577,24649
45011,41.0,29.3,73596,54762
45013,39.9,29.2,53911,41664
45014,40.0,28.9,46169,35956
45015,44.9,35.2,12103,9054
45030,32.9,22.4,21234,15883
45032,33.6,20.9,459,372
45033,39.6,34.6,323,250
45034,32.0,17.3,1166,860
45036,37.0,25.3,41060,31645
45039,32.3,18.1,27529,20570
45040,29.9,18.5,57153,41949
45041,32.6,21.5,177,111
45042,41.4,30.7,26972,21162
45044,41.7,30.5,56128,41064
45050,36.8,23.5,12173,8886
45051,26.3,26.0,393,331
45052,32.5,23.1,3830,3143
45053,37.7,25.3,3375,2661
45054,34.1,20.7,2499,1945
45055,41.9,31.7,76,65
45056,35.2,26.7,28892,25858
45062,38.5,27.9,775,616
45064,39.7,30.5,3112,2464
45065,32.0,17.9,6725,4843
45066,31.9,18.3,26399,19380
45067,39.8,27.5,15004,10740
45068,34.3,20.9,11911,8959
45069,35.7,22.8,53694,40967
45070,39.0,28.1,151,117
45101,43.5,36.6,2125,1712
45102,36.0,26.4,24954,18792
45103,36.0,27.3,35237,27072
45106,38.1,30.4,11855,9126
45107,39.3,30.3,9806,7530
45111,29.9,15.2,384,309
45112,36.0,34.5,69,57
45113,37.6,26.3,3974,3000
45115,43.5,37.2,217,149
45118,38.8,29.7,3716,2889
45120,38.2,31.5,3138,2408
45121,43.2,37.3,8927,6918
45122,36.1,27.2,10757,8236
45123,41.9,32.9,8776,6572
45130,40.2,32.9,3585,2744
45131,41.8,35.6,213,176
45132,39.3,27.4,230,157
45133,41.8,33.9,23646,18159
45135,39.4,28.0,4765,3520
45140,32.1,19.8,56386,42309
45142,39.8,29.7,4384,3352
45144,43.4,39.9,3912,3008
45146,40.0,29.2,1400,1076
45147,30.5,20.4,106,87
45148,40.6,30.3,1539,1168
45150,33.3,23.4,33735,26001
45152,34.4,20.6,13617,10043
45153,37.1,29.7,1826,1416
45154,42.2,34.3,9439,7067
45155,41.3,30.3,385,283
45156,38.9,30.6,63,54
45157,36.2,27.5,9705,7429
45158,37.3,29.8,774,613
45159,38.6,27.7,3524,2771
45160,36.5,31.5,627,514
45162,35.1,23.3,2730,2121
45164,37.4,24.4,233,172
45166,38.1,25.9,83,61
45167,42.9,38.2,3441,2752
45168,39.7,30.6,1345,1010
45169,43.1,35.6,4686,3578
45171,41.2,32.2,6174,4753
45172,40.6,32.8,116,87
45174,28.3,13.8,2359,1598
45176,38.3,29.9,9100,7251
45177,39.4,29.1,22349,17602
45202,33.7,19.4,16883,15010
45203,43.7,30.8,2365,1839
45204,44.3,37.0,5818,4224
45205,43.2,34.9,19517,13357
45206,37.6,25.3,10670,9110
45207,35.5,25.1,7484,6102
45208,28.0,14.6,18969,15218
45209,27.8,14.1,10708,9565
45211,39.7,28.8,37868,28695
45212,34.0,22.1,21885,17771
45213,36.5,22.8,12052,9684
45214,47.8,37.5,8901,6412
45215,37.5,27.4,30993,23474
45216,41.5,32.6,9667,7306
45217,38.5,26.8,6177,4889
45218,35.7,24.9,3957,3089
45219,33.8,27.0,20644,18974
45220,31.2,23.3,15466,13756
45223,40.3,27.7,13174,9895
45224,41.7,32.0,20214,16151
45225,50.2,42.4,8006,5347
45226,28.7,14.2,5687,4775
45227,33.3,20.9,18427,14703
45229,47.0,36.6,12540,9535
45230,32.0,19.3,27718,21667
45231,38.4,28.1,41934,32274
45232,49.1,40.6,7109,4257
45233,31.2,21.1,15596,12243
45236,31.7,21.0,24223,19698
45237,44.4,33.8,21029,16239
45238,36.7,26.0,46864,35591
45239,38.1,27.9,28499,21670
45240,38.9,28.0,28820,21478
45241,31.9,21.3,24380,19517
45242,28.6,17.3,23214,17509
45243,28.9,16.6,15894,11776
45244,32.2,20.6,28936,21492
45245,33.9,24.5,20249,16499
45246,35.5,27.3,15249,11705
45247,31.6,21.0,23293,18828
45248,32.2,21.8,25181,19437
45249,28.5,18.5,14005,10684
45251,36.6,27.3,22073,16816
45252,31.7,20.7,4548,3915
45255,31.0,20.0,22069,17139
45301,37.8,19.7,135,104
45302,38.2,25.7,4313,3176
45303,35.7,27.6,2215,1622
45304,35.7,27.7,7532,5677
45305,36.1,18.6,11470,8617
45306,38.4,26.6,2192,1594
45307,39.1,23.3,269,204
45308,35.2,28.1,4488,3380
45309,34.1,28.5,12050,9450
45310,34.6,25.4,272,195
45311,41.2,32.2,5723,4395
45312,33.6,26.4,1416,1123
45314,29.8,16.4,6261,5398
45315,33.8,24.9,4818,3846
45316,35.8,20.5,115,97
45317,38.6,26.6,1018,774
45318,34.1,27.5,5438,4119
45319,39.9,28.1,287,218
45320,39.4,29.9,15530,12017
45321,38.7,30.1,859,672
45322,35.0,26.7,21185,16701
45323,38.2,27.4,5123,4031
45324,39.4,25.5,40449,32700
45325,35.8,29.1,2558,1974
45326,33.6,25.2,1170,914
45327,33.9,25.2,9388,7131
45328,37.0,30.8,471,348
45330,38.9,28.5,830,637
45331,37.6,32.9,22213,17552
45332,36.6,29.9,634,469
45333,40.6,28.8,1389,994
45334,38.1,26.0,2041,1498
45335,39.1,24.3,7062,5415
45336,39.1,27.5,100,77
45337,34.2,27.0,1519,1203
45338,39.7,30.3,4950,3844
45339,33.7,26.8,1169,939
45340,39.0,27.0,850,637
45341,41.5,34.8,3741,2995
45342,33.4,24.9,37508,29263
45344,40.4,32.0,17042,13023
45345,35.3,29.0,5951,4637
45346,36.3,29.2,2085,1565
45347,40.1,31.6,4264,3330
45348,35.5,27.0,968,689
45349,38.6,25.2,313,239
45351,34.4,27.3,284,200
45352,37.3,31.3,183,136
45353,41.7,30.7,150,121
45354,34.3,26.2,572,451
45356,35.9,29.8,25106,19297
45358,36.0,27.4,361,251
45359,33.9,26.1,1996,1494
45360,37.9,27.6,300,234
45361,33.6,26.2,225,166
45362,35.3,27.1,1086,823
45363,38.9,28.4,1853,1333
45365,40.4,31.0,29277,22269
45368,40.1,29.4,4817,3724
45369,39.5,28.3,3576,2768
45370,38.2,21.4,2379,1870
45371,32.1,23.4,23205,17601
45372,39.5,28.7,352,276
45373,33.0,24.9,36863,28277
45377,34.1,26.0,15070,12071
45378,38.9,29.3,402,323
45380,33.9,25.3,5573,4153
45381,39.0,29.1,5424,4188
45382,39.0,30.2,1179,878
45383,35.5,30.4,6885,5411
45384,36.6,21.7,2258,2172
45385,40.7,26.4,39446,30443
45387,36.7,21.3,5326,4450
45388,35.1,26.0,878,553
45389,42.4,27.0,503,385
45390,39.1,33.8,3269,2481
45402,45.1,36.7,10735,8654
45403,43.2,39.7,15130,11294
45404,43.8,40.2,10730,7865
45405,47.1,38.5,18124,13724
45406,47.2,38.9,20622,15644
45409,29.9,22.3,12392,10955
45410,39.6,32.2,15758,12116
45414,38.5,33.0,20693,16048
45415,38.4,29.7,12811,10311
45416,46.3,39.1,5612,4251
45417,49.1,45.0,28079,20970
45419,32.3,21.0,16236,12426
45420,36.4,28.7,25045,20184
45424,35.9,27.5,50920,39165
45426,44.7,36.3,14391,11190
45428,45.7,52.1,303,303
45429,32.4,23.9,26514,21454
45430,35.7,20.1,7637,6065
45431,36.0,25.0,26660,20893
45432,37.0,25.5,15105,11805
45433,36.1,18.5,1567,1168
45434,35.1,18.3,12628,9528
45435,30.3,17.4,124,124
45439,38.3,31.8,11726,9118
45440,34.5,23.5,22676,17879
45449,36.4,29.7,18976,15318
45458,30.4,21.0,36474,28006
45459,31.3,24.0,28344,23371
45469,27.9,23.8,219,216
45502,39.2,28.4,16767,13341
45503,41.5,33.9,32870,25914
45504,41.0,31.9,17343,13798
45505,46.8,39.6,19708,14780
45506,49.5,42.2,13330,9967
45601,44.2,30.5,56849,45313
45612,44.7,34.3,5059,3836
45613,44.5,37.5,3542,2649
45614,36.6,35.5,4800,3718
45616,42.4,36.9,1187,955
45617,45.1,33.9,76,59
45619,39.3,28.3,7348,5782
45620,36.4,33.8,875,677
45621,47.0,38.1,403,308
45622,41.1,35.3,485,410
45623,36.7,32.8,3235,2502
45628,43.4,29.5,5429,4128
45629,42.4,31.8,3220,2550
45630,43.1,38.0,222,170
45631,36.8,35.4,14200,11115
45634,39.8,31.9,1893,1471
45636,43.7,32.0,150,117
45638,43.7,35.9,20114,15736
45640,44.6,33.1,15896,12162
45644,41.3,28.5,4316,3419
45645,41.4,32.0,2750,2091
45646,43.5,36.7,363,292
45647,41.8,31.8,2410,1843
45648,43.7,35.3,11211,8745
45650,41.5,35.6,348,278
45651,39.9,32.6,5691,4383
45652,46.2,38.0,3131,2435
45653,44.1,34.9,3907,2949
45654,38.7,33.6,833,667
45656,43.3,32.3,6532,4902
45657,43.1,34.2,2504,1920
45658,37.6,35.7,2538,1769
45659,43.2,35.0,2623,1991
45660,41.6,36.6,8011,6039
45661,43.3,36.5,7014,5321
45662,46.9,40.1,27718,21867
45663,44.0,34.9,6343,4903
45669,39.5,29.8,10223,8101
45671,42.8,33.4,391,287
45672,42.8,33.3,1679,1336
45673,45.9,32.8,398,313
45674,32.9,31.6,686,538
45677,44.0,37.8,73,62
45678,40.4,31.6,1140,870
45679,38.9,33.5,3097,2301
45680,40.9,31.8,12326,9679
45681,46.1,33.7,1589,1218
45682,45.0,36.4,1998,1543
45684,44.2,36.1,1838,1418
45685,40.2,33.9,1040,807
45686,38.7,35.6,3379,2553
45688,45.2,38.2,403,315
45690,42.9,35.7,13527,10411
45692,46.7,37.5,8460,6445
45693,39.2,33.9,8797,6745
45694,41.5,31.5,11783,9179
45695,40.5,33.8,587,449
45696,41.1,31.9,1253,970
45697,39.2,32.1,4828,3598
45698,40.6,34.7,262,208
45699,47.0,30.0,1236,1231
45701,35.0,26.2,33705,29828
45710,38.1,28.7,5547,4366
45711,37.1,26.0,1065,840
45714,44.7,30.9,10149,8161
45715,43.7,32.7,2412,1866
45716,37.9,29.0,490,381
45719,38.7,27.8,964,716
45723,36.8,27.2,3552,2837
45724,45.4,29.2,1785,1404
45727,45.7,36.9,478,400
45729,44.5,28.7,1460,1160
45732,39.8,31.4,4524,3497
45734,40.1,32.0,409,328
45735,36.1,25.5,1619,1299
45739,34.6,25.0,160,133
45740,39.9,33.3,406,334
45741,46.5,40.4,809,605
45742,42.4,26.2,3018,2359
45743,44.2,37.1,1383,1075
45744,44.1,30.1,2656,2083
45745,44.1,33.3,1104,853
45746,45.0,32.4,348,264
45750,43.5,29.7,26327,21447
45760,46.3,43.2,3309,2660
45761,36.8,26.4,1558,1225
45764,38.8,31.8,7859,6336
45766,34.8,23.9,1313,1084
45767,44.3,32.8,2314,1877
45768,46.2,32.9,1599,1270
45769,43.8,38.7,5952,4698
45770,45.5,38.4,567,436
45771,44.6,38.3,3408,2715
45772,43.4,37.8,1697,1353
45773,46.0,33.4,305,248
45775,44.9,39.6,1361,1020
45776,39.7,31.5,730,528
45778,37.0,25.3,834,655
45779,45.1,42.4,780,643
45780,37.4,26.9,3328,2703
45782,38.0,32.3,313,243
45783,43.4,36.4,181,142
45784,44.5,28.9,3313,2574
45786,43.2,29.0,3160,2403
45788,43.7,29.6,961,803
45789,45.0,32.6,188,159
45801,43.5,33.7,22819,17329
45804,44.9,36.0,14573,11024
45805,39.3,28.8,22740,17498
45806,37.5,26.3,11238,8754
45807,36.7,25.9,11856,9305
45808,36.3,23.8,282,208
45809,36.2,25.3,173,129
45810,39.2,28.8,7840,6445
45812,43.4,36.0,1835,1427
45813,41.4,29.7,3579,2706
45814,38.5,26.2,2646,1950
45815,44.2,29.5,57,52
45816,41.6,28.5,260,202
45817,34.5,23.0,6420,5020
45819,38.1,24.7,233,171
45820,36.0,25.1,517,399
45821,41.2,29.8,1252,971
45822,37.3,29.1,19945,15447
45826,33.2,24.0,358,267
45827,43.6,25.1,2223,1699
45828,35.9,26.1,6495,4667
45830,41.7,24.0,5797,4328
45831,44.6,25.7,3023,2283
45832,36.2,26.4,2854,2160
45833,38.1,28.9,10682,8235
45835,39.1,29.0,487,392
45836,39.7,28.3,1332,1040
45840,39.5,27.2,54901,43386
45841,39.9,25.8,936,681
45843,39.8,28.6,3768,2784
45844,43.0,23.7,3251,2443
45845,38.7,26.5,3270,2375
45846,34.7,25.1,4461,3156
45848,44.7,26.5,61,58
45849,41.3,31.0,1154,866
45850,37.5,26.3,3617,2714
45851,40.8,29.1,676,474
45853,42.1,23.4,1451,1099
45854,36.2,24.2,461,342
45855,42.0,28.7,165,128
45856,44.5,27.4,5094,3785
45858,38.7,25.1,3038,2211
45859,44.2,36.0,461,340
45860,34.4,22.8,2444,1656
45861,42.0,30.9,223,152
45862,38.3,30.2,1408,1078
45863,36.5,26.2,1135,861
45864,45.3,26.3,160,108
45865,37.0,23.0,5251,3859
45866,36.2,25.8,152,128
45867,38.8,25.7,1138,880
45868,40.3,27.9,705,529
45869,37.9,23.5,4567,3436
45870,39.3,25.7,116,92
45871,39.6,25.8,2019,1549
45872,40.7,28.2,4120,3129
45873,41.0,31.3,2235,1731
45874,36.9,28.4,2079,1620
45875,43.5,24.1,11273,8260
45876,42.9,24.0,958,722
45877,43.2,24.7,2239,1681
45879,42.1,32.4,5963,4538
45880,40.0,29.2,2390,1809
45881,39.8,26.5,1485,1085
45882,37.6,30.7,3005,2276
45883,34.0,23.6,4026,2842
45884,39.9,26.2,147,106
45885,39.5,26.9,12863,9842
45886,38.7,27.2,459,356
45887,38.2,27.6,4688,3480
45888,38.3,26.5,188,156
45889,39.0,23.8,1481,1058
45890,38.5,25.6,653,510
45891,38.0,30.7,15633,11962
45893,41.6,22.1,262,205
45894,36.0,29.1,649,484
45895,40.7,28.1,17974,13828
45896,39.3,26.5,1990,1533
45897,39.7,25.8,107,77
45898,36.6,27.4,1251,883
45899,35.5,27.7,165,144
46001,34.8,27.3,10676,8281
46011,35.0,27.7,17078,13433
46012,35.0,28.9,19108,15656
46013,37.7,32.1,18288,14451
46016,42.8,38.3,17686,13269
46017,34.3,26.7,5930,4725
46030,36.8,22.0,3161,2375
46031,36.8,22.5,2211,1738
46032,31.1,15.2,50477,38422
46033,31.2,14.9,39002,28866
46034,35.6,19.0,7316,5653
46035,38.4,23.9,1130,849
46036,37.0,31.0,11247,8793
46037,32.2,15.1,47264,33101
46038,32.8,15.8,42694,31647
46039,40.3,27.9,725,562
46040,36.6,19.0,16669,11753
46041,40.9,29.5,24120,17719
46044,34.7,27.2,2912,2212
46045,35.6,22.6,125,98
46048,33.4,22.8,2035,1446
46049,36.3,22.8,840,651
46050,39.8,26.5,1672,1306
46051,33.2,23.5,2811,2110
46052,36.0,24.0,22783,17748
46055,37.7,16.9,14969,10539
46056,34.3,24.2,2359,1815
46057,39.0,26.0,999,774
46058,38.4,25.7,2257,1702
46060,34.9,18.3,45073,32840
46062,33.7,16.2,38915,28257
46063,35.9,27.7,298,226
46064,34.5,23.9,16908,13209
46065,39.4,24.7,3422,2496
46068,34.7,20.6,2583,2045
46069,36.7,22.2,7012,5347
46070,35.1,28.0,2211,1731
46071,35.4,22.1,3373,2559
46072,37.0,25.9,9095,7147
46074,32.8,16.2,42598,29398
46075,32.0,16.2,7728,5633
46076,37.8,25.5,1534,1180
46077,31.0,15.3,33969,23604
46102,35.7,21.4,503,337
46103,37.9,21.1,354,261
46104,39.6,27.1,860,674
46105,39.4,25.4,1775,1375
46106,39.7,21.4,8672,6126
46107,37.7,25.8,12994,10230
46110,41.6,24.3,505,393
46111,38.3,23.6,515,388
46112,35.5,18.2,41562,30196
46113,36.0,20.2,15915,11436
46115,39.4,25.6,1952,1474
46117,40.7,22.8,689,548
46118,37.1,22.1,4903,3891
46120,40.2,26.3,5891,4672
46121,39.0,23.6,5090,3961
46122,36.2,19.6,16448,12326
46123,35.8,19.3,40788,30471
46124,42.8,26.6,7891,6133
46126,40.0,23.7,4613,3599
46127,40.7,25.0,304,244
46128,39.3,24.6,2111,1574
46130,40.6,23.3,2491,1988
46131,39.6,23.5,32869,25180
46133,40.4,25.6,794,640
46135,37.9,24.3,19869,16387
46140,40.2,21.7,41708,32494
46142,38.5,22.0,32052,24827
46143,37.9,21.7,62618,45915
46144,41.6,25.4,207,173
46146,38.8,27.7,144,121
46147,35.8,21.9,2681,2068
46148,45.0,31.5,4859,3764
46149,38.2,21.7,1894,1458
46150,39.8,27.6,750,598
46151,38.2,25.0,32335,25321
46154,42.2,22.2,126,90
46155,35.2,25.3,81,71
46156,39.4,27.2,1497,1071
46157,38.4,24.4,4074,3018
46158,37.6,24.2,23895,18676
46160,38.6,25.5,6409,5048
46161,39.8,25.7,2576,1986
46162,41.2,24.0,516,384
46163,38.9,19.3,13489,10192
46164,38.4,23.1,4324,3442
46165,37.1,22.3,1562,1211
46166,38.7,26.4,2374,1841
46167,35.3,18.1,7018,5184
46168,36.7,21.1,37681,28949
46171,42.7,31.2,1779,1403
46172,39.0,26.5,2372,1841
46173,39.3,28.1,10591,8194
46175,39.5,26.4,549,442
46176,42.0,27.1,28401,21842
46180,37.0,23.1,993,805
46181,38.9,22.5,5280,4047
46182,39.8,24.9,2005,1533
46183,35.2,21.7,130,105
46184,40.3,23.1,13023,9549
46186,42.3,24.5,1708,1342
46201,41.9,28.8,31408,23762
46202,33.0,18.8,22217,19782
46203,39.7,27.9,38224,29006
46204,31.5,15.6,9086,8747
46205,39.5,22.5,27531,21424
46208,38.1,22.5,23996,19316
46214,39.0,23.9,26314,20152
46216,35.7,21.2,2343,1995
46217,33.0,21.8,34725,25540
46218,49.2,37.6,30400,22234
46219,39.5,26.8,36556,28262
46220,31.9,15.0,36078,29639
46221,38.9,26.1,27991,20661
46222,45.0,34.2,37185,26983
46224,41.5,28.4,38822,28158
46225,39.7,26.1,6503,5111
46226,44.9,32.0,43997,32439
46227,35.1,26.6,62126,46496
46228,37.6,21.9,15824,12267
46229,41.1,25.0,29252,21254
46231,38.4,25.1,10889,7997
46234,36.5,21.0,27841,20811
46235,44.7,29.8,34569,23781
46236,34.1,18.0,27627,21184
46237,32.9,20.7,44378,33723
46239,35.2,19.6,33290,23656
46240,31.7,17.6,20148,16815
46241,41.0,30.0,33568,23984
46250,32.8,16.6,19156,15708
46254,42.9,26.9,40162,29622
46256,33.3,17.9,22598,18300
46259,32.7,17.7,13703,9880
46260,36.6,22.0,34188,26284
46268,37.8,22.5,26353,20523
46278,33.4,16.0,8910,7079
46280,32.8,15.7,7870,6396
46290,27.7,16.6,191,159
46301,38.1,26.5,580,535
46302,39.1,25.1,141,124
46303,35.3,21.1,17028,12923
46304,39.5,24.2,26835,20726
46307,34.9,21.4,69248,53279
46310,40.2,24.9,14126,10763
46311,34.3,21.2,22431,17647
46312,47.0,40.3,26370,18752
46319,37.4,23.3,18108,14287
46320,47.9,38.1,14514,10306
46321,33.1,20.9,23894,18589
46322,36.0,23.5,23984,19285
46323,42.0,31.1,22510,17010
46324,42.0,30.5,22611,16936
46327,44.8,38.3,11078,8084
46340,38.8,31.5,1085,867
46341,39.9,26.0,10518,8102
46342,38.4,26.7,32540,25015
46345,37.8,28.7,97,84
46346,38.0,28.1,1317,944
46347,39.1,24.2,4800,3617
46348,39.2,31.6,1127,845
46349,44.1,27.9,3219,2509
46350,36.1,27.1,44522,34487
46356,35.5,21.9,18668,14504
46360,39.2,30.0,44209,34999
46365,34.2,23.8,1037,815
46366,41.4,28.3,5826,4459
46368,42.4,29.3,39837,30884
46371,34.3,24.2,3680,2801
46373,33.7,19.7,17839,13656
46374,42.3,29.2,1006,775
46375,34.5,21.9,24051,19456
46376,35.0,20.9,367,278
46377,36.5,23.6,194,161
46379,45.3,27.9,295,253
46381,43.5,28.9,287,234
46382,36.1,25.7,2094,1620
46383,38.8,24.3,41981,33374
46385,39.4,24.1,41832,32202
46390,37.6,29.5,2824,2212
46391,42.1,32.1,9077,7713
46392,40.9,25.4,7855,5939
46393,40.8,27.4,376,279
46394,40.2,30.6,11725,9290
46402,54.4,44.4,5502,3968
46403,48.8,35.9,11649,8765
46404,51.4,39.5,15658,11622
46405,40.5,30.9,11860,8958
46406,51.6,43.9,8776,6321
46407,55.4,45.9,9862,7191
46408,48.2,37.4,15109,11377
46409,51.4,39.1,6975,4948
46410,42.7,29.1,39471,30763
46501,44.9,30.5,3891,2835
46504,42.7,27.6,3241,2379
46506,42.4,29.7,10083,7404
46507,43.6,24.7,9371,7048
46508,38.2,26.6,137,112
46510,39.1,27.4,3393,2611
46511,42.8,28.2,4008,3189
46514,44.3,26.5,42048,32129
46516,47.2,29.0,33670,24138
46517,46.4,30.0,24006,17446
46524,40.4,29.9,2376,1669
46526,42.2,26.5,33170,24502
46528,42.8,24.3,27223,19060
46530,31.7,20.0,31805,23657
46531,42.6,26.7,1387,1090
46532,40.1,27.6,1751,1350
46534,43.6,31.1,11247,8781
46536,35.0,25.5,3257,2515
46537,44.7,28.3,502,359
46538,39.0,26.1,4047,3202
46539,39.5,28.1,2245,1707
46540,41.2,24.9,12552,8606
46542,38.8,28.6,4526,3268
46543,41.2,26.1,4273,2558
46544,36.4,28.3,31571,24298
46545,34.6,25.7,26312,21132
46550,41.4,25.7,12679,8845
46552,33.5,23.4,6478,5040
46553,41.8,23.5,3849,2749
46554,32.8,22.9,4379,3353
46555,40.0,28.1,2729,2190
46556,25.0,20.7,8845,8815
46561,34.5,22.2,14155,10257
46562,39.8,27.1,4718,3642
46563,43.2,28.7,22977,17390
46565,38.7,29.6,9104,5804
46567,39.5,27.1,9773,7621
46570,44.6,30.3,1090,826
46571,38.5,30.4,6203,3682
46572,45.7,24.7,112,91
46573,39.0,22.7,3835,2761
46574,37.1,24.9,8377,6395
46580,38.6,26.9,22381,17073
46582,39.4,28.7,14151,10687
46590,33.3,20.5,5053,4057
46595,34.7,24.3,94,80
46601,45.2,37.2,5947,4488
46613,45.1,40.1,11427,7961
46614,34.6,25.6,29917,23478
46615,37.1,27.1,14777,11234
46616,38.8,27.7,6167,4451
46617,33.5,22.6,9813,7966
46619,41.8,37.2,20527,14739
46628,39.9,30.7,27011,19976
46635,32.1,23.8,6420,5176
46637,32.6,23.3,15887,13035
46701,38.6,24.2,7687,5976
46702,40.7,24.9,2172,1662
46703,34.4,24.3,18837,15115
46704,37.0,18.5,119,95
46705,41.4,24.4,1716,1279
46706,43.2,25.3,19995,15399
46710,38.3,23.7,4649,3509
46711,41.2,29.9,8022,5254
46714,42.2,26.7,15411,11582
46721,45.6,28.3,4907,3677
46723,39.0,22.5,7383,5701
46725,39.5,23.9,23917,18537
46730,44.4,25.5,1316,1010
46731,42.5,24.5,578,414
46732,41.2,28.6,2949,2149
46733,41.4,26.8,18669,14165
46737,35.0,24.9,6898,5524
46738,44.1,26.0,8183,6050
46740,44.8,35.3,4608,2696
46741,36.7,19.9,4657,3071
46742,37.8,25.2,3259,2649
46743,37.2,22.5,2309,1648
46745,39.6,22.4,1792,1377
46746,39.6,26.4,4003,2926
46747,36.9,23.9,2743,2132
46748,35.2,15.9,7203,4972
46750,40.5,26.2,26580,20796
46755,39.8,27.0,15721,11895
46759,43.4,27.5,508,363
46760,41.8,28.6,1264,948
46761,39.8,29.0,12902,8676
46763,38.9,23.8,1702,1357
46764,41.1,25.6,1379,1052
46765,35.7,17.5,5580,4052
46766,43.8,27.7,545,398
46767,41.1,32.2,8599,5920
46770,40.2,23.6,2734,2123
46772,40.2,26.6,3929,2226
46773,38.8,22.4,3685,2784
46774,38.5,21.8,17341,13016
46776,37.2,26.2,1528,1210
46777,41.2,24.3,6348,4827
46778,43.7,26.7,196,129
46779,35.7,23.9,2006,1571
46781,42.7,27.5,789,617
46783,38.1,20.0,7521,5666
46784,40.6,29.0,2211,1752
46785,41.6,23.4,1650,1169
46787,41.2,26.5,3902,2935
46788,39.8,21.9,3396,2316
46789,38.2,25.6,80,72
46791,41.2,23.6,922,702
46792,38.8,27.9,3673,2916
46793,44.3,25.7,4043,3063
46794,38.9,26.1,1406,1071
46795,40.1,27.4,6190,4693
46797,37.0,20.6,4008,2883
46798,37.1,18.9,1290,986
46799,40.3,21.6,448,354
46802,44.7,27.7,10664,8669
46803,51.3,38.8,9686,6612
46804,35.9,18.6,28800,22385
46805,41.1,25.3,21138,16247
46806,48.1,36.5,26083,17272
46807,43.5,27.0,16489,11849
46808,41.8,25.5,19894,15433
46809,42.4,26.0,8946,7006
46814,33.8,15.2,16377,11510
46815,39.1,22.8,27927,21219
46816,43.3,33.0,19012,13562
46818,38.5,20.9,22071,16341
46819,40.3,23.5,8969,7049
46825,37.9,21.8,29062,22818
46835,37.2,19.5,36653,28630
46845,34.7,15.9,28380,20466
46901,37.9,29.3,38072,29457
46902,36.5,28.2,36038,28333
46910,41.9,28.6,3283,2363
46911,42.4,26.6,1396,1068
46913,40.8,25.6,1400,1038
46914,47.5,26.6,4785,4393
46915,41.2,25.0,617,472
46917,40.5,26.1,1734,1279
46919,40.8,25.3,2202,1670
46920,40.6,24.5,1131,831
46923,43.1,29.2,8162,6253
46926,42.6,26.3,1639,1273
46928,42.2,30.9,4557,3648
46929,39.9,25.7,3210,2413
46930,43.1,32.8,268,192
46931,42.9,28.9,286,218
46932,44.8,26.4,3254,2570
46933,40.0,27.7,6617,5082
46936,33.6,23.9,5800,4511
46937,35.6,24.6,114,92
46938,41.9,29.7,2824,2184
46939,42.4,29.2,1917,1507
46940,39.8,29.1,2538,2012
46941,37.0,22.8,1123,897
46943,37.6,25.9,250,183
46946,37.3,25.2,132,99
46947,47.7,32.2,28295,21375
46950,46.0,27.5,615,468
46951,42.7,27.2,2118,1672
46952,41.7,30.5,18996,15055
46953,43.2,32.7,22781,18168
46957,39.1,25.2,483,367
46958,42.4,26.3,542,421
46959,43.5,26.4,148,120
46960,40.1,29.3,1102,903
46961,42.1,25.2,97,81
46962,36.2,25.6,8592,6806
46965,33.0,30.1,111,79
46967,46.0,24.1,73,60
46968,41.2,31.8,132,101
46970,44.3,29.3,23317,17748
46974,39.6,26.8,1620,1218
46975,41.5,28.5,14288,10939
46978,45.3,26.6,2018,1501
46979,34.1,22.8,4893,3688
46982,39.1,27.5,2602,1996
46985,38.1,27.1,1285,1035
46986,38.5,24.8,1769,1340
46987,37.9,23.4,1010,775
46988,43.8,26.7,721,566
46989,33.2,21.5,5028,4243
46990,37.2,24.5,805,600
46991,40.3,26.4,1706,1299
46992,38.8,27.9,16183,12652
46994,46.9,30.0,2626,1943
46996,39.3,29.0,6830,5387
46998,45.8,24.9,129,99
47001,37.9,26.3,10208,8054
47003,37.4,23.2,958,733
47006,37.3,24.5,12761,9597
47010,38.1,22.5,304,246
47011,39.3,27.8,1003,735
47012,40.8,26.5,9994,7634
47016,38.7,23.1,742,595
47017,37.5,25.1,657,485
47018,37.4,26.3,4273,3380
47020,40.5,28.4,1004,731
47022,34.7,21.8,3192,2459
47023,38.6,27.9,1711,1257
47024,43.5,29.6,2880,2183
47025,35.0,22.6,23118,17882
47030,43.0,28.4,1504,1157
47031,36.1,25.2,5200,4077
47032,37.1,25.4,3477,2646
47034,37.1,27.0,172,132
47035,39.0,21.9,272,218
47036,39.0,24.6,1002,785
47037,36.4,25.7,4167,3232
47038,40.6,28.7,1168,879
47040,40.0,27.1,5288,4169
47041,35.3,23.3,5891,4578
47042,36.5,25.9,4375,3396
47043,40.6,30.2,5102,3968
47060,37.1,23.1,7109,5584
47102,43.0,30.2,6884,5266
47104,42.9,21.4,93,72
47106,39.5,20.0,4771,3754
47108,42.3,30.0,2218,1635
47110,46.2,27.1,469,338
47111,43.1,23.5,16972,12810
47112,42.7,24.7,17404,13433
47114,43.5,24.4,422,292
47115,43.0,24.7,2579,1986
47116,44.3,34.6,698,546
47117,43.5,25.1,4304,3366
47118,43.5,33.2,3253,2522
47119,34.5,19.9,12173,9223
47120,40.2,25.1,938,703
47122,36.4,21.3,11185,8500
47123,43.2,32.1,131,96
47124,36.3,21.0,4981,3710
47125,39.9,26.9,1714,1313
47126,43.8,24.4,4555,3430
47129,46.0,29.9,19739,15486
47130,45.0,25.5,48481,37983
47135,44.9,27.6,1271,1021
47136,39.0,22.4,4699,3576
47137,44.7,36.2,1300,1043
47138,38.9,26.4,4398,3387
47140,41.8,29.3,2811,2113
47141,42.3,24.2,1563,1224
47142,47.0,27.9,861,671
47143,40.8,19.4,3800,2880
47145,42.8,31.1,1908,1514
47147,40.6,24.9,1022,790
47150,39.3,27.9,49395,38904
47160,40.7,20.5,138,97
47161,42.8,23.5,3764,2844
47162,41.8,23.2,906,689
47163,43.6,24.1,1551,1218
47164,42.7,25.2,3609,2790
47165,40.8,26.0,6208,4749
47166,41.3,22.4,1276,974
47167,41.9,29.7,15683,12066
47170,42.5,30.5,14877,11556
47172,40.9,21.9,19821,14843
47174,46.4,37.2,124,100
47175,44.9,34.4,870,720
47177,42.0,26.1,1462,1175
47201,39.2,24.2,45969,34790
47203,38.7,23.5,27006,20749
47220,38.9,25.0,5737,4433
47223,42.6,30.5,1437,1088
47224,37.3,25.6,606,407
47225,36.5,22.5,65,50
47226,42.4,26.3,205,159
47227,38.9,25.5,1545,1199
47229,41.9,29.0,3186,2399
47230,37.7,25.7,2057,1590
47231,39.6,27.8,1091,806
47232,40.4,24.2,2460,1898
47234,41.4,24.6,1428,1108
47235,38.3,23.6,1780,1385
47236,39.4,22.4,131,102
47240,37.8,26.5,21940,16908
47243,34.3,23.4,6037,4819
47244,39.8,25.2,688,511
47246,41.2,25.9,4343,3214
47247,39.0,22.3,178,142
47250,37.1,25.7,22596,17894
47260,39.8,25.5,1733,1389
47263,38.3,24.1,174,133
47264,39.1,24.4,1302,1021
47265,41.5,28.4,20074,15224
47270,39.8,25.5,758,581
47272,38.6,25.1,1852,1413
47273,39.7,25.5,1917,1494
47274,40.1,27.4,33035,24622
47280,44.0,30.6,867,703
47281,41.7,28.1,1543,1210
47282,41.8,32.1,236,194
47283,39.4,27.3,3526,2631
47302,42.3,32.6,25704,19981
47303,37.8,27.1,24069,19853
47304,34.6,23.3,30366,24734
47305,45.1,34.3,3629,2933
47306,34.6,27.0,4628,4623
47320,35.9,24.5,3978,3134
47324,34.1,22.9,150,107
47325,38.4,23.9,571,437
47326,41.7,28.8,2321,1419
47327,37.9,28.3,4345,3357
47330,36.9,26.3,5523,4210
47331,45.3,30.3,22782,17803
47334,35.4,21.9,3171,2474
47335,38.6,30.5,610,494
47336,43.5,30.9,3455,2711
47337,41.0,27.5,182,135
47338,36.5,25.1,2680,2048
47339,37.2,26.9,641,478
47340,38.6,28.6,2744,2146
47341,34.9,24.3,2191,1598
47342,38.8,26.8,2533,1967
47344,41.5,27.1,123,89
47345,34.7,25.3,1378,1010
47346,37.7,27.6,3865,2932
47348,45.0,32.3,9507,7488
47351,42.5,27.1,429,308
47352,41.7,26.2,902,721
47353,37.4,24.1,5576,4320
47354,38.6,26.7,1072,825
47355,38.0,27.1,2546,2005
47356,40.5,26.2,5831,4510
47357,37.5,26.7,1107,877
47358,37.0,25.8,919,721
47359,41.9,27.1,2744,2110
47360,41.1,26.0,1451,1131
47361,42.4,25.6,134,99
47362,44.3,30.2,30184,24507
47366,42.6,27.2,57,50
47367,33.2,22.0,98,73
47368,38.3,28.6,2637,2098
47369,45.3,32.7,1216,896
47370,38.7,30.1,158,128
47371,42.9,29.9,12143,9170
47373,46.0,33.8,2015,1582
47374,38.6,30.1,45304,35655
47380,37.9,26.7,1917,1454
47381,41.5,24.7,139,100
47382,35.8,25.5,136,111
47383,37.8,26.8,2724,2128
47384,43.0,27.5,1936,1522
47385,41.8,26.2,1581,1250
47386,41.7,25.7,1085,896
47387,43.0,26.7,726,565
47388,43.2,27.7,292,228
47390,40.8,32.7,5061,3786
47392,34.5,20.6,100,82
47393,36.4,25.9,1745,1185
47394,38.3,29.1,8064,6300
47396,33.6,20.2,7446,5628
47401,32.5,20.2,41225,34452
47403,35.3,22.2,33066,26438
47404,35.1,22.4,23799,19142
47405,33.4,29.6,305,301
47406,31.3,26.2,7924,7853
47408,32.9,23.1,22917,20133
47420,39.8,22.8,176,153
47421,42.3,27.5,27798,21925
47424,39.7,26.3,8893,7031
47427,42.1,28.8,1082,808
47429,34.6,20.1,7485,5753
47431,40.8,25.8,1316,1033
47432,39.3,28.3,4429,3512
47433,40.3,27.0,3974,3131
47436,40.1,24.3,1440,1194
47437,42.4,28.2,91,79
47438,44.5,33.5,4032,3124
47441,42.1,30.6,8972,6950
47443,39.3,26.8,1134,884
47445,43.4,30.2,90,74
47446,43.2,28.9,9425,7355
47448,35.7,24.9,7816,6470
47449,38.3,27.3,482,363
47451,38.9,22.1,1177,935
47452,39.2,27.8,5285,3882
47453,38.1,26.8,366,292
47454,40.6,29.8,7684,5934
47456,41.3,28.0,1302,1045
47459,40.1,25.2,3346,2620
47460,41.1,26.7,11560,9150
47462,39.7,23.1,4850,3717
47464,34.7,22.4,198,162
47465,41.0,28.4,666,496
47468,35.1,22.5,1180,1002
47469,39.9,29.0,1782,1395
47470,42.7,27.2,1516,1182
47471,40.1,27.7,2567,1964
47501,42.6,31.2,18003,13488
47512,37.9,26.8,4002,3007
47513,40.6,26.2,2057,1583
47514,37.9,19.8,1647,1584
47515,36.4,24.3,819,637
47516,37.2,24.0,1246,946
47519,38.1,25.7,556,419
47520,39.4,28.5,3230,2486
47521,39.6,22.7,972,722
47522,37.3,23.8,250,202
47523,39.2,24.7,3433,2600
47524,39.8,27.5,494,384
47525,36.7,23.9,337,257
47527,39.8,23.9,1918,1486
47528,37.1,24.2,519,393
47529,39.4,27.9,1004,741
47531,39.6,22.6,906,708
47532,38.1,22.7,4507,3538
47535,35.8,25.9,582,462
47537,39.4,25.3,782,608
47541,40.8,24.6,1228,916
47542,41.9,28.3,9992,7446
47546,39.9,24.8,22445,17302
47550,40.1,22.3,797,590
47551,35.7,23.9,592,446
47552,40.0,22.3,174,130
47553,40.2,28.6,8625,6260
47557,36.8,23.7,1329,972
47558,39.6,28.6,5021,3142
47561,39.5,28.8,1514,1187
47562,39.9,30.8,4994,3393
47564,38.0,26.9,1375,1032
47567,37.3,27.6,5804,4521
47568,40.9,29.5,848,598
47574,35.1,24.1,148,116
47575,39.5,23.4,1015,813
47576,37.1,24.0,378,304
47577,37.5,21.3,1222,1011
47578,37.9,25.4,649,508
47579,39.2,21.8,2715,2048
47580,41.5,24.2,252,190
47581,38.3,26.8,3534,2753
47584,37.4,27.3,154,119
47585,39.0,27.9,429,324
47586,37.5,26.7,11027,8619
47588,37.3,23.7,591,454
47590,37.6,25.8,779,594
47591,37.3,25.8,24984,19687
47596,36.6,24.4,191,160
47597,37.4,23.9,961,728
47598,38.3,27.1,3107,2399
47601,36.1,24.2,14088,10900
47610,35.8,22.9,5442,4079
47611,40.6,25.6,1157,917
47612,39.7,23.7,868,664
47613,36.3,23.3,2694,2063
47615,39.4,22.8,1477,1179
47616,39.8,25.2,305,242
47619,36.3,23.8,1535,1181
47620,41.2,23.5,12989,9973
47630,33.2,19.6,38309,28846
47631,41.1,25.7,1908,1570
47633,40.3,23.9,2455,1923
47634,40.2,23.6,2193,1773
47635,41.2,25.8,5178,4046
47637,35.9,22.6,1396,1060
47638,40.6,22.4,3620,2669
47639,38.2,22.5,4549,3412
47640,39.3,26.5,950,756
47648,39.1,24.0,4510,3374
47649,39.7,25.3,1374,1056
47660,38.7,26.4,4762,3739
47665,38.7,24.4,3798,2823
47666,39.0,24.7,1332,1023
47670,40.9,29.1,11934,9156
47683,39.8,26.3,83,69
47708,38.2,23.7,501,456
47710,41.3,32.4,18470,14210
47711,38.3,26.5,31266,24582
47712,35.7,23.2,24895,20368
47713,46.8,35.1,9916,7446
47714,40.4,29.1,32827,25652
47715,37.3,25.8,28959,23165
47720,35.9,24.0,17188,13500
47725,33.9,18.9,19220,14182
47802,41.9,26.2,34229,27176
47803,39.0,23.0,21832,17623
47804,44.7,30.8,10093,7819
47805,39.8,23.0,12875,10022
47807,47.3,33.8,12063,9539
47809,36.0,24.2,2360,2356
47832,41.6,30.7,919,719
47833,42.0,25.2,1043,812
47834,43.3,28.0,19430,15005
47837,41.3,25.8,1186,920
47838,48.4,30.8,3931,3454
47840,42.7,26.0,1420,1123
47841,42.1,27.2,2135,1655
47842,40.9,28.0,9790,7729
47845,43.1,27.8,177,132
47846,42.4,25.8,661,501
47847,39.0,25.7,1014,753
47848,41.1,25.9,1523,1178
47849,41.6,25.6,407,316
47850,42.3,27.8,2389,1875
47853,43.8,33.6,184,135
47854,40.0,25.2,850,666
47855,43.0,29.2,680,529
47857,42.3,35.1,443,359
47858,42.2,25.6,628,490
47859,40.8,29.0,1096,697
47860,43.1,31.4,243,187
47861,42.1,25.5,556,428
47862,43.6,31.8,1548,1128
47863,35.6,22.1,146,116
47866,40.3,23.9,443,356
47868,43.4,28.3,2776,2261
47869,40.3,21.7,116,72
47871,40.4,21.5,235,169
47872,43.5,31.9,8075,6350
47874,41.9,27.7,3161,2444
47876,26.5,22.4,348,347
47879,43.4,28.9,2908,2287
47880,36.7,25.6,61,51
47881,43.7,25.7,332,244
47882,42.8,28.6,8487,6570
47884,37.2,22.4,214,177
47885,41.0,25.5,9231,7137
47901,31.3,21.5,3750,3186
47904,34.0,28.0,16571,12947
47905,30.4,22.4,41787,31927
47906,26.1,21.6,73579,61838
47909,30.9,21.8,42759,31215
47917,42.9,29.5,436,304
47918,42.4,28.0,5802,4559
47920,30.2,18.7,2665,2007
47921,42.8,28.6,1115,819
47922,43.6,30.1,1482,1155
47923,43.9,24.1,3597,2810
47924,26.8,16.6,187,149
47925,47.8,30.8,94,74
47926,44.2,26.6,1132,824
47928,41.0,29.3,1723,1382
47929,44.5,25.9,805,595
47930,29.4,19.6,1053,812
47932,41.8,27.7,5271,4131
47933,39.9,29.6,28092,21793
47940,38.2,26.1,1438,1117
47941,33.0,24.5,1309,980
47942,42.8,28.7,668,546
47943,42.1,26.6,914,692
47944,42.7,29.0,3561,2684
47946,38.6,28.6,1892,1444
47948,44.4,29.1,1279,981
47949,43.0,27.9,1245,944
47950,44.8,26.0,878,619
47951,45.5,31.6,2061,1606
47952,43.1,30.3,2628,2086
47954,38.1,25.7,2267,1706
47955,38.4,25.7,993,749
47957,39.8,29.2,1759,1315
47958,42.0,27.5,172,132
47959,47.4,32.5,2843,2037
47960,45.2,29.1,15029,12017
47963,42.0,25.5,1937,1541
47964,41.8,25.7,114,89
47965,38.1,25.6,539,403
47966,39.2,26.0,418,331
47967,38.1,26.5,746,560
47968,37.7,25.3,967,728
47969,43.1,29.3,217,157
47970,39.4,25.0,1955,1440
47971,42.3,27.2,1819,1376
47974,41.5,29.4,1106,864
47975,41.4,26.5,682,553
47977,40.6,25.3,2235,1670
47978,40.7,26.1,10815,8354
47980,43.9,25.9,1103,824
47981,29.2,18.9,911,643
47982,42.2,26.9,120,95
47983,28.7,18.7,274,216
47987,42.9,27.7,3802,2963
47989,38.8,25.4,1277,941
47990,38.4,26.4,1629,1224
47991,40.8,26.1,1051,818
47992,28.2,18.2,1425,1093
47993,42.0,26.8,3983,3053
47994,40.6,27.2,507,388
47995,44.1,25.1,1651,1229
47997,41.2,25.7,116,80
48001,36.7,26.3,11721,9790
48002,35.0,23.2,3115,2513
48003,34.6,23.0,6506,5060
48005,34.9,22.4,5318,4278
48006,38.2,27.2,3895,3075
48009,28.2,13.8,21817,16810
48014,36.3,25.2,4323,3279
48015,41.2,30.4,8552,6797
48017,31.1,17.7,11353,9657
48021,45.9,33.2,34244,26110
48022,36.2,25.7,2515,1981
48023,35.4,23.1,4967,4012
48025,28.7,14.8,14878,11461
48026,38.9,28.0,14726,11969
48027,35.0,22.6,3180,2506
48028,32.6,22.4,921,873
48030,35.5,23.4,14983,12499
48032,37.9,27.7,2193,1721
48033,40.9,27.0,17207,14568
48034,39.9,26.8,14480,12380
48035,38.9,27.4,34018,27123
48036,39.8,28.6,22517,17821
48038,36.5,24.9,44038,36540
48039,35.4,24.7,7485,6081
48040,34.8,23.6,9994,7801
48041,34.8,22.1,4332,3480
48042,34.2,20.3,33398,25422
48043,41.9,30.2,15665,12662
48044,35.1,21.7,58265,44134
48045,38.6,25.9,24341,20339
48047,36.1,22.6,39775,31536
48048,41.7,28.7,10561,8018
48049,34.8,22.3,5523,4400
48050,36.8,24.7,1553,1286
48051,37.4,24.1,17718,13764
48054,34.4,23.9,7213,5933
48059,34.0,23.7,15319,12342
48060,40.0,30.9,39775,30871
48062,38.8,28.7,9375,7436
48063,33.6,21.2,4112,3235
48064,35.9,24.3,3993,3158
48065,35.1,23.2,11228,8902
48066,40.5,28.6,47789,37698
48067,28.9,14.0,24589,21072
48069,28.4,12.8,2627,2105
48070,27.7,12.5,6388,4752
48071,32.6,21.8,28468,23767
48072,30.0,14.8,15194,12127
48073,30.2,16.4,33658,28454
48074,36.2,25.3,9608,7614
48075,40.1,25.0,22967,18566
48076,37.6,22.1,26062,21333
48079,34.5,22.8,12553,9957
48080,37.3,24.5,22272,18708
48081,35.6,23.5,20496,16927
48082,36.3,24.4,16029,13332
48083,28.4,20.5,24074,19284
48084,24.9,15.5,16364,12595
48085,27.2,17.6,26507,20293
48088,37.0,26.6,23142,18872
48089,43.0,32.8,32012,24012
48091,41.0,34.4,32267,24739
48092,36.5,28.8,27186,21944
48093,37.0,27.3,24780,20248
48094,35.6,23.8,20340,15998
48095,33.9,20.7,5585,4337
48096,36.5,24.7,3780,3072
48097,38.8,29.9,5181,4031
48098,24.7,15.8,20349,15848
48101,30.8,21.9,28664,22909
48103,26.2,13.6,55605,44628
48104,26.0,17.2,41588,37018
48105,22.6,14.3,38883,33115
48108,28.1,16.9,26639,21398
48109,28.7,22.2,8008,7909
48111,34.2,24.2,44055,35233
48114,32.1,20.3,21222,16560
48116,31.2,19.6,26942,21532
48117,40.8,25.1,10154,8149
48118,27.0,14.9,13309,10673
48120,33.4,29.7,8338,5807
48122,40.8,38.9,12825,9031
48124,31.2,21.5,34134,26583
48125,35.8,29.3,22070,17054
48126,36.2,32.4,55863,38125
48127,34.5,27.3,41222,30494
48128,31.2,21.3,11641,8745
48130,26.7,12.9,16469,12294
48131,37.6,19.6,8126,6192
48133,42.2,26.7,5500,4347
48134,32.2,23.3,23829,18300
48135,33.7,25.8,27380,22127
48137,32.1,20.7,4957,3966
48138,28.3,18.8,10788,8682
48139,37.1,25.0,179,155
48140,38.5,21.3,3082,2393
48141,46.3,39.5,26088,18990
48143,32.5,18.0,74,64
48144,37.8,21.5,10331,8216
48145,39.7,23.6,3332,2736
48146,37.0,31.9,40245,30587
48150,29.7,19.9,26573,21660
48152,29.6,21.3,31098,25696
48154,28.5,19.6,37864,31074
48157,41.7,25.1,1382,1103
48158,29.6,17.3,7362,6034
48159,40.5,23.8,2566,2017
48160,35.3,20.8,14097,11285
48161,42.5,27.5,26571,20776
48162,41.1,25.9,29156,23274
48164,32.2,23.7,9676,7590
48165,29.4,15.7,8832,6570
48166,42.4,26.8,13170,9917
48167,27.3,16.0,25071,19727
48168,24.6,16.4,24517,18751
48169,32.7,20.7,20336,16685
48170,27.4,17.4,41069,33459
48173,31.0,21.5,13443,10468
48174,36.1,26.8,33683,25696
48176,27.2,14.8,22833,17675
48177,38.6,21.6,232,179
48178,30.4,17.5,36858,27712
48179,40.9,25.0,3239,2717
48180,35.8,29.4,63409,49432
48182,39.5,23.6,21886,17304
48183,31.4,23.2,42447,34047
48184,36.8,29.7,17776,14084
48185,34.0,27.1,49730,40888
48186,35.7,27.9,35690,28003
48187,27.2,18.9,52498,40528
48188,27.1,18.9,46161,35057
48189,31.0,18.0,14038,11497
48190,28.8,17.8,163,121
48191,29.9,17.7,3980,3182
48192,33.7,25.8,25058,20403
48193,31.1,25.3,16110,12870
48195,32.4,25.5,30014,24707
48197,30.5,17.6,67895,54933
48198,34.7,22.0,40067,31184
48201,40.1,33.0,14500,12265
48202,38.3,27.6,17260,14904
48203,47.3,39.4,22168,17213
48204,48.6,42.1,21738,16338
48205,47.8,38.8,34056,24083
48206,45.9,36.7,15712,12105
48207,41.7,32.9,21704,18564
48208,46.3,38.8,8090,6585
48209,41.4,42.3,27096,18624
48210,44.0,45.3,27155,17902
48211,44.0,39.0,5447,3858
48212,37.0,41.7,43192,29426
48213,49.5,43.8,19088,14465
48214,45.3,37.9,18959,16005
48215,47.4,39.6,10520,8239
48216,40.2,31.9,5031,4135
48217,43.8,35.9,6437,4983
48218,46.8,43.5,7271,5182
48219,46.7,37.5,46811,35389
48220,32.8,17.6,21564,18651
48221,43.4,33.4,38204,29586
48223,45.7,35.4,22956,17286
48224,47.3,38.3,39633,28215
48225,41.0,30.1,15862,11848
48226,32.6,20.4,6307,6044
48227,48.5,40.8,40266,29876
48228,47.7,41.4,53893,37208
48229,42.7,38.5,9258,6822
48230,27.6,15.7,17559,13661
48234,48.9,41.7,31442,23199
48235,46.6,38.0,45188,34492
48236,27.9,17.3,31286,24658
48237,38.9,23.9,29560,23203
48238,48.8,40.7,25747,19334
48239,38.2,27.0,36814,28746
48240,37.0,27.6,17962,13948
48301,27.7,14.6,14993,11410
48302,27.4,16.4,17196,13479
48304,26.8,15.9,17437,14006
48306,27.7,15.1,28455,21331
48307,28.0,17.1,44673,35180
48309,28.8,18.6,31541,25609
48310,36.5,28.9,43709,34744
48312,36.5,27.1,34854,28103
48313,35.6,24.3,34169,27464
48314,34.7,25.7,21614,17737
48315,34.1,23.7,28597,23159
48316,33.8,21.2,28192,22422
48317,36.2,24.3,27864,22544
48320,32.2,18.3,4328,3614
48322,29.9,19.3,32188,26232
48323,29.7,17.9,18225,14381
48324,30.1,17.0,16872,13608
48326,30.8,20.1,22228,18700
48327,33.6,21.5,21811,18056
48328,34.7,23.2,24178,19743
48329,32.7,20.7,24391,19961
48331,28.8,17.0,22091,18066
48334,30.7,19.0,18731,15338
48335,26.6,17.4,25618,20962
48336,32.2,19.6,26802,21884
48340,40.7,31.3,26039,19077
48341,43.8,31.6,16980,13410
48342,47.2,39.1,18685,13441
48346,31.5,19.3,23058,18366
48348,30.9,17.2,25655,19338
48350,32.5,19.3,7581,5974
48353,32.1,20.7,6422,5048
48356,31.4,18.0,8380,6677
48357,33.6,21.6,8459,6676
48359,30.4,16.7,9939,7433
48360,28.7,15.2,12480,9521
48362,31.7,17.8,15001,11825
48363,28.9,15.5,7361,5331
48367,32.6,19.5,4567,3616
48370,30.5,17.7,1741,1368
48371,31.8,18.4,25272,19001
48374,25.7,16.1,18008,13078
48375,26.6,16.6,23237,17839
48377,28.2,20.3,19691,15833
48380,31.1,18.4,7373,5832
48381,31.0,18.4,13794,11023
48382,30.9,17.1,23334,17893
48383,33.7,21.0,13171,10260
48386,32.8,20.6,17904,14384
48390,31.6,19.4,24273,19924
48393,32.7,18.9,20257,16371
48401,39.6,29.7,1385,1114
48410,40.2,33.3,97,84
48411,36.1,23.0,219,144
48412,35.9,25.9,5497,4427
48413,39.7,30.3,7138,5724
48414,39.0,25.4,2361,1898
48415,33.5,26.0,9042,7251
48416,39.4,29.8,4906,3744
48417,33.7,26.9,2612,2064
48418,36.8,23.2,4389,3431
48419,40.1,29.6,2381,1897
48420,38.5,27.0,21771,17516
48421,36.0,26.1,6656,5296
48422,39.7,29.2,6130,4795
48423,37.3,24.7,33801,26561
48426,41.4,33.4,895,695
48427,39.7,30.7,2599,2032
48428,34.0,22.4,4897,3945
48429,38.1,25.9,8445,6871
48430,33.8,20.5,39594,31139
48432,39.6,29.3,607,487
48433,37.3,24.6,26688,20865
48434,41.3,30.5,104,72
48435,39.2,26.7,2075,1606
48436,36.1,21.9,3758,3000
48437,37.6,28.3,619,527
48438,35.8,21.3,7074,5511
48439,35.3,21.4,51719,40253
48440,34.3,21.1,192,156
48441,39.2,29.7,3837,3043
48442,33.4,21.0,21803,17063
48444,37.4,29.4,9420,7326
48445,38.8,28.5,1355,1094
48446,36.1,26.5,30788,24751
48449,38.0,24.6,2945,2312
48450,39.2,29.2,4199,3588
48451,34.8,21.0,16033,12491
48453,40.3,30.9,4956,3802
48454,40.8,29.9,1263,991
48455,33.4,21.7,8166,6602
48456,39.4,29.5,782,628
48457,39.6,29.5,8186,6315
48458,44.3,33.6,19699,15196
48460,37.0,26.9,2341,1804
48461,36.2,25.8,8302,6197
48462,32.2,18.8,13080,10458
48463,37.8,25.6,4423,3622
48464,36.3,26.6,2077,1661
48465,40.6,30.3,575,452
48466,40.4,30.1,1514,1182
48467,38.6,29.5,2228,1941
48468,37.8,29.0,1234,1064
48469,39.0,29.2,1198,1022
48470,38.6,27.3,760,610
48471,39.6,29.3,5668,4506
48472,41.7,33.7,1691,1243
48473,37.1,24.1,22035,17505
48475,38.4,27.5,2691,2092
48476,38.7,26.6,706,563
48502,47.5,35.9,1478,1255
48503,48.9,37.6,21743,16824
48504,51.6,39.7,24266,18054
48505,54.6,44.7,17685,12977
48506,44.2,34.0,25069,19235
48507,43.3,31.4,30149,22853
48509,39.4,27.5,9568,7643
48519,39.4,27.1,7825,6250
48529,44.7,34.2,9560,7333
48532,41.9,29.3,19247,15351
48601,46.9,43.3,32165,23813
48602,42.2,37.4,27613,20602
48603,32.8,26.9,27492,22323
48604,36.6,31.7,12386,9459
48607,46.6,43.4,1456,1251
48609,33.3,27.4,12082,9909
48610,40.0,30.1,3266,2720
48611,35.5,22.0,6482,5122
48612,40.3,28.4,9135,7433
48613,38.4,26.9,1037,829
48614,34.5,28.3,1226,1006
48615,35.5,25.4,2917,2283
48616,34.5,28.8,7458,5861
48617,40.5,29.5,8902,6594
48618,36.1,27.4,5299,4183
48619,36.8,30.3,523,452
48620,33.4,24.0,99,83
48621,36.0,31.1,1282,1018
48622,39.7,28.6,6364,5063
48623,32.7,22.6,15105,11790
48624,40.4,29.9,15739,12669
48625,41.2,31.6,12993,10702
48626,33.1,25.1,5962,4727
48627,38.8,28.0,164,149
48628,34.1,23.8,1864,1533
48629,39.0,28.6,7420,6369
48630,39.7,30.7,227,198
48631,36.1,23.6,4260,3446
48632,40.0,29.1,4987,4089
48633,40.0,32.4,305,278
48634,37.3,25.4,4152,3336
48635,38.9,29.4,1471,1257
48636,39.2,32.7,812,702
48637,34.8,28.3,3120,2448
48638,32.8,25.1,13199,10621
48640,31.8,21.5,31840,24851
48642,31.3,20.3,33457,25914
48647,39.5,32.1,4004,3137
48649,35.9,30.3,1634,1320
48650,38.1,26.8,6807,5465
48651,40.4,30.7,4396,3760
48652,38.2,25.6,1679,1364
48653,37.0,26.0,9598,8192
48654,39.3,30.2,2284,1902
48655,34.3,27.1,6033,4829
48656,42.9,33.9,3857,3324
48657,32.9,22.9,7686,6268
48658,38.7,28.1,4871,3874
48659,39.3,27.6,2640,2078
48661,38.4,28.1,10535,8490
48662,35.4,26.3,1439,1147
48701,41.2,26.5,1268,997
48703,37.5,28.1,3073,2633
48705,40.3,31.6,500,467
48706,37.5,26.1,39381,31808
48708,40.4,29.5,25860,20518
48720,38.5,27.0,1041,854
48721,38.6,29.4,398,353
48722,34.6,28.8,3137,2521
48723,42.7,29.6,11953,9530
48724,41.2,36.1,431,336
48725,37.0,26.8,1983,1736
48726,40.4,27.2,6206,4742
48727,37.5,26.7,1168,917
48728,41.1,32.2,284,251
48729,41.1,26.5,1521,1182
48730,37.0,28.4,4443,3732
48731,40.1,28.7,1568,1218
48732,37.4,25.4,11177,9005
48733,42.1,28.1,1657,1334
48734,29.4,22.2,7350,6007
48735,40.3,25.9,898,726
48737,42.1,33.4,1104,975
48738,39.9,29.5,1163,1018
48739,39.0,31.7,3636,3066
48740,39.2,28.9,2378,1995
48741,41.5,26.5,1941,1494
48742,37.5,27.9,1701,1462
48744,41.4,27.2,4525,3540
48745,39.8,29.3,1170,994
48746,41.7,27.7,8163,6466
48747,37.6,25.6,1453,1134
48748,38.5,31.1,1678,1465
48749,39.6,28.2,1118,902
48750,39.8,31.5,8978,7346
48754,38.4,27.3,978,738
48755,37.7,28.1,3077,2491
48756,42.8,34.3,4057,3282
48757,37.2,23.8,3511,2800
48759,39.0,28.4,3266,2607
48760,39.2,26.9,1285,1004
48761,41.2,35.0,852,758
48762,36.5,25.0,1080,929
48763,37.2,28.5,4949,4108
48765,37.3,29.3,742,609
48766,38.6,28.1,1158,962
48767,40.6,25.6,2008,1526
48768,41.6,27.0,9648,7494
48770,40.1,32.5,1848,1456
48801,35.7,25.5,13006,9231
48806,37.4,28.6,1580,1250
48807,36.8,29.0,779,617
48808,34.0,19.9,5830,4607
48809,40.0,25.9,11245,8728
48811,46.3,27.4,8137,7327
48813,39.8,25.9,21068,16383
48815,37.4,21.3,2297,1746
48816,35.8,23.2,102,84
48817,38.1,25.8,5714,4646
48818,41.6,26.9,2302,1821
48819,35.2,21.2,2601,2023
48820,33.0,18.4,17944,13513
48821,37.6,22.8,5987,4936
48822,34.3,19.7,2814,2211
48823,32.6,22.2,51793,43930
48824,33.4,27.4,2216,2200
48825,32.1,24.1,12127,12065
48827,38.8,23.8,15889,12348
48829,42.9,29.1,3426,2584
48831,37.1,25.9,3320,2610
48832,38.0,28.7,1386,1136
48834,42.5,28.5,2284,1729
48835,34.0,20.9,2573,1935
48836,34.8,23.8,14183,10763
48837,36.9,21.0,19189,14857
48838,40.8,26.0,18801,14369
48840,33.8,19.4,12665,10242
48841,37.8,26.5,798,638
48842,35.4,21.7,21548,16695
48843,32.5,20.9,47704,37203
48845,41.5,28.5,937,724
48846,43.0,27.0,22470,18496
48847,36.2,27.2,5886,4657
48848,36.4,22.1,7771,6036
48849,38.6,24.5,5904,4561
48850,41.1,28.0,4563,3457
48851,38.6,23.2,2394,1872
48852,44.0,29.4,137,114
48853,37.6,25.4,545,431
48854,33.8,19.6,19804,15297
48855,32.5,21.1,16656,12789
48856,35.0,24.3,830,670
48857,39.5,26.0,2521,1942
48858,40.2,26.0,41844,34206
48859,42.4,34.8,2424,2412
48860,39.3,24.7,1309,1008
48861,39.0,23.3,1544,1158
48864,28.9,16.8,22804,17411
48865,42.3,27.1,1756,1372
48866,39.0,27.4,4728,3645
48867,39.4,27.4,27596,21687
48870,42.8,30.2,132,94
48871,35.1,24.4,1994,1581
48872,38.4,24.5,7390,5750
48873,37.8,23.5,1535,1119
48874,35.1,24.8,158,121
48875,37.4,20.9,10582,7931
48876,40.2,24.6,4419,3336
48877,40.4,28.7,2300,1816
48878,41.5,27.7,1586,1205
48879,36.1,23.6,17980,13871
48880,41.0,29.7,10495,8973
48881,39.8,24.2,5438,4199
48883,40.3,26.4,6842,5252
48884,42.2,27.7,4305,3271
48885,42.8,27.4,960,745
48886,42.3,28.1,2062,1640
48888,42.7,28.1,6258,4936
48889,36.6,27.1,1450,1165
48890,40.1,25.3,2073,1579
48891,44.4,29.8,2828,2192
48892,35.3,21.5,4763,3591
48893,41.9,28.0,5400,4217
48894,32.6,19.8,2364,1688
48895,34.0,19.3,11472,8891
48896,42.7,27.1,152,116
48897,39.0,27.7,1470,1142
48906,38.9,25.8,25674,19822
48910,38.4,24.7,33702,26910
48911,41.0,28.4,40566,30283
48912,37.4,23.6,17155,14121
48915,40.8,26.4,9176,7006
48917,38.0,23.5,32679,26653
48933,40.2,26.5,2467,2154
49001,44.1,29.8,21730,16110
49002,36.4,21.4,19553,15461
49004,39.8,24.7,16358,12712
49006,37.9,25.2,25119,21241
49007,47.6,33.4,10353,8114
49008,37.4,23.2,18343,15315
49009,36.2,21.5,47188,36518
49010,37.5,27.1,18183,14029
49011,40.8,25.8,2147,1659
49012,35.5,19.1,3477,2789
49013,42.1,32.6,5175,3857
49014,42.8,27.9,21505,16696
49015,40.8,27.1,28008,21426
49017,43.0,27.9,21377,16695
49021,39.4,25.7,6136,4759
49022,48.4,38.4,30143,22342
49024,35.2,20.1,30332,23350
49026,41.2,31.1,2170,1713
49027,41.5,32.2,171,129
49028,36.1,28.3,6129,4514
49029,40.6,25.2,1724,1312
49030,37.5,25.8,2711,1875
49031,37.3,27.7,7728,6166
49032,37.6,25.2,3033,2256
49033,39.6,23.3,1763,1421
49034,38.4,25.0,2313,1841
49036,36.4,28.6,24632,19137
49037,47.1,33.7,21427,16084
49038,38.7,27.9,8979,7198
49040,37.6,27.5,3404,2621
49042,39.8,27.9,4641,3511
49043,46.2,40.0,2056,1542
49045,39.2,28.3,5256,4079
49046,36.7,23.7,7080,5792
49047,37.3,28.7,14541,11380
49048,41.9,27.0,25067,19065
49050,38.6,27.2,1552,1211
49051,40.2,24.0,2340,1849
49052,40.5,25.6,1056,789
49053,37.6,21.6,7371,5525
49055,39.5,27.9,6211,4884
49056,41.1,32.6,3913,2980
49057,43.8,35.7,6226,4532
49058,36.9,24.7,19422,15086
49060,35.2,20.3,1847,1495
49061,35.5,24.9,1704,1366
49064,41.5,31.7,3854,2920
49065,38.1,25.2,6974,5405
49066,36.8,24.1,710,517
49067,36.3,25.0,4440,3500
49068,38.6,22.6,14325,11393
49070,37.7,27.0,2510,1907
49071,36.1,20.5,10748,7951
49072,37.1,24.2,3124,2436
49073,38.9,26.2,4874,3674
49074,36.9,45.4,185,181
49075,34.3,21.3,68,51
49076,37.2,22.9,4445,3586
49078,35.9,25.0,9483,7271
49079,38.1,25.5,13766,10708
49080,35.6,23.6,15994,12398
49082,34.8,26.2,6471,4833
49083,35.5,19.3,8022,6115
49084,37.3,27.2,87,73
49085,33.3,20.2,24047,19223
49087,35.7,19.2,6403,4848
49088,39.9,24.7,3704,2877
49089,36.5,28.8,1672,1304
49090,38.1,27.4,13286,10707
49091,38.8,27.5,19901,14742
49092,39.1,25.7,2024,1634
49093,38.3,25.0,18215,14032
49094,37.6,28.5,4091,3099
49095,35.7,25.4,2036,1629
49096,40.1,26.8,3161,2415
49097,38.0,22.5,11353,8652
49098,42.0,32.8,5739,4444
49099,38.4,26.6,5623,4362
49101,36.1,22.8,3132,2467
49102,38.4,26.3,1282,1008
49103,36.3,24.2,11508,9214
49104,29.7,18.1,380,373
49106,36.3,24.3,4822,3879
49107,37.7,25.9,10066,7922
49111,38.9,28.4,3506,2726
49112,37.0,26.8,10506,8057
49113,39.7,29.5,1864,1464
49115,33.8,24.0,217,200
49116,33.5,23.3,278,262
49117,35.7,23.4,3710,3141
49119,40.8,30.3,257,210
49120,38.5,27.9,37076,28891
49125,35.9,23.9,1743,1529
49126,37.8,27.8,1202,977
49127,34.1,21.3,10811,8471
49128,36.2,24.6,3448,2893
49129,37.6,25.9,736,622
49130,35.9,26.1,1627,1369
49201,40.5,28.3,47747,38473
49202,42.3,33.0,19359,14952
49203,40.6,29.3,37269,28343
49220,40.5,25.7,2390,1826
49221,41.9,28.6,41315,32715
49224,43.5,30.5,13199,10076
49227,39.7,31.2,1241,986
49228,39.1,24.1,5432,4234
49229,39.9,23.9,3261,2568
49230,38.0,25.6,10364,8592
49232,41.3,34.4,2857,2071
49233,36.6,22.8,2776,2280
49234,36.3,24.3,2580,2175
49235,41.2,27.1,1899,1507
49236,37.6,21.6,4831,3772
49237,38.4,26.3,3027,2327
49238,39.1,22.4,1674,1296
49240,36.0,22.1,9213,7322
49241,36.9,24.6,2359,1810
49242,36.6,27.4,14812,11668
49245,42.6,29.7,4672,3471
49246,37.8,26.3,3247,2614
49247,41.6,29.8,5720,4378
49248,41.7,26.7,858,686
49249,35.1,23.2,3269,2623
49250,38.2,28.5,5994,4626
49251,36.2,22.7,6136,4773
49252,38.0,29.2,2666,2072
49253,39.7,24.9,3095,2558
49254,37.7,24.9,3163,2546
49255,38.6,31.4,2098,1340
49256,42.2,28.6,3909,2926
49259,37.6,24.6,2594,2038
49261,39.1,25.4,356,266
49262,36.3,27.1,1211,952
49263,37.1,26.4,72,59
49264,36.9,23.9,1909,1479
49265,39.6,23.9,5055,4076
49266,37.5,27.9,2954,2303
49267,38.3,21.4,3920,3111
49268,39.8,23.9,1047,813
49269,37.6,25.2,5874,4540
49270,40.0,22.9,5822,4614
49271,37.7,28.6,2230,1706
49272,38.1,25.0,2413,1929
49274,39.4,31.0,3699,2749
49276,38.9,22.2,971,757
49277,39.3,28.2,3170,2468
49279,41.6,26.6,832,652
49282,34.1,20.9,210,168
49283,30.8,20.4,4401,3714
49284,40.0,27.4,2985,2263
49285,35.4,21.9,5866,4599
49286,39.2,24.2,14991,11802
49287,39.8,23.3,1949,1604
49288,39.0,29.4,1305,1001
49289,41.2,27.6,104,89
49301,30.1,14.4,20665,14836
49302,32.2,16.7,8845,6565
49303,43.0,26.1,1085,793
49304,42.6,36.4,4979,4363
49305,38.5,29.3,2267,1780
49306,32.5,18.3,10419,7886
49307,35.7,25.5,16914,13703
49309,39.8,31.0,1839,1516
49310,40.3,27.5,3072,2261
49312,38.4,29.4,295,240
49315,31.5,18.4,26148,19196
49316,33.4,20.0,24742,18162
49318,40.3,25.3,1530,1124
49319,36.1,22.8,17391,12931
49320,34.8,24.5,270,222
49321,35.6,22.9,16764,13015
49322,41.0,24.9,1164,870
49323,34.6,21.8,10235,7518
49325,36.7,22.6,2090,1509
49326,38.2,25.7,3830,3004
49327,36.9,25.7,8322,6183
49328,36.8,26.2,4006,3022
49329,40.5,25.2,8707,6486
49330,37.4,25.5,5664,4142
49331,34.6,19.9,18023,13553
49332,37.5,28.6,2757,2308
49333,36.4,21.8,13427,9766
49335,34.7,21.9,188,126
49336,39.6,30.1,4382,3273
49337,37.6,27.5,12854,10087
49338,38.4,26.9,1810,1451
49339,40.6,24.5,2376,1862
49340,38.8,28.0,2846,2234
49341,32.4,17.4,38250,28064
49342,36.1,25.5,1527,1197
49343,37.0,24.5,5669,4507
49344,37.8,26.4,3847,3024
49345,34.4,21.2,13734,10450
49346,36.9,28.3,5877,4753
49347,41.2,26.1,1317,1090
49348,35.4,23.4,14989,11033
49349,40.1,30.9,8361,6650
49401,32.8,22.3,29598,24727
49402,41.5,29.8,1425,1193
49403,35.7,22.9,2491,1910
49404,35.2,22.4,8913,6451
49405,41.5,26.0,1587,1256
49406,32.7,20.6,1031,918
49408,37.3,27.9,9830,7662
49409,32.0,17.4,180,125
49410,41.6,26.9,1956,1531
49411,41.0,25.7,1592,1325
49412,36.2,26.4,11703,8986
49415,40.2,23.8,6618,5279
49417,33.1,20.4,32406,25568
49418,32.4,19.1,30520,23597
49419,35.5,22.9,8720,6238
49420,40.3,28.8,6295,4875
49421,40.6,29.9,5756,4480
49423,33.0,22.3,46870,36830
49424,33.1,22.4,47963,36611
49425,43.8,28.4,3655,2688
49426,31.7,17.3,40467,28662
49428,32.0,19.4,27162,19976
49430,30.9,18.3,177,130
49431,40.3,25.4,17044,13699
49434,28.4,14.7,72,57
49435,33.6,20.0,3568,2740
49436,39.4,26.5,1604,1345
49437,40.5,24.5,6928,5470
49440,48.4,35.0,1320,1119
49441,42.0,25.7,36886,29297
49442,48.5,33.3,45342,34962
49443,48.6,41.5,88,86
49444,48.5,33.4,26281,19662
49445,41.1,23.8,21245,16623
49446,40.9,28.1,2311,1799
49448,33.9,20.1,4027,2995
49449,37.1,23.9,2776,2390
49450,45.2,42.4,3159,2288
49451,42.6,26.6,6091,4560
49452,42.2,28.4,2081,1554
49453,32.4,19.1,2950,2427
49454,41.1,25.1,4642,3606
49455,41.1,28.5,5197,3885
49456,33.2,19.6,19727,15552
49457,43.4,26.1,10833,8238
49458,38.9,24.4,155,108
49459,42.3,31.1,1451,1060
49460,33.1,20.4,9025,6867
49461,41.4,25.0,9295,7372
49464,32.6,20.6,29654,21484
49503,36.9,23.4,39344,32011
49504,34.8,22.2,41249,32886
49505,35.9,22.3,31444,25181
49506,31.9,16.9,33050,25320
49507,42.8,31.4,38137,26626
49508,36.4,25.3,41851,31443
49509,38.0,27.1,28340,21271
49512,33.2,22.0,18558,14907
49519,35.6,23.5,28025,21765
49525,32.2,18.2,30275,23676
49534,33.0,19.8,23996,18712
49544,33.6,20.7,9514,7539
49546,29.3,17.5,35536,28076
49548,38.5,28.4,34741,25764
49601,38.7,26.1,21564,16779
49611,39.2,25.5,208,155
49612,35.5,23.0,1163,981
49613,33.9,27.5,706,593
49614,35.4,26.7,2985,2386
49615,35.7,23.5,4161,3577
49616,36.3,23.7,2068,1660
49617,36.1,24.7,3285,2774
49618,40.6,27.9,776,627
49619,38.3,31.6,1043,850
49620,38.9,25.4,2827,2108
49621,32.5,19.6,3157,2552
49622,36.9,23.6,2473,2083
49623,39.2,32.5,1186,951
49625,39.9,31.8,1454,1138
49626,36.6,28.1,325,272
49627,34.1,23.5,176,146
49628,36.7,25.2,329,275
49629,32.9,20.0,1997,1737
49630,31.3,19.6,1331,1167
49631,40.0,30.5,5702,4502
49632,38.7,28.1,1134,876
49633,38.6,27.1,4026,3203
49634,34.8,26.4,136,109
49635,34.2,24.9,3331,2931
49636,28.7,19.2,575,532
49637,38.4,25.7,3466,2736
49638,41.8,32.0,829,696
49639,39.2,28.0,2552,1962
49640,34.9,22.8,1501,1265
49642,42.8,36.4,840,665
49643,35.8,22.5,7379,5904
49644,37.4,31.3,1891,1689
49645,38.9,31.7,1742,1377
49646,38.6,27.7,8582,6843
49648,34.9,21.2,2362,2025
49649,37.9,24.7,6919,5201
49650,35.3,20.8,3215,2477
49651,39.1,27.9,7881,6200
49653,31.9,20.4,2020,1652
49654,30.5,20.5,689,592
49655,39.5,27.7,3180,2360
49656,39.2,33.0,1535,1254
49657,37.8,26.7,3607,2680
49659,38.6,26.0,6670,5240
49660,36.7,27.5,14134,11874
49663,40.4,27.6,6199,4587
49664,33.7,22.3,2139,1766
49665,41.0,30.8,4169,3192
49667,39.0,30.3,546,453
49668,40.3,27.6,3758,2851
49670,29.9,19.6,1819,1611
49674,30.8,20.3,184,174
49675,34.0,24.6,964,830
49676,36.9,23.6,3527,2842
49677,39.1,28.8,6787,5152
49679,37.6,28.0,1458,1108
49680,39.8,27.9,1949,1544
49682,32.9,21.6,4272,3515
49683,39.1,28.6,2114,1767
49684,34.5,23.0,22025,18191
49685,35.3,21.9,20856,16202
49686,34.8,22.5,25859,21532
49688,38.8,28.1,2685,2084
49689,39.8,33.4,1540,1320
49690,33.5,20.3,6494,5247
49696,34.8,20.7,9528,7412
49701,37.0,27.9,1050,916
49705,44.0,28.4,823,671
49706,35.8,23.6,5062,3973
49707,41.4,29.0,22243,18213
49709,38.2,29.8,3407,2950
49710,33.2,26.0,368,302
49712,34.8,21.3,8113,6562
49713,36.5,23.3,2135,1674
49715,36.7,27.1,3117,2415
49716,36.7,25.9,775,650
49717,39.2,23.9,170,143
49718,36.7,28.0,691,611
49719,36.1,22.8,1305,1096
49720,35.1,22.4,9127,7652
49721,40.8,26.6,14058,11579
49722,34.2,19.7,93,71
49724,33.5,23.7,1173,918
49725,34.2,28.2,640,586
49726,34.4,28.2,973,857
49727,36.8,24.3,6887,5459
49728,33.8,28.0,293,228
49729,35.6,21.1,1527,1213
49730,38.1,24.8,2248,1788
49733,35.9,25.6,1722,1422
49735,38.0,25.4,20568,16178
49736,33.2,24.7,557,465
49738,37.6,29.0,9498,7728
49740,31.8,21.3,7511,6386
49743,42.2,30.7,725,614
49744,41.5,27.3,854,673
49745,42.2,29.6,1016,873
49746,39.9,31.3,3320,2761
49747,39.9,27.1,1701,1489
49748,35.9,27.8,198,163
49749,40.5,26.1,4087,3402
49751,38.6,26.5,2014,1694
49752,35.7,26.2,484,359
49753,41.3,29.2,1973,1602
49755,36.7,26.0,1847,1565
49756,37.4,29.8,3822,3271
49757,41.9,28.5,583,502
49759,41.1,29.1,1505,1323
49760,41.9,30.5,673,581
49762,42.1,33.1,602,534
49764,30.2,21.3,72,59
49765,42.4,29.7,3898,3171
49766,39.8,26.1,2461,1941
49768,34.0,28.7,403,383
49769,35.4,23.3,1642,1325
49770,31.8,19.9,17643,14262
49774,37.6,23.9,3011,2649
49775,42.1,32.0,100,96
49776,41.4,28.7,1779,1467
49777,38.9,24.8,1672,1491
49779,41.1,28.5,4611,3874
49780,34.2,23.8,1795,1356
49781,42.0,30.1,3901,3217
49782,34.0,21.1,525,464
49783,34.7,25.9,18690,14890
49784,49.5,37.6,2320,2320
49788,43.1,34.8,2904,2091
49791,38.4,21.9,243,203
49793,34.2,28.1,304,289
49795,40.5,29.0,2087,1678
49796,34.3,21.2,300,259
49799,43.6,28.2,2514,2030
49801,38.9,26.2,11479,9157
49802,36.7,24.6,6197,5006
49805,33.7,22.1,325,271
49806,34.9,23.5,480,433
49807,38.2,23.8,3307,2631
49808,37.2,22.7,349,315
49812,38.8,27.2,888,710
49814,38.6,24.8,1296,1035
49815,36.7,25.9,428,366
49816,35.6,25.0,775,622
49817,38.4,26.2,567,493
49818,40.2,25.8,966,780
49820,39.5,27.0,304,249
49821,39.8,28.4,1210,1004
49822,35.2,23.9,227,190
49825,36.0,23.2,347,276
49826,34.5,23.8,88,70
49827,41.1,29.8,963,724
49829,41.3,28.7,17009,13562
49831,37.3,23.6,713,564
49833,38.8,22.0,213,171
49834,37.0,23.8,449,351
49835,39.6,27.2,784,671
49836,40.7,29.7,921,806
49837,38.5,24.5,10086,8040
49838,40.2,28.1,478,414
49839,35.6,29.4,373,331
49840,41.5,31.3,747,632
49841,39.6,24.1,7193,5495
49847,38.9,27.1,986,814
49848,39.1,30.1,146,121
49849,38.4,23.7,11819,9281
49852,37.1,24.0,130,100
49853,37.6,26.8,1282,1045
49854,40.2,29.7,6211,5097
49855,37.0,21.5,32929,28025
49858,39.1,27.9,11939,9826
49861,40.5,29.5,565,504
49862,36.8,25.2,4602,3967
49863,38.5,24.5,125,97
49866,36.3,20.5,8259,6307
49868,40.8,29.5,4108,3267
49870,39.0,26.8,3343,2649
49871,38.8,21.3,476,391
49872,39.8,27.7,230,193
49873,38.6,27.7,158,111
49874,37.9,28.7,1043,870
49876,39.5,26.6,1153,896
49877,36.4,26.8,57,53
49878,39.6,26.5,3566,3002
49879,39.4,26.9,997,858
49880,39.7,25.6,971,841
49881,38.5,24.0,356,309
49883,41.0,30.2,143,121
49884,37.6,26.9,515,392
49885,37.7,21.0,1937,1525
49886,38.7,26.9,423,343
49887,38.8,27.8,2353,1933
49891,36.1,27.9,515,422
49892,37.6,24.9,1935,1579
49893,37.7,24.6,1640,1394
49894,39.7,27.3,686,551
49895,38.3,27.7,784,659
49896,40.5,27.2,1855,1349
49901,33.5,21.6,300,256
49902,38.3,27.3,126,109
49903,37.0,26.3,219,186
49905,35.6,21.1,2234,1513
49908,44.1,30.3,3046,2547
49910,36.6,27.6,297,282
49911,36.9,27.2,2626,2162
49912,37.0,28.3,844,735
49913,38.7,26.6,7218,5462
49915,40.4,28.9,789,636
49916,35.3,21.6,2855,2178
49917,36.9,23.6,212,159
49918,35.6,23.6,141,123
49919,41.4,33.5,147,121
49920,38.6,28.1,4046,3426
49921,32.6,16.9,343,259
49922,34.6,20.3,907,691
49925,36.7,27.5,485,438
49927,40.5,28.9,437,359
49929,39.0,28.7,182,167
49930,34.4,22.7,7135,5657
49931,31.3,20.0,10307,8980
49934,39.6,28.2,862,709
49935,40.0,29.0,5952,4836
49938,37.8,28.8,7340,6129
49942,36.6,27.3,93,66
49945,38.2,27.1,2650,2147
49946,38.6,26.9,3784,3032
49947,36.6,27.8,609,556
49948,37.6,28.5,494,408
49950,34.6,22.6,1056,882
49952,35.7,22.4,138,118
49953,37.6,29.8,2541,2259
49955,35.6,22.7,383,289
49958,38.1,26.1,1118,898
49959,36.9,27.7,434,359
49960,38.2,29.1,191,157
49961,33.4,26.0,104,94
49962,37.1,28.4,264,238
49963,33.9,20.3,864,652
49965,37.0,25.8,465,408
49967,36.9,27.4,434,389
49968,37.1,29.0,2069,1730
49969,35.6,26.3,1445,1203
49970,41.0,32.3,231,211
49971,37.1,27.5,339,307
50001,39.4,22.3,695,523
50002,40.7,28.6,1274,991
50003,34.8,20.9,9428,6741
50005,41.0,23.1,679,557
50006,39.4,26.4,1502,1166
50007,34.9,18.1,497,388
50008,42.3,30.9,809,599
50009,37.4,23.5,21230,15748
50010,31.4,20.3,32552,27342
50012,27.0,18.5,2249,2237
50013,28.8,21.1,4260,4246
50014,31.9,22.1,31587,27289
50020,41.3,29.4,1375,1089
50021,34.0,18.9,28807,21395
50022,41.4,29.9,8052,6282
50023,34.0,18.0,43603,31852
50025,38.0,29.2,3027,2369
50026,37.7,25.2,526,407
50027,39.4,28.9,266,208
50028,38.0,23.1,1608,1171
50029,38.2,27.7,614,450
50032,39.5,30.2,395,293
50034,37.1,24.5,390,279
50035,34.8,17.4,8968,5928
50036,43.1,25.6,16203,12611
50038,32.6,17.6,221,163
50039,35.2,22.4,352,262
50040,42.7,24.4,181,147
50041,37.9,25.9,71,63
50042,39.4,27.1,298,234
50044,41.8,27.7,854,689
50046,32.8,17.7,1586,1171
50047,38.9,22.9,6021,4352
50048,39.0,28.3,821,647
50049,40.2,30.0,6433,4933
50050,36.2,27.9,640,503
50051,43.6,25.6,278,207
50052,41.8,26.9,145,113
50054,38.0,23.1,3471,2679
50055,34.6,21.6,1026,773
50056,34.6,22.2,1388,1042
50057,41.7,23.4,208,150
50058,40.9,29.3,1897,1439
50060,40.4,29.0,2581,1937
50061,38.3,21.1,1973,1440
50062,41.8,24.9,778,569
50063,34.3,22.2,2900,2184
50064,36.5,28.6,105,86
50065,40.5,28.3,553,403
50066,36.3,24.8,238,179
50067,43.2,28.1,318,215
50068,38.0,27.6,352,257
50069,32.0,17.4,999,724
50070,36.3,23.6,1536,1139
50071,39.1,26.3,919,730
50072,36.7,21.9,2688,1958
50073,33.9,17.1,1405,1019
50074,41.9,25.9,342,312
50075,36.9,22.6,833,604
50076,37.4,28.0,1436,1105
50078,42.4,23.8,97,84
50101,37.9,28.7,68,51
50102,39.4,27.6,89,73
50103,41.6,27.7,412,323
50104,43.0,30.5,133,100
50105,33.1,17.9,1326,938
50106,41.6,23.6,1044,791
50107,37.2,29.1,933,722
50108,42.6,29.4,451,374
50109,34.5,18.5,3348,2388
50111,35.4,19.3,16025,11197
50112,39.0,24.7,11849,9658
50115,37.3,26.9,2571,1972
50116,44.4,27.0,263,194
50117,36.7,23.4,190,155
50118,40.5,22.9,931,676
50119,42.5,26.8,464,351
50120,41.0,21.4,338,260
50122,37.9,26.1,1409,1095
50123,39.7,28.6,775,622
50124,32.1,17.3,4697,3280
50125,38.4,22.3,20906,16015
50126,38.2,27.0,6576,5129
50127,40.3,25.0,66,59
50128,37.9,26.1,316,260
50129,35.3,27.9,5040,3917
50130,36.7,23.0,1611,1195
50131,34.0,19.2,24434,17760
50132,36.7,23.4,349,260
50133,44.6,26.3,478,355
50134,33.5,19.2,687,522
50135,39.3,27.1,1544,1223
50136,43.0,31.1,418,307
50137,38.9,22.7,70,50
50138,41.1,24.4,11631,8983
50139,40.5,24.1,1172,853
50140,39.1,26.9,2503,1972
50141,42.4,23.2,518,399
50142,42.0,22.9,905,674
50143,38.0,26.8,568,439
50144,41.0,29.1,2766,2087
50145,40.6,23.1,76,62
50146,36.3,24.9,505,390
50147,41.0,28.4,373,282
50148,42.3,22.8,420,307
50149,37.7,25.8,1084,754
50150,38.6,26.5,816,637
50151,38.5,26.1,679,544
50152,41.3,22.9,142,118
50153,37.0,23.5,734,558
50154,36.3,23.0,527,369
50155,38.3,25.7,213,155
50156,40.6,22.6,4662,3511
50157,41.9,26.3,699,554
50158,44.3,29.9,31466,23492
50160,38.2,22.0,421,329
50161,34.4,20.8,2017,1551
50162,41.9,21.0,1236,891
50163,41.0,25.1,758,575
50164,38.1,25.8,609,459
50166,39.4,22.8,1511,1148
50167,36.0,22.9,745,569
50168,37.7,22.9,909,684
50169,37.5,22.9,3372,2747
50170,37.0,22.4,2854,2163
50171,41.7,26.3,2703,2172
50173,41.5,29.8,678,524
50174,42.9,30.0,1440,1028
50201,34.7,23.0,8427,6484
50206,38.5,24.5,497,372
50207,37.3,25.5,2495,1881
50208,40.4,29.3,20918,16662
50210,39.8,23.2,1752,1325
50211,38.8,20.1,15158,10860
50212,43.1,25.0,3152,2412
50213,43.2,33.1,7298,5495
50214,38.4,20.1,818,620
50216,37.2,25.9,2722,2188
50217,38.0,27.4,547,422
50218,35.3,20.3,176,137
50219,36.7,20.2,14390,10956
50220,39.5,31.8,9045,6573
50222,37.3,25.1,490,369
50223,43.1,24.7,331,265
50225,42.4,25.2,3026,2260
50226,35.4,17.9,6879,4722
50227,39.9,26.4,75,50
50228,37.5,22.9,2509,1821
50229,38.7,22.5,1029,829
50230,38.7,25.2,1099,805
50231,35.6,22.4,157,134
50232,37.1,22.8,527,406
50233,34.8,22.3,1291,1054
50234,42.3,22.1,556,424
50235,37.6,29.3,408,334
50236,35.1,20.5,1634,1189
50237,37.5,23.2,3153,2410
50238,40.2,29.0,1071,812
50239,42.8,25.2,191,151
50240,38.0,22.0,2399,1855
50241,37.2,22.5,108,89
50242,40.3,23.6,411,310
50243,33.7,19.5,297,231
50244,32.7,18.9,1825,1392
50246,38.8,26.3,638,493
50247,43.4,24.9,2365,1768
50248,33.7,22.2,4439,3465
50249,37.5,27.1,1235,1005
50250,38.2,27.5,2415,1835
50251,36.1,23.0,1339,982
50252,41.3,25.3,324,267
50254,36.7,25.8,254,214
50256,41.4,27.5,488,397
50257,38.4,24.5,1039,748
50258,39.1,25.8,768,597
50261,34.2,18.9,3019,2077
50262,41.5,28.3,360,292
50263,32.3,18.5,24817,17648
50264,40.3,27.3,510,381
50265,35.6,21.5,32187,24981
50266,31.8,18.0,36486,28231
50268,42.4,30.2,917,708
50269,39.5,24.8,100,74
50271,37.6,24.0,549,445
50272,40.0,26.9,118,91
50273,37.2,23.4,8570,6467
50274,42.7,29.7,367,287
50275,40.1,25.3,476,396
50276,36.2,20.9,2454,1815
50277,37.4,25.5,505,369
50278,35.9,24.4,780,576
50309,34.1,18.0,9532,8835
50310,37.2,25.6,30754,24052
50311,36.9,23.8,14782,11997
50312,34.3,19.6,15485,12608
50313,41.2,31.1,17723,13494
50314,47.9,41.5,11764,8191
50315,40.5,30.4,36693,27782
50316,42.7,37.0,16785,12393
50317,41.0,31.5,37221,28037
50320,38.6,28.6,23369,16928
50321,37.9,24.6,7783,5932
50322,35.9,22.7,31652,24534
50323,32.4,16.8,16616,11300
50324,35.5,21.9,5252,4072
50325,33.4,19.6,18619,13541
50327,37.8,25.2,11807,8994
50401,40.4,27.7,28981,23142
50420,39.7,27.1,392,296
50421,41.1,28.4,3043,2329
50423,41.4,29.9,2806,2225
50424,39.5,27.1,1424,1129
50426,40.3,24.9,87,81
50428,39.2,25.5,9290,7544
50430,44.1,30.5,425,348
50431,39.6,28.3,208,158
50432,42.3,29.4,259,204
50433,42.3,27.5,238,171
50434,38.4,23.9,435,344
50435,41.6,30.4,732,560
50436,38.4,24.5,5816,4629
50438,42.1,28.2,4033,3096
50439,44.1,28.3,263,215
50440,40.4,26.2,373,306
50441,41.7,32.8,5529,4195
50444,38.4,22.2,353,251
50446,39.6,22.9,526,420
50447,42.7,30.9,1047,786
50448,40.7,25.0,713,573
50449,43.2,26.8,666,520
50450,38.7,25.6,2827,2191
50451,41.4,29.5,492,373
50452,40.0,29.0,741,562
50453,40.0,25.0,543,445
50454,42.4,27.7,134,95
50455,42.3,28.4,366,251
50456,41.0,26.1,1695,1291
50457,41.7,27.8,361,284
50458,38.0,23.6,2034,1555
50459,41.0,27.3,3087,2373
50460,41.3,28.0,348,244
50461,39.6,26.1,5605,4372
50464,39.4,23.0,651,505
50465,41.7,26.4,201,168
50466,40.3,29.1,1845,1315
50467,34.3,22.9,107,89
50468,40.4,26.5,1497,1187
50469,39.9,26.6,1629,1213
50470,38.6,25.2,205,169
50471,38.0,22.8,621,463
50472,39.8,25.7,2402,1838
50473,41.3,24.7,273,224
50475,39.2,27.0,1621,1253
50476,40.4,29.6,745,581
50477,40.0,27.6,257,204
50478,40.0,26.4,761,615
50479,40.5,26.7,667,515
50480,38.3,27.4,879,697
50482,41.8,26.1,768,622
50483,41.0,26.5,719,556
50484,43.2,29.3,384,299
50501,41.7,28.2,28492,22644
50510,37.7,26.6,1069,826
50511,37.8,26.5,7061,5594
50514,41.1,27.2,1337,1069
50515,39.3,23.8,253,206
50516,42.0,27.7,690,524
50517,38.8,28.7,956,776
50518,39.1,22.1,342,267
50519,42.0,27.4,614,461
50520,42.4,28.9,156,113
50521,42.1,25.8,103,73
50522,39.9,27.8,715,563
50523,41.4,26.0,622,462
50524,38.9,22.8,524,381
50525,39.8,26.9,3494,2622
50527,41.7,25.8,180,135
50528,38.7,22.4,348,268
50529,42.0,25.8,759,588
50530,40.5,27.4,1164,874
50531,41.6,25.8,224,159
50532,42.3,27.0,952,734
50533,42.9,32.8,4041,2970
50535,42.6,27.5,866,657
50536,40.8,27.8,4351,3379
50538,41.3,28.1,565,437
50539,40.1,27.1,501,402
50540,36.3,26.4,1053,776
50541,40.1,27.7,839,622
50542,40.6,26.6,899,694
50543,40.6,26.4,1359,1056
50544,40.6,27.0,478,374
50545,45.5,28.5,221,151
50546,38.0,29.3,284,237
50548,40.3,26.8,5921,4491
50551,40.1,29.4,115,75
50554,38.0,29.8,1649,1263
50556,40.4,29.6,248,190
50557,40.8,27.0,675,537
50558,43.4,29.1,624,487
50559,39.2,28.5,283,238
50560,39.3,26.5,531,408
50561,41.5,27.0,523,385
50562,40.1,25.1,474,381
50563,38.3,24.4,2471,1914
50565,39.4,25.6,410,339
50566,41.5,25.0,431,331
50567,44.2,28.5,213,154
50568,37.7,23.9,1331,951
50569,41.5,27.3,727,601
50570,40.5,27.4,236,162
50571,34.5,27.0,310,241
50574,35.4,28.7,2264,1767
50575,39.8,28.9,810,637
50576,39.2,26.3,402,305
50577,43.1,29.1,394,317
50578,42.8,25.6,523,412
50579,41.5,27.0,2895,2367
50581,37.3,28.4,833,637
50582,42.0,28.2,190,149
50583,41.2,26.7,2642,2093
50585,37.9,25.6,1118,830
50586,41.0,27.5,273,211
50588,38.6,32.9,13331,9762
50590,40.7,30.1,860,694
50591,43.6,29.5,311,231
50592,36.1,25.6,69,59
50594,42.1,27.4,259,214
50595,36.6,26.6,8887,6873
50597,37.7,24.1,1275,976
50598,38.8,23.4,940,672
50599,39.2,26.7,346,272
50601,38.8,28.9,2451,1906
50602,39.1,28.3,1538,1197
50603,39.7,27.6,553,389
50604,39.1,27.3,1701,1328
50605,40.4,30.9,133,110
50606,40.2,30.0,777,613
50607,38.9,26.5,477,354
50609,39.7,24.1,384,302
50611,42.0,30.9,340,261
50612,41.0,26.0,340,259
50613,37.0,20.1,43667,35105
50616,40.1,28.5,10009,7632
50619,39.3,28.6,2152,1675
50621,36.9,23.9,1450,1149
50622,36.8,19.8,3452,2518
50623,42.3,22.0,146,115
50624,37.4,22.1,1835,1326
50625,40.6,31.3,964,762
50626,39.3,21.4,1652,1238
50627,39.4,28.7,3367,2563
50628,39.2,30.7,1296,944
50629,37.7,24.6,2288,1619
50630,38.9,26.4,1680,1292
50631,40.0,27.5,178,141
50632,39.1,26.3,1032,814
50633,39.6,26.5,326,260
50634,39.7,22.7,795,638
50635,38.1,26.1,1375,1066
50636,39.4,28.4,1783,1404
50638,37.6,25.7,3411,2627
50641,37.0,23.8,1906,1206
50642,38.9,24.5,544,390
50643,38.7,18.7,2819,2105
50644,37.5,24.1,8795,6677
50645,40.8,27.3,1124,789
50647,37.4,20.1,1989,1540
50648,38.1,22.9,3992,2943
50650,38.8,26.6,681,523
50651,40.5,22.7,3579,2739
50652,39.0,25.5,121,95
50653,40.9,27.7,605,477
50654,39.4,25.4,468,347
50655,37.3,26.8,743,569
50657,37.7,23.0,94,66
50658,40.3,27.8,2394,1826
50659,39.8,28.0,5402,4205
50660,39.8,26.6,1294,994
50662,40.0,31.9,6693,5188
50664,36.4,25.4,97,87
50665,39.0,26.0,2893,2204
50666,40.5,26.8,893,679
50667,40.5,23.0,759,593
50668,38.4,23.3,1234,919
50669,36.6,23.1,2335,1794
50670,39.4,28.1,1959,1528
50671,39.5,28.2,206,162
50672,39.7,28.2,532,429
50673,38.8,24.2,185,137
50674,39.8,26.6,3480,2671
50675,36.9,25.5,2372,1840
50676,38.5,22.9,1815,1406
50677,37.5,22.8,12789,9934
50680,38.3,24.8,1128,860
50681,38.0,26.5,432,332
50682,39.4,25.2,1558,1119
50701,41.4,24.0,29806,23481
50702,42.3,26.5,20447,15575
50703,48.9,33.0,18913,14280
50707,45.3,29.3,7708,6036
50801,37.3,27.4,9245,7156
50830,36.8,26.1,1667,1265
50833,39.4,28.0,2338,1778
50835,40.8,26.5,82,65
50836,40.2,28.1,322,260
50837,39.1,26.7,304,233
50840,40.4,29.0,437,323
50841,39.3,27.5,2652,2079
50842,35.7,24.5,105,82
50843,40.8,27.9,537,403
50845,40.2,24.4,787,581
50846,40.2,28.6,1084,849
50847,34.6,22.3,83,71
50848,40.3,26.8,342,269
50849,39.8,28.5,2784,2156
50851,39.3,29.6,1958,1458
50853,41.2,28.7,688,512
50854,43.0,26.9,2223,1735
50857,40.8,28.1,180,146
50858,39.4,25.5,738,584
50859,38.8,26.8,491,395
50860,42.6,25.7,267,192
50861,36.9,22.7,238,186
50862,40.0,29.0,132,103
50863,41.5,25.2,207,176
50864,37.6,24.8,1872,1473
51001,38.3,24.8,2615,1934
51002,37.3,25.6,2909,2103
51003,34.1,21.6,1719,1240
51004,39.3,28.0,956,747
51005,36.7,25.0,1474,1148
51006,41.7,30.3,1038,777
51007,36.8,23.1,678,509
51008,39.7,25.5,129,100
51009,38.2,25.0,146,109
51010,42.8,27.5,421,325
51011,35.3,26.6,75,56
51012,42.4,33.0,6592,5173
51014,39.6,27.5,546,401
51015,38.1,26.9,97,75
51016,38.8,29.0,1361,1037
51018,39.4,27.8,385,289
51019,40.5,28.9,715,551
51020,41.6,27.0,637,466
51022,35.8,23.8,751,585
51023,35.7,28.8,3392,2465
51024,39.7,23.3,1981,1468
51025,40.4,28.1,2009,1575
51026,37.9,24.4,741,538
51027,35.6,24.8,1302,930
51028,38.3,24.5,2058,1556
51029,39.9,27.2,252,207
51030,36.0,22.5,1780,1311
51031,39.7,24.6,12960,9580
51033,37.8,27.7,428,358
51034,39.7,27.5,1698,1302
51035,38.5,27.2,1535,1206
51036,33.9,22.9,676,462
51037,39.6,25.8,349,253
51038,39.5,24.0,1562,1216
51039,35.7,22.8,2576,1910
51040,43.4,30.4,3537,2741
51041,31.7,20.9,7195,5492
51044,36.9,26.3,209,165
51045,40.6,25.9,79,59
51046,37.9,26.5,1497,1155
51047,35.1,26.2,588,463
51048,39.6,27.6,571,405
51049,37.1,24.6,425,344
51050,38.8,26.0,2625,1951
51051,41.7,27.8,59,52
51052,38.0,24.9,956,747
51053,42.4,28.4,1069,831
51054,35.7,21.4,5737,4147
51055,38.1,24.7,1381,1046
51056,36.9,25.2,404,333
51058,37.7,27.1,972,788
51060,41.9,28.9,546,454
51061,40.7,27.1,419,333
51062,40.2,24.5,469,384
51063,41.4,27.8,1032,799
51101,47.0,39.3,1146,1026
51103,42.1,35.4,16827,12120
51104,37.1,26.6,23080,16979
51105,44.9,39.6,10565,7303
51106,38.1,26.7,28655,21842
51108,38.3,25.3,5967,4462
51109,40.7,31.1,3109,2392
51111,41.1,39.0,97,73
51201,37.4,27.4,6408,4897
51230,37.7,23.4,451,293
51231,40.0,27.2,232,170
51232,39.8,27.7,781,589
51234,35.4,23.8,1167,847
51235,38.0,23.7,1122,745
51237,38.3,26.7,1654,1250
51238,35.4,24.5,1251,930
51239,32.6,22.0,3343,2271
51240,37.0,24.4,1816,1280
51241,38.6,24.0,1916,1319
51242,37.8,24.0,344,236
51243,37.7,25.9,742,583
51244,35.0,24.3,74,60
51245,39.0,27.9,1306,1025
51246,38.5,26.6,3834,2746
51247,34.7,25.5,5432,3727
51248,38.7,29.3,1828,1381
51249,40.6,31.1,3558,2744
51250,32.4,22.9,9427,6696
51301,35.5,27.3,12606,9775
51331,36.9,22.8,1102,1006
51333,35.2,25.4,440,349
51334,42.5,28.6,7105,5521
51338,36.1,25.3,950,731
51340,34.7,27.9,90,76
51342,41.2,25.3,1227,912
51343,33.9,25.5,263,197
51345,39.6,29.0,414,315
51346,40.0,29.9,2343,1820
51347,36.8,22.8,1489,1179
51350,39.3,29.3,384,302
51351,38.0,23.7,4844,3727
51354,38.8,28.2,974,772
51355,36.1,23.4,847,744
51357,35.6,25.1,611,462
51358,38.5,25.0,1274,1005
51360,37.7,24.5,8553,6990
51363,35.4,20.2,132,98
51364,38.9,24.1,616,480
51365,40.1,25.0,327,257
51366,34.5,25.2,377,281
51401,39.9,27.7,12248,9335
51430,40.9,27.6,788,565
51431,42.7,28.2,404,298
51433,40.6,25.1,643,476
51436,41.0,26.8,929,682
51439,40.6,28.2,881,676
51440,40.7,28.0,357,261
51441,41.0,28.6,344,265
51442,44.0,35.7,9763,6874
51443,39.1,25.6,1751,1368
51444,40.3,26.4,284,197
51445,40.6,27.1,2717,2135
51446,36.4,25.0,520,412
51447,35.1,24.8,198,168
51448,41.2,27.7,545,411
51449,39.2,27.1,2098,1671
51450,41.3,26.4,1475,1224
51451,38.4,26.5,112,94
51452,38.5,27.3,166,133
51453,41.4,27.4,631,441
51454,38.5,25.0,1291,1016
51455,38.2,25.6,2185,1676
51458,40.9,25.6,1451,1099
51459,38.4,25.3,75,58
51460,40.2,27.7,110,71
51461,40.4,27.8,1095,846
51462,35.9,27.7,1033,779
51463,39.1,25.1,515,402
51465,41.5,27.5,696,556
51466,39.8,25.9,1071,814
51467,40.8,28.1,567,430
51501,41.2,30.3,34906,26568
51503,38.1,25.9,37330,29092
51510,41.3,30.9,3791,2786
51520,39.9,28.9,185,149
51521,38.1,27.6,2202,1701
51523,41.0,26.0,358,286
51525,36.6,23.9,1151,864
51526,35.7,22.5,1629,1317
51527,37.3,25.4,475,371
51528,39.5,28.1,829,639
51529,35.6,26.9,1665,1311
51530,38.1,26.6,728,559
51531,35.3,25.9,806,654
51532,37.1,22.7,604,471
51533,40.3,25.9,816,652
51534,39.2,22.2,9342,7024
51535,38.1,25.4,1764,1422
51536,38.6,27.1,458,371
51537,38.5,27.9,6509,5021
51540,41.8,26.3,469,361
51541,40.1,25.9,360,276
51542,36.4,21.7,1018,841
51543,37.1,24.6,381,300
51544,39.2,25.7,648,506
51545,36.0,27.2,345,268
51546,35.0,24.5,2815,2096
51548,36.3,20.7,486,352
51549,36.5,23.7,498,389
51550,36.4,27.9,190,142
51551,39.9,24.5,1783,1347
51552,40.9,28.4,265,204
51553,37.0,22.9,992,713
51554,37.2,19.5,172,124
51555,35.6,26.5,5099,4016
51556,35.0,25.1,428,329
51557,36.3,26.6,779,621
51558,41.9,28.4,518,398
51559,37.0,22.8,1911,1417
51560,39.0,26.6,1998,1494
51561,39.0,21.2,907,683
51562,39.0,26.8,463,346
51563,33.7,22.6,681,471
51564,35.4,26.0,501,383
51565,38.2,26.6,464,372
51566,40.6,30.6,6772,5257
51570,38.5,25.5,1146,877
51571,37.1,20.7,635,468
51572,42.7,27.0,360,287
51573,37.3,25.3,1075,834
51575,36.2,20.7,1738,1268
51576,36.2,20.8,2058,1504
51577,38.4,27.4,1101,842
51578,40.3,26.6,116,86
51579,35.5,27.0,2437,1799
51601,43.3,31.4,5681,4482
51630,40.2,25.6,180,136
51631,40.6,26.2,297,227
51632,43.1,29.4,7024,5583
51636,42.3,27.4,356,287
51637,40.9,27.2,173,132
51638,39.2,24.5,1189,939
51639,41.2,25.0,873,679
51640,40.5,25.8,1290,1022
51645,40.3,26.7,219,180
51646,39.7,27.6,730,590
51647,40.7,26.4,173,131
51648,41.5,27.3,166,136
51649,39.9,25.0,355,265
51650,40.6,26.6,322,254
51651,41.3,26.2,147,115
51652,40.2,25.9,1629,1254
51653,39.8,25.1,1357,990
51654,41.1,25.0,421,335
52001,35.2,24.7,43572,34733
52002,33.4,21.2,17177,12979
52003,32.8,20.4,14060,11013
52030,39.4,23.4,380,270
52031,38.0,24.5,5143,3936
52032,37.8,24.4,1424,1128
52033,35.1,23.8,3478,2565
52035,40.3,29.5,915,710
52036,40.9,27.0,137,122
52037,38.5,26.2,1216,919
52038,39.4,25.7,478,353
52039,35.1,22.9,1195,903
52040,35.2,24.4,5911,4469
52041,38.9,26.4,1490,1128
52042,38.9,28.6,1828,1328
52043,40.3,30.2,2047,1619
52044,43.8,34.0,158,118
52045,33.2,21.6,2739,2079
52046,33.9,20.8,2391,1743
52047,42.3,30.2,570,443
52048,42.2,33.2,327,259
52049,40.9,30.7,1339,1074
52050,39.4,26.0,490,374
52052,41.0,31.9,2955,2454
52053,36.1,24.5,1120,828
52054,38.1,24.5,920,735
52056,33.3,23.9,245,192
52057,40.9,30.2,8064,6252
52060,41.5,28.7,8494,6631
52064,41.2,27.8,752,589
52065,35.0,23.1,802,621
52066,45.2,35.4,86,68
52068,34.6,21.2,4835,3413
52069,41.1,28.4,1512,1185
52070,41.4,29.4,1006,835
52071,39.7,25.9,120,110
52072,40.4,28.8,384,311
52073,36.2,24.2,1590,1180
52074,40.7,26.8,328,246
52075,37.9,24.4,143,113
52076,40.7,29.2,2123,1627
52077,40.7,29.8,362,296
52078,35.9,23.5,847,639
52079,38.3,24.6,753,586
52101,34.1,22.1,13186,10843
52132,36.9,23.7,1832,1412
52133,37.1,25.3,473,373
52134,41.4,29.7,252,200
52135,37.4,27.5,793,618
52136,37.1,25.2,6009,4590
52140,38.6,21.2,553,433
52141,38.0,27.4,1386,1026
52142,35.3,27.0,1797,1528
52144,37.2,24.5,1186,940
52146,41.3,27.4,867,748
52147,37.5,27.3,947,755
52151,43.7,29.2,2057,1665
52154,39.1,26.7,981,761
52155,38.4,26.7,1244,913
52156,41.3,27.3,739,549
52157,42.8,33.5,1645,1363
52158,42.3,32.2,273,224
52159,40.5,27.9,2232,1698
52160,38.9,22.4,808,657
52161,36.4,25.1,1409,1096
52162,43.8,30.8,3481,2387
52163,37.7,26.6,273,215
52164,38.4,26.0,193,154
52165,36.3,24.0,876,712
52166,36.8,28.0,127,99
52168,37.0,24.8,379,282
52169,40.1,29.5,417,337
52170,41.9,24.3,499,398
52171,38.1,27.0,926,718
52172,41.6,26.8,6097,4665
52175,38.8,29.8,3412,2719
52201,37.5,24.1,1177,922
52202,35.4,22.8,1112,846
52203,39.9,22.4,1911,1534
52205,40.9,27.0,8782,7046
52206,40.8,20.4,2635,1867
52207,38.4,26.4,343,293
52208,42.1,26.2,2951,2299
52209,42.0,25.7,1106,842
52210,38.2,24.4,746,552
52211,43.8,29.4,2592,2032
52212,40.2,26.7,274,213
52213,35.8,21.1,4408,3231
52214,35.4,23.2,3001,2342
52215,41.1,30.5,692,537
52216,42.2,28.0,1461,1156
52217,38.1,26.4,505,394
52218,35.5,22.3,1726,1296
52219,35.5,22.5,160,126
52220,42.9,22.4,252,188
52221,41.3,27.3,224,184
52222,43.6,28.1,635,459
52223,40.0,26.7,1389,1088
52224,38.9,26.6,1890,1439
52225,39.8,28.3,427,345
52227,33.4,18.2,3089,2201
52228,34.8,20.5,3402,2561
52229,41.9,23.8,730,538
52231,41.2,27.6,316,212
52232,44.4,28.1,181,136
52233,36.4,24.0,7091,5535
52235,36.2,26.6,858,689
52236,41.8,20.9,570,436
52237,39.0,25.5,1593,1139
52240,32.9,21.9,34224,28408
52241,31.2,18.0,22319,17831
52242,28.8,21.0,5657,5632
52245,30.3,17.4,21874,18132
52246,30.8,19.3,22829,18446
52247,35.1,23.5,5976,4359
52248,41.0,27.8,1674,1247
52249,41.7,26.4,912,715
52251,46.3,28.5,501,385
52253,36.1,21.9,3356,2463
52254,38.7,27.1,878,672
52255,42.5,27.4,1189,919
52257,43.7,26.0,259,187
52301,44.3,27.1,3745,2927
52302,33.8,20.2,43130,32262
52305,39.7,23.3,663,486
52306,41.4,26.5,1653,1292
52307,41.9,22.3,145,127
52308,46.6,27.5,135,112
52309,39.7,26.9,419,332
52310,38.3,24.5,6417,5054
52312,36.9,21.7,96,75
52313,41.5,23.5,391,307
52314,31.9,19.2,5937,4595
52315,38.9,21.4,1171,885
52316,44.9,27.8,1622,1200
52317,30.1,14.5,22096,15768
52318,38.8,21.2,908,725
52320,41.1,28.3,1087,833
52321,40.2,25.4,451,360
52322,32.1,19.6,2260,1774
52323,40.2,26.7,738,581
52324,34.8,19.0,2476,1817
52325,43.2,22.3,815,620
52326,38.4,24.0,565,437
52327,36.7,22.6,3333,2515
52328,33.5,18.3,2889,2214
52329,38.0,23.5,722,559
52330,39.1,25.9,848,629
52332,41.8,24.3,1995,1529
52333,30.5,16.7,7312,5460
52334,41.6,21.6,355,263
52335,41.4,28.7,605,449
52336,35.1,21.9,2310,1813
52337,41.6,25.7,828,636
52338,31.2,16.8,3457,2677
52339,43.6,35.3,4717,3400
52340,30.6,15.3,4810,3521
52341,33.5,20.4,1045,840
52342,41.0,31.7,3192,2411
52345,40.3,20.2,1572,1098
52346,40.9,23.1,1094,821
52347,45.3,27.8,1392,1074
52349,41.2,25.3,7405,5737
52351,38.9,19.7,1380,997
52352,35.6,22.2,1815,1373
52353,40.1,29.6,9416,7144
52354,43.1,25.1,355,289
52355,43.0,30.7,267,207
52356,39.3,26.6,2833,2066
52358,39.5,23.8,3839,2998
52359,41.0,27.7,270,210
52361,42.4,23.7,5018,3783
52362,40.8,26.0,920,731
52401,40.7,27.4,2320,1995
52402,34.6,22.3,42072,32970
52403,35.7,22.2,23012,18093
52404,38.2,25.8,43385,33073
52405,36.5,25.5,26382,20635
52411,32.7,17.4,7954,5995
52501,41.7,31.3,30313,22946
52530,38.5,27.3,1028,796
52531,37.7,25.4,5817,4418
52533,45.3,28.3,1157,909
52534,39.1,29.4,366,289
52535,39.8,29.0,798,629
52536,40.6,28.4,990,774
52537,37.6,28.4,7248,5158
52540,41.9,27.0,1408,1070
52542,39.2,31.2,462,316
52543,39.7,27.8,287,201
52544,44.0,32.6,7481,5838
52548,41.8,26.5,76,64
52549,45.3,33.3,646,470
52550,41.9,29.8,486,382
52551,39.9,29.7,638,505
52552,38.2,30.5,894,607
52553,39.5,27.2,1639,1237
52554,39.7,26.7,1222,945
52555,44.8,33.9,311,244
52556,45.3,28.0,11736,9594
52557,43.1,24.2,537,528
52560,37.3,24.9,408,301
52561,39.7,27.4,901,683
52563,41.4,28.3,1423,1074
52565,38.9,30.1,1940,1568
52566,42.4,28.5,164,137
52567,46.1,28.7,562,434
52568,43.6,29.4,97,68
52569,39.8,28.4,609,519
52570,38.0,28.2,961,635
52571,41.5,28.4,1499,1183
52572,42.5,29.2,1206,887
52573,40.4,32.1,158,120
52574,41.1,26.5,699,566
52576,41.5,28.9,556,408
52577,38.9,29.4,14974,11532
52580,45.8,29.1,441,326
52581,40.5,29.8,277,238
52583,42.2,28.9,312,245
52584,36.2,23.9,505,349
52585,42.1,28.3,940,722
52586,38.8,28.1,496,391
52588,40.5,28.3,141,107
52590,40.8,29.3,1503,956
52591,40.9,29.0,2993,2345
52593,43.0,29.8,110,84
52594,42.3,31.0,371,284
52595,38.6,26.0,428,306
52601,35.2,28.9,27899,21938
52619,36.8,26.7,553,434
52620,39.9,28.9,878,646
52621,38.9,24.3,681,511
52623,34.4,25.4,1989,1519
52624,32.8,22.3,354,261
52625,36.1,25.7,2498,1976
52626,39.4,29.7,1222,959
52627,37.3,28.0,12350,9768
52630,38.5,25.9,375,281
52631,32.7,25.5,75,59
52632,39.5,31.3,12006,9293
52635,45.7,28.1,634,481
52637,32.9,25.4,2651,1926
52638,33.9,26.4,546,420
52639,36.7,26.8,1847,1515
52640,38.6,27.4,1331,1002
52641,38.5,26.3,12920,10352
52644,39.2,25.8,373,278
52645,38.9,26.5,3211,2483
52646,37.1,25.3,415,293
52647,40.0,25.0,192,155
52649,38.1,25.9,883,702
52650,34.9,26.0,813,640
52651,39.8,26.7,613,457
52653,39.6,27.9,3427,2721
52654,38.3,25.6,1630,1211
52655,34.5,29.9,4438,3543
52656,34.2,23.6,2351,1865
52657,32.6,22.2,109,86
52658,33.9,22.7,957,790
52659,38.2,25.3,1499,1138
52660,34.6,25.4,214,178
52701,39.6,25.4,113,74
52720,41.3,25.9,842,658
52721,41.0,24.1,727,577
52722,37.6,20.4,40629,30235
52726,40.7,24.3,4585,3620
52727,39.7,27.3,372,302
52728,40.9,23.3,1037,775
52729,40.6,27.3,775,624
52730,37.7,25.3,5009,3943
52731,40.2,27.2,835,626
52732,40.5,29.5,25808,20002
52737,41.6,32.0,392,292
52738,39.9,30.5,3404,2596
52739,39.9,28.6,679,527
52742,37.2,23.6,7651,5804
52745,40.3,24.4,561,433
52746,40.8,23.3,933,737
52747,40.4,23.7,2178,1673
52748,37.9,18.9,9942,7189
52749,40.7,25.2,958,707
52750,38.2,26.3,593,449
52751,39.7,25.8,1066,806
52752,41.8,27.6,405,317
52753,41.0,22.9,6176,4602
52754,40.9,27.6,1318,1040
52755,32.8,21.6,1996,1535
52756,40.1,22.0,2178,1663
52757,38.1,24.3,247,185
52758,40.6,22.1,231,177
52759,40.0,26.4,132,116
52760,41.2,26.6,579,447
52761,41.6,29.5,30530,23368
52765,41.0,26.0,436,346
52766,40.6,29.4,735,600
52767,35.2,17.0,397,310
52768,40.4,23.1,1394,1107
52769,40.3,25.0,679,498
52772,40.6,26.2,5129,3909
52773,40.4,25.1,2301,1778
52774,38.6,27.6,118,97
52776,41.3,31.3,5128,3651
52777,38.9,27.3,1322,1024
52778,40.4,25.8,4088,3072
52801,51.0,36.1,1446,1325
52802,47.6,33.7,9967,7610
52803,42.3,25.2,22896,17784
52804,43.7,28.2,25836,20246
52806,41.5,25.5,28191,21466
52807,38.5,21.8,15851,12558
53001,36.8,27.5,1857,1487
53002,38.0,24.3,2436,1940
53003,43.1,27.6,181,145
53004,32.3,23.8,3469,2703
53005,31.3,18.9,21433,16307
53006,44.4,28.8,1767,1346
53007,38.2,27.6,1787,1424
53010,43.9,28.2,7497,5952
53011,37.7,28.3,2259,1840
53012,30.8,21.2,19027,14718
53013,35.5,25.8,3338,2603
53014,35.1,28.5,8073,6355
53015,38.5,27.6,2625,2023
53016,43.5,28.5,405,316
53017,35.6,20.4,5496,4343
53018,33.1,18.8,7396,5880
53019,43.5,27.3,1942,1511
53020,35.3,25.8,3474,2904
53021,33.7,25.4,4715,3679
53022,35.0,21.0,19935,15540
53023,36.7,27.5,1409,1150
53024,30.6,22.0,18291,14258
53027,37.4,24.3,23254,18018
53029,34.0,20.0,21239,16220
53031,37.2,23.5,74,61
53032,44.3,30.2,4933,3866
53033,35.6,20.3,5502,4379
53034,42.4,27.7,1733,1409
53035,42.8,26.8,2282,1773
53036,40.1,23.4,3540,2546
53037,36.4,21.7,10072,7892
53038,40.9,27.0,4372,3355
53039,43.0,30.1,4582,3799
53040,38.2,24.5,8358,6526
53042,38.8,28.6,6886,5404
53044,33.2,22.3,2404,1769
53045,30.5,20.0,23651,18304
53046,34.5,20.7,1355,1036
53047,42.1,28.6,164,139
53048,43.3,29.3,3542,2751
53049,42.4,26.5,2536,2004
53050,42.6,28.4,7071,5586
53051,33.4,22.1,38562,30202
53057,41.8,28.2,1552,1268
53058,32.8,18.2,3340,2706
53059,42.4,27.8,1774,1416
53061,34.4,26.9,5055,3961
53063,39.3,28.1,1501,1206
53065,43.3,27.4,2128,1669
53066,34.9,21.8,36595,28511
53069,34.3,20.2,732,637
53070,36.1,26.9,4893,3711
53072,32.8,19.7,26687,20960
53073,36.5,27.5,16286,13293
53074,32.7,25.0,13379,10566
53075,36.3,27.3,3219,2637
53076,35.8,19.8,3760,2898
53078,42.6,26.6,1858,1534
53079,42.8,27.2,1534,1212
53080,33.5,25.7,5457,4347
53081,37.8,32.1,43465,33348
53083,35.9,27.0,21768,16752
53085,36.6,28.2,11671,9407
53086,36.3,20.9,9209,6939
53088,33.7,25.3,279,216
53089,34.4,20.4,19657,14966
53090,37.9,24.2,21478,17026
53091,43.7,29.4,2013,1611
53092,29.0,20.8,21052,16694
53093,36.2,26.0,1937,1511
53094,42.4,29.7,18510,14029
53095,36.1,23.5,27269,21568
53097,26.5,17.5,7380,5867
53098,42.0,29.7,11562,9258
53103,34.1,20.8,3833,3016
53104,37.1,21.9,5950,4707
53105,39.9,27.8,29654,23429
53108,40.4,29.0,3317,2715
53110,36.4,25.7,18204,14603
53114,42.5,30.8,2491,1935
53115,40.2,28.8,15884,12490
53118,34.3,22.3,7085,5724
53119,35.2,20.9,5751,4513
53120,38.2,23.9,10024,7990
53121,38.2,24.1,19222,14745
53122,31.6,19.0,6578,4872
53125,30.9,18.7,3405,3126
53126,40.7,27.7,6889,5369
53127,31.8,18.8,152,118
53128,40.2,27.1,9064,6844
53129,32.2,21.5,14793,11453
53130,32.5,21.0,7743,6177
53132,32.3,20.9,36166,28737
53137,40.9,27.4,1702,1398
53139,39.8,26.0,2909,2283
53140,42.6,31.7,30571,24257
53142,38.8,25.5,33146,25334
53143,43.2,31.2,22702,16933
53144,40.8,28.8,26702,20841
53146,34.1,21.9,7677,6043
53147,38.7,25.8,17859,14394
53149,34.7,20.9,19644,15044
53150,33.9,20.9,25804,20027
53151,32.7,21.0,32535,26271
53153,33.9,19.8,2559,1999
53154,33.1,21.2,36497,28505
53156,42.8,29.5,2972,2377
53157,40.3,26.1,80,57
53158,37.7,23.3,17559,13902
53167,40.6,25.9,383,309
53168,39.0,24.4,8687,6780
53170,39.6,24.9,2362,1802
53172,35.6,24.8,20795,16486
53176,39.7,28.1,137,100
53177,43.1,30.4,8482,7009
53178,40.9,26.9,2703,2212
53179,39.8,25.2,6206,4820
53181,39.2,25.0,7696,6037
53182,41.5,29.5,9422,7587
53183,33.6,18.9,3110,2393
53184,40.2,28.3,4096,3160
53185,39.4,26.5,18761,14782
53186,35.1,23.7,32332,26168
53188,35.4,22.6,35552,28139
53189,34.7,20.9,26846,20560
53190,37.7,27.7,19459,16707
53191,38.0,24.4,3257,2597
53192,41.2,27.6,211,172
53195,39.2,27.0,120,96
53202,30.7,17.4,27897,26994
53203,34.2,22.0,2180,2062
53204,45.5,43.3,39728,27378
53205,50.1,41.6,9397,6315
53206,54.9,46.6,22816,15622
53207,35.0,21.5,34292,28105
53208,43.2,33.3,29644,21529
53209,45.7,34.7,44586,32639
53210,48.1,35.9,25588,17693
53211,30.0,17.8,36327,31135
53212,43.0,30.4,28702,22638
53213,31.6,17.2,26469,21047
53214,36.7,25.2,34297,27168
53215,43.4,40.9,59359,40806
53216,49.0,37.8,30109,21875
53217,30.3,16.6,30559,23182
53218,47.2,38.7,38488,26303
53219,37.0,26.7,34925,27292
53220,34.9,24.9,26869,21358
53221,35.9,28.4,39560,29914
53222,36.6,22.8,25422,19845
53223,40.1,30.0,28884,21940
53224,43.4,32.3,20786,14415
53225,42.5,31.9,25138,17685
53226,31.4,19.0,19921,16066
53227,34.9,23.9,23310,18887
53228,33.0,23.2,15341,12684
53233,39.0,33.5,15531,14033
53235,35.6,24.7,9175,7873
53295,40.8,43.6,114,111
53402,41.7,30.2,33621,26010
53403,47.7,38.3,26269,19549
53404,46.9,38.3,15532,11207
53405,43.1,32.1,25561,19486
53406,41.3,30.9,27078,21411
53501,37.0,22.0,144,123
53502,40.2,25.0,2615,2053
53503,38.4,26.1,1923,1496
53504,41.7,29.4,1977,1564
53505,41.6,29.8,398,312
53506,41.7,32.7,999,790
53507,38.7,26.0,2313,1720
53508,37.1,22.8,5477,4230
53510,40.6,28.6,1426,1028
53511,44.1,33.5,48659,37131
53515,34.8,23.1,2496,2004
53516,40.6,27.1,2200,1711
53517,34.9,21.6,1892,1463
53518,40.2,33.6,1411,1085
53520,42.0,29.6,6684,5203
53521,36.7,21.7,3857,2938
53522,42.9,30.5,1025,840
53523,38.4,25.3,5277,4222
53525,42.4,31.0,4028,3028
53526,40.6,30.6,571,443
53527,33.2,19.5,10994,8118
53528,33.7,20.1,6245,4795
53529,33.7,20.8,2263,1702
53530,42.6,30.9,4683,3467
53531,35.7,22.4,4558,3477
53532,34.3,21.0,15962,11929
53533,38.6,28.9,7306,5710
53534,38.9,25.4,12752,9889
53536,40.2,25.5,9051,6846
53537,41.8,29.4,707,541
53538,41.8,29.0,18643,14668
53540,36.8,31.7,125,94
53541,42.0,31.4,894,697
53543,41.8,33.0,1639,1237
53544,38.6,27.1,838,651
53545,41.8,29.5,23318,18450
53546,41.2,28.6,31190,24270
53548,41.8,29.4,19233,14790
53549,41.7,29.0,10199,8040
53550,42.5,29.2,1213,929
53551,39.8,24.3,8920,6815
53553,40.2,29.9,561,439
53554,42.6,34.1,1093,777
53555,31.5,21.6,8529,6814
53556,38.8,31.2,2680,2134
53557,42.4,26.9,395,332
53558,33.3,19.6,12666,9535
53559,36.8,24.3,6104,4687
53560,35.4,23.6,3714,2945
53561,40.4,29.9,2016,1589
53562,31.2,18.6,29092,22523
53563,40.3,26.3,11503,8792
53565,38.7,27.9,4899,3753
53566,40.3,27.4,14970,11793
53569,42.8,33.2,1147,857
53570,39.4,24.5,2643,2085
53571,36.0,22.5,336,246
53572,33.4,20.2,10549,7899
53573,41.7,33.0,3018,2359
53574,39.2,24.1,4113,3119
53575,34.5,20.5,17320,13191
53576,42.1,29.3,2284,1736
53577,42.1,34.1,1385,1064
53578,38.5,26.8,6556,5009
53579,42.8,27.0,1799,1386
53580,40.1,29.9,507,386
53581,37.6,31.9,10024,7751
53582,38.0,26.7,1068,879
53583,37.7,26.1,5787,4613
53585,42.4,30.5,2130,1638
53586,43.4,32.0,2101,1582
53587,42.7,30.7,1169,889
53588,39.1,29.2,4139,3379
53589,34.3,22.3,19888,15779
53590,33.1,20.1,43684,32471
53593,30.4,16.3,28232,21289
53594,41.9,28.8,5324,4143
53597,32.8,19.5,20729,15251
53598,34.5,21.6,4033,2904
53599,42.5,33.3,71,62
53703,32.3,23.4,38512,35905
53704,35.7,22.8,47066,38486
53705,30.4,19.1,24695,20529
53706,33.3,36.1,4337,4300
53711,32.3,19.8,51448,40847
53713,37.3,26.0,23291,17965
53714,35.7,22.8,16289,13230
53715,32.4,27.7,16517,15145
53716,34.4,22.1,19105,15482
53717,29.9,19.1,12798,10505
53718,31.6,19.8,17034,13954
53719,31.0,18.9,32151,25746
53726,29.3,18.4,5286,4585
53801,44.3,35.3,842,676
53803,43.8,32.2,1258,955
53804,43.3,34.1,1353,993
53805,44.2,34.5,5395,4189
53806,43.0,33.9,1577,1275
53807,40.7,29.9,4565,3493
53808,39.7,28.8,1041,852
53809,42.5,33.6,4409,3211
53810,42.9,34.0,424,335
53811,40.9,31.8,3213,2520
53812,41.1,30.3,406,322
53813,41.0,31.2,6267,4689
53816,44.1,34.2,815,592
53817,43.9,35.0,201,154
53818,38.3,28.6,15786,13154
53820,41.2,30.6,2421,1946
53821,41.5,32.3,7838,6413
53825,43.0,33.4,495,356
53826,40.8,30.5,1268,956
53827,44.5,35.7,291,206
53901,35.1,28.9,14924,12059
53910,42.1,37.1,3264,2630
53911,31.9,22.6,1383,1062
53913,40.4,29.4,21046,16593
53916,41.8,27.7,23057,18074
53919,43.4,27.9,2334,1780
53920,42.3,31.5,413,356
53922,42.3,27.8,961,814
53923,35.5,29.5,2160,1540
53924,37.7,31.2,1333,1030
53925,34.2,25.0,8523,6635
53926,39.3,30.7,1785,1129
53928,34.2,26.6,143,101
53929,42.0,33.2,2545,2003
53930,42.5,30.5,1235,966
53931,44.4,28.2,346,265
53932,34.8,26.5,2716,2047
53933,45.4,28.5,4278,3686
53934,41.6,36.7,4214,3591
53935,35.6,28.9,320,217
53936,41.4,34.6,1547,1313
53937,41.1,32.5,1172,803
53939,41.3,33.6,248,209
53941,40.6,30.8,3044,2314
53942,40.4,33.0,121,87
53943,42.7,33.2,1067,779
53944,41.3,30.1,2370,1885
53946,40.6,32.6,4239,3345
53947,41.4,35.4,169,145
53948,42.9,33.4,8151,6480
53949,43.7,33.2,6084,4995
53950,43.2,31.8,5608,4671
53951,40.6,28.8,2291,1787
53952,43.7,32.1,4276,3682
53953,42.0,30.6,207,177
53954,34.5,27.2,6907,5382
53955,34.0,25.4,5951,4730
53956,39.3,28.9,3416,2612
53959,41.0,31.3,14298,10999
53960,34.2,26.8,3370,2671
53961,40.8,28.9,793,606
53963,45.9,30.7,14078,11520
53964,43.5,32.5,3514,2748
53965,38.8,29.9,11361,9176
53968,41.5,32.4,2326,1768
53969,30.9,32.2,397,338
54001,34.4,25.8,8256,6637
54002,36.6,25.1,6741,5043
54003,34.6,25.7,1050,828
54004,38.4,29.2,2249,1665
54005,37.2,27.8,3176,2390
54006,36.3,28.0,824,663
54007,37.3,26.0,1276,1006
54009,35.7,25.4,2746,2061
54011,34.7,26.2,6881,5290
54013,38.1,27.9,3482,2594
54014,34.7,26.1,2368,1894
54015,37.1,24.2,3936,2846
54016,35.5,22.9,33198,25319
54017,37.2,25.3,19816,14564
54020,35.3,24.7,7463,5817
54021,33.5,23.3,6934,5253
54022,33.0,23.0,23612,18944
54023,37.3,24.3,4456,3244
54024,36.0,28.4,4916,3958
54025,37.0,23.9,7336,5520
54026,35.9,24.3,2050,1602
54027,38.5,28.0,1160,888
54028,37.3,27.2,2632,1959
54082,36.5,23.1,1787,1400
54101,42.4,26.5,2773,2204
54102,38.9,32.9,809,752
54103,42.5,34.7,481,405
54104,38.1,34.1,1159,1025
54106,37.5,26.2,4674,3579
54107,39.2,27.6,3691,2735
54110,36.0,30.0,5542,4206
54111,39.1,29.0,2164,1777
54112,39.1,30.0,2227,1711
54113,36.1,23.4,3631,2730
54114,39.0,32.8,5913,4916
54115,39.0,23.5,48710,37110
54119,38.8,32.2,613,501
54120,39.3,32.3,204,183
54121,37.6,28.8,3149,2652
54123,35.9,29.1,248,195
54124,44.4,33.0,3619,2923
54125,38.1,33.0,499,440
54126,40.4,24.6,4120,3116
54127,40.6,26.5,110,87
54128,41.8,31.5,1718,1414
54129,35.2,27.9,3525,2721
54130,37.2,25.3,27473,20831
54135,44.8,35.9,3016,2069
54136,36.8,26.8,6703,5199
54137,40.0,27.0,1098,852
54138,42.3,32.2,831,745
54139,42.8,29.1,3244,2486
54140,37.6,27.2,8396,6500
54141,41.8,26.0,2731,2109
54143,37.6,29.0,15265,12173
54149,43.3,33.0,1201,1094
54150,46.3,35.4,1116,744
54151,38.7,31.1,3515,2840
54152,38.5,28.1,249,186
54153,43.9,31.6,7323,5813
54154,43.8,31.0,5432,4184
54155,38.6,23.5,7853,6010
54156,39.6,32.0,1544,1276
54157,36.8,28.9,5846,4620
54159,37.5,28.8,1460,1202
54160,34.8,27.7,244,186
54161,40.7,31.7,2789,2238
54162,41.0,26.4,9570,7114
54165,38.2,27.5,7877,6068
54166,40.7,30.7,16892,13391
54169,32.9,22.4,3325,2456
54170,38.3,27.3,3863,2995
54171,41.0,24.5,4109,3070
54173,39.2,22.1,4086,3138
54174,43.7,32.5,3021,2457
54175,42.2,32.7,1113,1012
54177,38.0,30.9,2903,2464
54180,39.2,22.2,3268,2316
54201,42.8,31.1,5281,4235
54202,35.2,25.2,1588,1381
54204,38.6,28.1,1851,1488
54205,40.9,26.4,2116,1651
54207,39.3,29.2,174,152
54208,41.2,26.5,6363,4836
54209,35.4,26.2,1480,1319
54210,34.4,23.9,1050,946
54211,35.2,25.9,332,309
54212,36.3,26.3,1189,1075
54213,38.0,26.3,1367,1056
54214,38.6,28.6,442,343
54215,40.1,30.7,200,173
54216,40.9,27.6,6164,4885
54217,40.9,26.6,7713,5930
54220,39.4,31.4,40737,32443
54227,38.9,28.5,1555,1240
54228,38.5,28.1,2739,2142
54229,40.8,25.4,4405,3452
54230,39.9,28.9,4623,3531
54232,39.7,28.9,714,558
54234,34.5,25.7,2072,1814
54235,37.5,27.5,17829,14790
54241,39.7,30.4,14258,11501
54245,40.1,29.2,2184,1717
54246,33.5,24.4,777,682
54247,39.3,28.6,2154,1726
54301,41.6,27.2,22875,17653
54302,45.1,35.8,31327,22998
54303,45.1,32.9,27478,21042
54304,43.0,30.5,27679,21812
54307,47.8,30.6,1062,1061
54311,39.7,25.7,37532,29695
54313,39.3,23.2,39911,30368
54401,35.9,28.5,31727,24822
54403,37.2,28.8,24712,19363
54405,39.7,36.9,2947,2147
54406,37.6,25.7,3647,2772
54407,36.6,25.7,1559,1241
54408,37.7,27.5,1046,826
54409,37.6,33.4,12827,10072
54410,40.9,27.7,2321,1723
54411,39.1,31.7,5025,3771
54412,40.3,28.5,2046,1581
54413,41.3,29.6,213,182
54414,39.9,29.6,3240,2556
54416,42.8,31.6,1655,1236
54418,36.7,30.8,1015,789
54420,40.0,35.0,1299,928
54421,38.7,35.7,3651,2644
54422,40.1,34.3,1344,838
54423,36.6,24.9,2349,1814
54424,37.2,31.4,1574,1333
54425,38.9,34.1,1941,1399
54426,37.1,27.6,4352,3190
54427,38.9,30.4,1128,906
54428,36.2,32.7,1016,874
54430,36.4,30.8,157,119
54433,45.6,34.6,1819,1347
54435,40.3,28.7,2125,1770
54436,39.3,36.0,2202,1508
54437,37.4,32.6,3265,2250
54440,37.6,28.3,2992,2396
54441,40.5,25.2,816,632
54442,42.8,29.9,1104,827
54443,37.8,27.2,2279,1745
54446,37.4,32.2,2990,2069
54447,46.3,34.7,569,404
54448,36.8,27.3,4280,3280
54449,38.5,26.6,26417,20940
54450,42.0,34.1,357,286
54451,44.1,30.9,11514,8829
54452,42.4,30.3,18851,15083
54454,40.3,27.8,1234,960
54455,36.2,25.5,18897,14646
54456,37.5,32.7,5904,4601
54457,39.8,29.6,8478,7020
54458,35.9,24.0,94,67
54459,42.3,31.2,1199,986
54460,38.5,34.1,2532,1871
54462,35.6,32.3,339,305
54463,34.9,28.6,714,647
54465,38.7,34.6,617,571
54466,40.9,29.7,2710,2157
54467,35.2,24.1,14850,11559
54469,42.3,33.6,1734,1313
54470,44.1,32.2,2022,1544
54471,37.0,26.6,1856,1449
54473,36.5,25.9,2582,2053
54474,35.6,26.7,4134,3288
54475,43.2,31.3,1498,1156
54476,35.7,27.5,19668,15110
54479,37.3,30.1,3838,2855
54480,45.5,34.1,1275,939
54481,35.3,25.2,28100,23485
54482,35.3,24.2,9108,7180
54484,37.1,27.1,4968,3777
54485,36.9,33.9,412,338
54486,40.8,31.8,2157,1714
54487,40.7,29.8,9750,8136
54488,37.3,30.3,1192,813
54489,40.1,27.2,1491,1147
54490,45.4,32.7,891,715
54491,37.4,34.0,1591,1350
54493,37.8,33.5,660,515
54494,39.3,27.8,27420,22003
54495,44.6,34.1,7638,5850
54498,39.6,33.3,2440,1638
54499,40.3,31.7,3005,2335
54501,36.0,27.5,20591,16733
54511,40.4,30.0,1335,1070
54512,36.6,27.6,1007,911
54513,42.0,30.3,441,368
54514,40.3,30.6,1673,1400
54515,44.2,33.9,479,387
54517,39.0,32.6,166,156
54519,37.6,28.4,1285,1083
54520,43.3,33.4,4063,3079
54521,37.4,28.5,8317,7025
54524,40.9,29.0,596,514
54525,36.7,30.4,276,214
54526,40.7,30.7,840,670
54527,40.8,31.7,957,789
54529,35.7,28.1,1220,1058
54530,41.1,30.8,717,580
54531,35.3,27.2,1479,1240
54534,35.1,31.3,2481,2071
54536,34.1,28.7,184,150
54537,42.7,32.0,576,433
54538,43.3,33.2,3133,2265
54539,35.3,27.1,1525,1334
54540,36.9,28.5,1048,943
54541,42.1,33.6,1325,1082
54542,38.5,32.4,539,477
54545,36.7,27.8,852,765
54546,40.8,32.2,1213,976
54547,34.2,30.2,1639,1462
54548,34.2,26.2,5406,4572
54550,36.2,30.4,674,569
54552,42.8,33.5,4381,3674
54554,38.0,29.0,1042,916
54555,42.1,30.6,4887,4049
54556,43.5,32.5,1200,938
54557,35.9,28.0,1210,1103
54558,37.0,29.5,2215,1934
54559,39.7,30.3,759,577
54560,36.8,26.4,648,570
54561,35.3,27.3,101,98
54562,34.0,25.4,2093,1796
54563,41.7,31.1,689,533
54564,38.5,28.0,505,434
54566,43.2,34.8,1429,1153
54568,36.1,27.1,5175,4357
54601,37.9,26.6,51090,43185
54603,42.0,31.4,14203,11461
54610,39.8,30.6,1521,1244
54611,39.5,29.8,1162,843
54612,44.4,35.1,5816,4036
54613,40.8,35.1,1768,1520
54614,39.6,26.1,2850,2184
54615,41.3,32.2,11032,8802
54616,40.3,27.7,2729,1949
54618,43.0,32.6,2247,1695
54619,41.6,29.5,4024,2705
54621,38.4,27.2,1137,842
54622,39.6,29.1,2133,1770
54623,38.2,27.3,1848,1435
54624,39.5,28.8,1433,1183
54625,40.4,26.3,247,197
54626,41.2,31.5,1273,1010
54627,40.2,26.4,1910,1494
54628,39.9,30.4,1035,886
54629,39.0,27.7,2574,2080
54630,40.1,25.3,4090,3205
54631,41.3,31.6,1753,1335
54632,38.3,28.1,1198,940
54634,40.4,34.3,4198,2930
54635,39.0,29.9,1792,1424
54636,37.7,23.4,16338,11996
54637,40.5,32.0,152,122
54638,44.9,35.4,1627,1226
54639,41.5,34.8,2468,1759
54642,39.5,29.5,2256,1630
54644,39.3,25.8,1471,1093
54645,39.2,29.3,120,94
54646,41.6,32.0,4115,3257
54648,46.0,35.8,1702,1233
54650,36.5,23.4,24523,18964
54651,42.7,34.9,1393,1001
54652,40.6,31.7,959,694
54653,40.5,26.3,1199,851
54654,39.6,27.3,169,122
54655,41.6,32.5,1828,1390
54656,44.3,31.7,18411,13846
54657,42.1,32.8,425,310
54658,38.7,27.1,2490,1966
54659,39.5,29.2,1428,1005
54660,44.7,32.3,16073,12330
54661,40.6,25.8,3852,2993
54664,38.9,31.0,1634,1236
54665,37.7,27.6,8925,6804
54666,43.1,30.8,2587,2042
54667,38.0,27.9,4870,3524
54669,37.8,23.3,8094,6076
54670,45.2,34.9,1897,1241
54701,28.9,23.1,41346,33376
54703,31.7,25.6,44593,35468
54720,30.8,25.1,8580,6699
54721,37.3,27.1,1274,1029
54722,33.3,31.3,4312,3039
54723,34.8,26.1,1177,945
54724,41.8,28.7,7525,5812
54725,42.2,29.3,2964,2256
54726,43.0,31.5,1807,1303
54727,42.9,30.5,5228,3994
54728,38.3,29.1,6166,4974
54729,41.2,27.2,33980,26607
54730,40.5,27.0,5078,3967
54731,40.8,31.2,781,568
54732,42.9,31.4,2820,2158
54733,39.5,31.6,1226,985
54734,41.4,28.4,804,624
54736,37.4,27.6,4087,3103
54737,40.7,28.0,455,372
54738,34.5,24.9,3611,2744
54739,40.3,25.6,5287,3840
54740,36.0,27.6,2000,1576
54741,36.2,30.4,1799,1260
54742,31.2,24.1,4848,3623
54745,43.1,33.0,2198,1835
54746,38.1,30.8,670,502
54747,42.7,30.6,2634,1980
54748,40.0,25.0,1169,944
54749,41.5,29.4,1208,965
54750,34.8,27.2,1036,869
54751,38.2,26.7,26738,21907
54754,39.8,31.0,1750,1409
54755,38.9,29.2,7342,5619
54756,39.2,30.5,886,720
54757,41.8,29.9,3523,2683
54758,38.9,27.5,4759,3657
54759,36.9,28.6,1442,1196
54760,39.4,37.3,239,196
54761,34.0,28.1,1203,941
54762,39.5,31.1,1422,1066
54763,41.4,29.2,1100,848
54766,42.8,31.9,1628,1172
54767,34.7,26.1,3295,2546
54768,44.4,31.6,6290,4919
54769,36.5,28.5,571,479
54770,39.3,27.3,2098,1582
54771,38.4,35.2,4421,3013
54772,42.0,28.2,1090,843
54773,42.9,32.1,3312,2606
54801,36.1,31.4,6661,5379
54805,37.9,29.2,1444,1134
54806,41.3,30.9,11492,9199
54810,36.5,28.5,2461,2026
54812,38.8,29.9,5845,4519
54813,38.5,30.3,598,482
54814,43.9,31.2,2985,2360
54817,35.9,30.6,2455,2140
54819,41.2,30.5,2430,1949
54820,40.1,26.4,864,691
54821,38.3,26.8,1413,1255
54822,38.3,27.9,4665,3552
54824,36.0,27.8,2271,1767
54826,38.4,30.1,724,616
54827,40.7,30.5,280,260
54828,39.1,37.1,609,503
54829,39.0,30.9,5326,4233
54830,39.1,32.5,3207,2855
54832,38.6,27.6,491,396
54835,34.5,32.2,951,794
54836,41.4,27.9,1105,891
54837,36.8,29.0,3864,3083
54838,41.6,29.3,1481,1315
54839,38.9,27.2,281,242
54840,38.7,30.5,4702,3708
54841,36.9,26.4,265,212
54842,42.1,25.8,141,113
54843,34.2,30.8,12664,10123
54844,38.2,26.7,337,312
54845,40.8,31.3,132,104
54846,40.3,29.5,538,401
54847,38.5,26.6,2483,2057
54848,41.7,32.6,5784,4620
54849,41.1,27.2,1967,1569
54850,42.7,34.1,428,370
54853,36.4,28.9,3967,3153
54854,41.3,26.4,982,750
54855,41.3,28.9,944,556
54856,39.3,27.2,1545,1237
54858,38.2,30.7,1493,1201
54859,37.0,32.3,1938,1667
54861,49.6,39.0,309,195
54862,35.3,32.6,325,267
54864,41.6,25.6,1467,1105
54865,38.5,26.3,495,435
54867,34.7,32.5,531,388
54868,37.9,29.3,15785,12585
54870,34.7,29.0,1612,1347
54871,35.6,30.4,3300,2590
54872,40.2,33.0,2665,2174
54873,40.5,28.2,3009,2549
54874,40.8,26.2,3568,2756
54875,36.8,32.7,1097,921
54876,34.7,31.5,1739,1453
54880,41.0,27.3,30400,24507
54888,35.4,29.1,1460,1254
54889,37.9,29.6,2800,2221
54891,38.2,25.3,3351,2748
54893,39.4,31.5,4092,3374
54895,40.5,30.1,988,832
54896,34.7,33.3,1683,1502
54901,41.4,30.4,37594,31160
54902,41.1,30.1,22309,17861
54904,38.1,24.8,21828,17268
54909,38.6,28.0,2050,1613
54911,36.7,27.1,26964,21451
54913,34.1,21.6,23818,18356
54914,37.0,26.8,31082,24216
54915,35.6,25.2,43190,32595
54921,38.6,28.3,1273,1002
54922,39.1,29.0,1408,1099
54923,40.9,32.9,8634,6700
54927,40.5,24.7,502,394
54928,38.6,27.3,425,320
54929,39.4,30.6,8724,6986
54930,41.0,33.3,1842,1427
54931,36.0,22.8,213,161
54932,43.5,27.9,1152,879
54933,38.8,31.6,135,108
54935,44.5,30.4,42513,33214
54937,43.5,27.8,21333,17052
54940,37.8,25.8,4219,3495
54941,37.8,27.9,2543,2199
54942,36.1,21.2,10403,7391
54943,40.8,34.2,1881,1558
54944,37.6,25.2,9380,6977
54945,38.3,29.2,3503,2858
54946,27.9,32.3,302,300
54947,39.8,24.9,2667,2124
54948,39.9,28.8,263,229
54949,38.5,28.6,3554,2721
54950,38.8,29.6,3086,2358
54952,40.3,29.1,27216,21070
54956,39.9,25.9,46316,35377
54960,40.9,31.9,2729,2349
54961,38.6,29.4,14122,11084
54962,38.7,29.7,1167,933
54963,40.4,26.7,7454,5711
54964,41.1,27.9,1068,838
54965,38.9,29.0,1457,1198
54966,41.0,33.3,1973,1485
54967,37.6,28.6,404,309
54968,41.1,33.1,2963,2447
54970,41.2,30.9,3901,3346
54971,43.0,29.7,10938,8775
54974,43.3,27.4,1620,1253
54977,38.0,28.5,1360,1115
54979,43.1,27.4,1453,1194
54980,38.9,29.5,166,116
54981,36.9,27.4,14998,12103
54982,39.7,32.2,6987,5675
54983,38.2,28.2,4515,3582
54984,39.4,32.7,3066,2612
54985,45.5,27.9,590,568
54986,39.1,25.6,5138,4110
55001,31.9,17.5,2995,2385
55003,37.0,22.3,4024,3384
55005,36.2,22.6,4927,3670
55006,36.2,26.9,3883,2938
55007,40.2,28.9,2272,1809
55008,32.8,25.7,16514,12515
55009,35.5,24.4,8252,6449
55011,35.6,22.8,10517,8194
55012,35.9,21.4,1948,1536
55013,36.2,23.2,6985,5425
55014,35.9,22.4,28603,22191
55016,33.2,19.4,38427,27910
55017,32.7,22.1,752,554
55018,34.8,21.9,968,748
55019,37.2,21.8,2168,1519
55020,32.8,20.6,4053,2866
55021,41.4,30.9,30636,23568
55024,34.7,21.0,35948,25493
55025,34.6,21.3,25784,19692
55026,36.4,26.1,399,330
55027,35.3,22.9,3089,2190
55029,37.8,30.0,119,82
55030,38.1,25.4,1323,1069
55031,35.3,22.8,1997,1533
55032,37.3,23.4,3619,2866
55033,35.3,23.3,29701,23117
55037,41.3,30.5,5057,3821
55038,33.1,17.8,23735,17480
55040,32.9,23.9,13941,10423
55041,36.3,23.7,7800,6180
55042,32.2,17.3,12044,8973
55043,34.2,19.4,3459,2825
55044,33.4,19.5,60446,42986
55045,36.5,22.2,7804,6025
55046,36.7,21.4,6093,4272
55047,32.6,18.3,2491,2103
55049,38.6,24.9,2619,1874
55051,37.8,28.6,9858,7707
55052,37.5,24.1,1995,1527
55053,36.2,23.2,1079,840
55054,32.7,19.9,2489,1663
55055,37.6,25.5,3797,2859
55056,36.4,23.6,14245,10731
55057,32.5,21.3,25519,20779
55060,37.6,24.1,29693,22333
55063,38.8,26.4,9236,7292
55065,35.8,22.7,1217,879
55066,37.1,28.2,18732,14796
55068,33.9,20.4,31593,22702
55069,39.5,25.9,5630,4605
55070,37.4,24.9,8342,6019
55071,35.1,21.7,5827,4412
55072,42.8,31.1,4346,3675
55073,34.1,19.9,3532,2764
55074,36.7,21.6,2415,1776
55075,37.1,25.7,20749,15891
55076,35.0,23.4,21624,17221
55077,33.4,20.9,14258,10848
55079,37.0,23.7,8875,6874
55080,34.8,24.9,2768,2134
55082,32.6,18.5,36441,28529
55084,36.4,23.2,1777,1379
55085,35.3,22.4,412,321
55087,37.5,24.6,326,241
55088,35.8,23.1,1889,1482
55089,36.8,24.3,1849,1378
55090,32.3,16.6,450,350
55092,35.5,21.3,10801,8403
55101,33.2,17.3,7788,7304
55102,32.7,17.0,20355,17856
55103,38.8,32.9,13874,9812
55104,33.2,18.7,45612,36187
55105,28.4,13.4,28812,24109
55106,32.8,27.8,60327,41589
55107,36.9,24.0,15383,11256
55108,28.4,14.5,14767,12337
55109,31.9,21.8,35381,27210
55110,30.9,17.2,39205,31062
55111,39.3,28.9,92,76
55112,31.1,18.1,46728,36182
55113,29.5,17.3,41699,33918
55114,32.1,17.8,5012,4236
55115,31.8,17.4,8880,6739
55116,31.1,16.7,25992,21226
55117,33.0,24.5,44525,32568
55118,35.2,24.6,29106,22932
55119,32.9,23.1,43010,31966
55120,33.8,20.8,4752,3819
55121,35.3,23.9,9468,7399
55122,34.5,22.4,32204,25404
55123,32.1,18.1,27153,20698
55124,34.9,23.3,56353,42803
55125,32.1,18.0,43846,33339
55126,28.8,15.4,27390,21512
55127,30.0,17.3,18071,14410
55128,34.3,22.9,29217,22872
55129,30.1,15.6,31236,21558
55130,35.0,31.6,18581,12358
55150,30.5,17.1,173,137
55301,34.1,16.9,12791,8502
55302,36.1,23.1,7274,5568
55303,36.2,23.5,51480,39177
55304,34.9,21.4,49128,36689
55305,24.2,16.2,21533,17888
55306,35.6,24.3,16984,13047
55307,38.6,27.6,3126,2375
55308,38.3,21.6,9691,6742
55309,38.5,21.7,20387,14650
55310,37.7,25.5,1449,1131
55311,25.0,15.4,37390,27285
55312,42.8,26.9,1527,1162
55313,36.0,21.7,24406,18030
55314,38.8,29.8,1192,938
55315,31.9,17.8,6353,4415
55316,27.8,18.9,23919,18411
55317,31.0,17.4,21774,16313
55318,33.0,20.1,29729,21702
55319,38.6,22.5,5415,4139
55320,35.9,20.9,5072,3873
55321,36.8,24.6,5597,3810
55322,33.4,19.7,3637,2697
55324,37.4,26.2,1228,984
55325,36.6,25.2,4792,3501
55327,26.3,17.6,4935,3775
55328,34.3,19.1,9729,6974
55329,36.1,23.7,2035,1535
55330,37.4,21.5,43626,32042
55331,26.1,15.6,19568,14890
55332,39.9,30.4,1838,1421
55333,39.9,29.4,776,612
55334,39.0,30.0,2885,2228
55335,39.5,27.7,1625,1208
55336,42.5,28.0,8145,6260
55337,36.7,25.8,47333,36678
55338,38.4,25.0,1128,876
55339,36.0,23.5,1004,756
55340,24.2,15.8,8988,6347
55341,33.0,16.5,3484,2332
55342,39.3,28.8,1788,1396
55343,27.4,18.8,26307,21439
55344,23.9,18.2,15837,12466
55345,24.8,15.9,22051,16993
55346,25.4,16.0,17139,13053
55347,23.8,15.1,31222,23652
55349,36.4,23.1,3945,3066
55350,41.4,24.5,18669,14576
55352,34.4,25.0,10020,7239
55353,35.8,22.5,3247,2449
55354,43.0,25.1,2868,2095
55355,37.4,26.7,9592,7439
55356,25.0,15.4,5790,4346
55357,25.9,16.5,3370,2505
55358,36.5,21.9,5361,4086
55359,26.2,16.6,6375,4822
55360,34.3,20.4,3387,2345
55362,36.8,22.8,20476,14917
55363,38.0,22.7,5290,3697
55364,27.2,17.6,15210,11827
55366,39.1,24.8,373,292
55367,34.3,21.1,992,715
55368,34.3,24.2,2305,1749
55369,26.0,17.1,38379,29998
55370,43.2,25.4,762,590
55371,37.2,25.2,17132,12987
55372,31.4,20.5,34327,25620
55373,33.0,18.5,5728,4307
55374,26.0,15.5,15851,11322
55375,24.9,14.0,4778,3382
55376,34.3,17.7,17989,12461
55378,31.3,20.9,31906,23255
55379,32.7,24.8,48254,34852
55381,42.4,26.0,2020,1594
55382,36.8,22.5,3787,2907
55384,25.9,23.0,1734,1596
55385,42.5,27.0,1169,944
55386,31.1,16.0,9396,6546
55387,32.2,18.7,14552,10413
55388,35.1,21.9,5984,4434
55389,36.5,25.0,2615,1965
55390,38.3,23.3,3186,2327
55391,24.5,15.5,15782,12430
55395,41.8,25.7,2849,2235
55396,39.3,28.7,2093,1666
55397,35.0,22.9,2871,2182
55398,39.7,23.2,17022,12319
55401,23.5,12.7,12029,11534
55402,27.5,17.6,682,649
55403,27.5,17.6,17707,16394
55404,35.3,29.2,29322,23966
55405,28.5,19.0,15497,13008
55406,28.5,18.5,34588,27928
55407,30.9,22.5,38506,29121
55408,27.6,18.1,33718,28755
55409,26.9,16.4,11843,9527
55410,24.4,13.4,21352,16066
55411,37.4,32.7,31214,20497
55412,32.2,24.9,23800,17214
55413,26.3,16.1,13914,12346
55414,24.8,21.7,36600,34014
55415,27.4,16.4,5435,5006
55416,23.7,13.6,34129,28985
55417,26.4,16.3,26259,20710
55418,27.3,17.9,31887,25823
55419,25.7,14.4,27919,21139
55420,29.6,25.3,23128,18222
55421,38.0,27.7,30580,23665
55422,27.6,19.3,29290,23644
55423,27.1,20.2,37137,29761
55424,23.7,12.6,10175,7111
55425,29.6,23.3,10281,8116
55426,25.8,16.6,26716,21893
55427,27.2,18.8,24353,19594
55428,30.8,25.2,31896,24277
55429,31.5,26.9,28755,20933
55430,31.0,25.6,24058,17426
55431,25.6,19.0,19767,16189
55432,37.6,27.4,33022,25496
55433,37.4,27.2,34618,26741
55434,37.2,27.2,31776,24155
55435,23.7,19.4,14170,11930
55436,23.5,15.2,14395,11169
55437,25.3,17.6,19686,16058
55438,24.7,17.2,17079,13886
55439,22.5,14.6,9309,7032
55441,25.9,16.9,18415,14927
55442,24.6,15.1,12866,10580
55443,28.7,23.4,36771,26732
55444,26.9,21.4,17214,12507
55445,27.3,22.3,13865,10115
55446,22.1,14.3,28725,20303
55447,24.7,15.7,21357,16352
55448,36.5,24.8,28970,22252
55449,34.2,21.2,33321,23469
55454,36.7,37.0,8279,6456
55455,25.3,25.1,4912,4872
55601,36.4,25.9,176,137
55602,35.4,24.9,223,210
55603,35.2,23.2,510,447
55604,34.8,23.2,3661,3094
55605,39.6,27.5,579,421
55606,36.5,27.1,295,246
55607,34.0,24.7,137,130
55609,34.0,23.2,269,217
55612,35.0,24.3,604,539
55613,35.4,23.7,179,154
55614,34.9,25.6,2476,2022
55615,35.7,24.2,282,255
55616,35.9,26.1,7024,5561
55702,40.7,29.6,410,320
55703,36.8,24.4,744,612
55704,40.1,28.9,1072,849
55705,38.0,29.1,3226,2632
55706,36.2,26.4,1738,1485
55707,38.3,25.1,3386,2633
55708,35.5,22.9,917,749
55709,36.1,24.1,4199,3341
55710,36.4,24.4,1327,1071
55711,40.7,28.5,707,590
55712,39.8,27.2,512,418
55713,35.2,24.4,979,790
55716,36.0,24.0,334,266
55717,36.7,24.2,295,248
55718,37.3,24.7,3245,2590
55719,38.9,28.2,5668,4452
55720,39.0,26.9,17236,13076
55721,35.7,24.2,3667,2869
55722,37.2,24.8,1169,850
55723,36.4,26.6,2222,1869
55724,36.3,24.5,824,687
55725,35.8,24.0,108,98
55726,37.1,27.3,999,810
55731,35.3,24.6,5494,4716
55732,37.1,25.3,1358,1124
55733,35.5,19.2,5104,3765
55734,36.6,24.7,5964,4807
55735,39.0,29.0,1699,1416
55736,38.7,29.0,1454,1181
55738,36.9,24.5,483,390
55741,36.7,24.3,3110,2520
55742,36.3,24.7,312,243
55744,35.5,24.6,20096,15685
55746,38.0,27.2,17071,13432
55748,34.4,28.1,1394,1098
55749,38.3,24.3,452,378
55750,35.8,25.1,2035,1584
55751,35.5,21.6,1474,1139
55752,33.2,27.6,401,343
55753,38.5,28.4,970,764
55756,38.0,25.1,430,337
55757,38.8,25.9,834,648
55758,36.6,23.0,156,119
55760,33.7,28.6,2890,2334
55763,36.3,23.4,570,492
55764,35.8,23.5,504,414
55765,36.2,24.2,780,630
55767,45.5,33.7,4495,3862
55768,35.6,24.1,2878,2248
55769,37.4,26.9,2235,1805
55771,38.4,27.2,1485,1227
55775,36.6,25.2,1242,1038
55779,35.7,22.2,3974,3129
55780,44.0,30.6,259,184
55781,37.4,26.5,728,650
55782,36.2,24.8,389,336
55783,38.2,26.2,2484,1973
55784,34.2,23.3,99,86
55785,34.8,29.1,282,224
55786,37.6,24.2,302,230
55787,34.3,27.5,454,387
55790,36.4,25.3,1876,1584
55792,38.7,29.8,9827,7904
55793,36.0,24.5,606,483
55795,39.4,25.9,1624,1306
55796,34.6,21.8,195,163
55797,38.0,23.5,1525,1199
55798,38.1,26.3,664,500
55802,39.0,30.0,2544,2362
55803,33.4,20.0,17796,14207
55804,32.7,18.6,15471,11912
55805,37.7,25.8,9731,8216
55806,39.6,27.1,9761,7738
55807,37.3,24.3,9674,7737
55808,36.9,24.5,5943,4704
55810,34.9,21.6,8700,6827
55811,33.1,22.2,27761,22753
55812,33.5,21.3,10571,9195
55814,40.7,22.0,461,461
55901,36.5,21.8,58046,44461
55902,33.9,18.6,25878,20096
55904,38.7,23.5,29813,23009
55906,35.6,20.5,19559,15123
55909,36.3,26.4,1325,1041
55910,36.5,23.3,1361,1058
55912,38.6,30.4,29718,22022
55917,37.5,25.5,3609,2643
55918,38.0,24.6,955,743
55919,34.9,26.1,1003,791
55920,37.0,19.3,8512,6020
55921,34.9,27.0,4808,3695
55922,42.5,27.4,773,553
55923,38.7,22.7,4705,3531
55924,38.6,27.4,1217,926
55925,35.0,20.8,1040,798
55926,36.8,24.1,739,593
55927,36.2,24.4,4154,3060
55929,38.6,21.2,1247,886
55931,34.7,28.0,367,276
55932,37.7,21.3,1934,1465
55933,37.7,23.9,247,198
55934,37.5,21.6,3332,2469
55935,40.1,23.2,872,664
55936,36.1,23.4,1900,1381
55939,42.0,28.8,2155,1546
55940,35.9,24.2,2720,2041
55941,34.8,25.0,1021,778
55943,35.1,26.1,3037,2350
55944,34.3,20.9,7937,5718
55945,38.4,23.5,1415,1140
55946,35.8,25.3,3288,2561
55947,33.0,23.4,7461,5904
55949,40.9,25.5,1864,1419
55950,37.0,25.7,104,83
55951,37.2,26.3,1535,1182
55952,35.9,23.4,2354,1745
55953,37.9,25.4,888,670
55954,39.9,25.5,1480,1153
55955,35.1,20.4,2718,2056
55956,38.2,23.3,1962,1505
55957,37.7,22.2,683,560
55959,35.9,22.3,2230,1749
55960,36.7,19.0,3805,2728
55961,40.6,26.1,378,311
55962,39.7,24.1,751,594
55963,34.8,20.9,5667,4220
55964,39.0,24.5,4520,3292
55965,41.3,26.7,2345,1807
55967,37.1,22.6,941,682
55968,39.7,25.6,124,111
55969,35.9,23.8,1185,907
55970,37.1,24.6,933,704
55971,38.9,24.6,3112,2362
55972,34.3,22.3,5265,3793
55973,37.5,24.2,282,224
55974,34.7,28.3,2058,1592
55975,41.1,26.0,4368,3351
55976,39.1,23.6,8338,6131
55977,37.0,24.0,193,133
55979,35.2,22.4,1067,760
55981,37.1,25.5,3998,3384
55982,38.1,24.6,441,320
55983,35.0,23.9,1535,1205
55985,36.8,24.9,1807,1330
55987,34.5,23.4,34010,28632
55990,39.7,23.7,931,736
55991,38.6,23.7,1292,1028
55992,35.1,23.5,5161,3868
56001,34.2,24.0,50729,41235
56003,33.2,21.4,15221,11491
56007,36.3,31.4,21434,16655
56009,36.2,26.5,1514,1176
56010,35.8,25.1,1046,816
56011,33.5,24.0,9538,6937
56013,37.2,29.5,4298,3411
56014,37.6,28.1,755,584
56016,34.6,26.6,1020,773
56017,35.7,22.8,1712,1327
56019,36.9,25.9,867,669
56020,35.0,24.9,99,71
56021,33.0,20.8,1115,856
56022,34.6,26.3,75,65
56023,37.0,29.3,461,368
56024,33.8,19.5,3580,2561
56025,38.3,26.9,523,380
56026,37.6,24.8,1899,1497
56027,36.7,27.7,786,616
56028,36.5,24.0,1271,1037
56029,36.1,26.4,664,542
56031,36.6,29.2,12117,9453
56032,35.9,26.7,318,248
56033,37.3,26.8,336,270
56034,35.5,22.7,609,472
56035,35.8,26.1,515,391
56036,35.7,27.6,1774,1429
56037,34.9,22.3,1589,1193
56039,37.1,28.0,990,749
56041,36.3,23.3,1075,804
56042,35.4,26.1,669,515
56043,35.3,28.4,449,368
56044,38.4,25.3,2135,1614
56045,36.6,26.7,865,636
56046,38.3,23.9,92,75
56048,37.7,23.1,4150,3079
56050,35.4,20.7,1531,1198
56051,38.4,28.1,640,510
56052,36.2,23.6,746,629
56054,33.3,21.5,888,670
56055,35.5,23.7,3916,2949
56056,34.6,25.4,84,59
56057,37.0,24.9,3949,2973
56058,37.1,25.3,6066,4607
56060,37.1,27.2,431,338
56062,35.9,26.7,3239,2404
56063,34.6,21.1,2945,2287
56065,35.1,24.1,2698,2074
56068,37.0,25.9,1031,831
56069,35.2,21.7,4837,3665
56071,32.9,20.8,12913,9444
56072,38.2,25.7,2401,1843
56073,35.2,24.5,17275,13630
56074,34.5,23.3,1965,1500
56075,37.3,29.2,161,136
56078,36.9,23.7,454,342
56080,34.2,19.2,727,538
56081,37.9,30.8,6139,4606
56082,33.7,24.9,14507,11487
56083,38.9,27.0,797,631
56085,36.6,26.3,5087,3952
56087,35.7,25.8,3026,2356
56088,35.9,28.0,1881,1474
56089,36.8,26.1,174,149
56090,35.6,24.4,603,473
56091,38.1,24.8,343,265
56093,40.2,27.8,12469,9635
56096,36.0,23.5,2909,2319
56097,38.5,29.9,3613,2763
56098,37.6,29.3,2073,1619
56101,39.4,28.8,6008,4571
56110,36.6,27.0,1803,1372
56111,35.2,23.3,399,329
56113,39.2,25.9,261,174
56114,38.0,25.7,332,263
56115,38.0,24.4,1288,993
56116,37.9,26.1,592,428
56117,38.3,28.6,348,263
56118,42.0,31.2,416,305
56119,38.5,29.2,1001,758
56120,35.6,28.1,1088,815
56121,35.6,26.7,568,450
56122,37.3,28.0,551,424
56123,35.9,25.4,504,386
56125,36.2,28.7,58,54
56127,34.7,26.6,346,288
56128,36.2,26.3,2076,1502
56129,37.3,28.1,754,566
56131,36.6,29.0,2248,1756
56132,38.8,24.6,455,377
56134,37.3,26.3,411,319
56136,37.0,27.0,1222,984
56137,35.9,25.1,1051,792
56138,37.0,28.1,919,693
56139,40.3,28.5,408,295
56140,39.7,30.7,61,52
56141,38.0,27.2,351,266
56142,36.3,26.4,950,751
56143,35.8,24.7,4545,3522
56144,38.0,27.2,1223,904
56145,41.0,29.8,562,446
56147,38.8,25.4,187,140
56149,36.6,26.0,1261,959
56150,36.5,26.1,2715,2069
56151,37.6,26.9,745,574
56152,36.9,27.2,1402,1079
56153,35.4,28.6,213,170
56155,37.0,27.2,397,307
56156,36.2,26.5,6270,4696
56157,38.7,22.9,729,528
56158,37.1,28.3,407,290
56159,38.4,30.8,2777,2059
56160,36.6,27.0,196,148
56161,35.9,24.2,369,283
56162,36.8,28.1,221,173
56164,39.2,29.1,5678,4338
56165,39.0,29.8,328,252
56166,39.0,27.9,233,183
56167,37.1,26.6,619,505
56168,38.2,29.3,876,663
56169,38.3,23.0,726,529
56170,38.7,27.1,549,427
56171,35.4,27.0,1676,1331
56172,36.5,26.6,2954,2340
56173,37.6,26.1,368,259
56174,40.3,29.0,391,288
56175,37.9,27.9,2915,2217
56176,35.8,28.0,1092,832
56178,36.4,26.7,1651,1248
56180,34.1,26.6,1225,865
56181,37.6,29.1,1144,895
56183,39.2,30.8,1197,957
56185,37.5,27.5,551,407
56186,37.5,24.4,381,289
56187,38.7,35.5,15312,10723
56201,42.2,28.2,24575,18090
56207,38.3,24.9,235,176
56208,39.5,29.7,2029,1561
56209,39.5,22.6,2333,1784
56211,38.5,27.4,505,413
56212,34.4,26.0,446,359
56214,35.6,25.3,592,492
56215,38.2,27.9,4765,3701
56216,40.7,24.4,628,475
56218,35.7,24.5,551,437
56219,41.2,29.4,1052,775
56220,38.5,27.1,2851,2189
56221,36.9,25.4,752,574
56222,39.9,29.4,2099,1571
56223,38.0,26.8,1328,999
56224,37.2,25.5,387,260
56225,38.3,26.6,805,624
56226,37.4,23.4,222,168
56227,38.3,26.8,178,132
56228,38.8,27.5,847,694
56229,38.4,23.4,1754,1320
56230,39.1,27.7,794,599
56231,36.6,23.5,361,265
56232,33.8,25.2,2328,1809
56235,38.7,24.9,505,412
56236,38.8,26.2,299,251
56237,38.1,26.1,562,435
56239,38.7,22.2,553,396
56240,37.8,27.5,954,723
56241,39.3,27.7,3903,3099
56243,38.0,27.7,1690,1264
56244,39.5,25.4,1737,1197
56245,39.1,25.6,455,341
56248,39.5,26.8,684,551
56249,40.5,28.4,255,197
56251,39.1,21.0,1063,793
56252,39.1,27.6,1313,969
56253,39.1,23.5,932,741
56255,36.9,24.1,414,303
56256,34.7,26.9,2433,1959
56257,35.3,26.5,421,352
56258,37.8,25.2,15480,11525
56260,40.7,27.4,868,701
56262,43.4,28.3,775,570
56263,37.3,24.1,512,369
56264,38.0,24.4,2113,1621
56265,40.3,28.9,7634,5765
56266,36.5,25.9,1510,1128
56267,36.8,24.9,6647,5199
56270,39.6,27.0,1197,835
56271,40.0,27.8,1292,984
56273,37.4,19.9,4969,3845
56274,38.2,27.6,159,129
56276,38.3,24.9,241,179
56277,39.6,28.3,2950,2276
56278,37.6,28.7,2733,2177
56279,39.7,20.4,1233,891
56280,38.0,26.6,441,342
56281,40.1,24.9,649,479
56282,40.1,24.1,1597,1142
56283,37.5,26.7,6412,4877
56284,38.4,28.1,2054,1524
56285,38.4,25.5,1049,787
56287,37.8,22.5,70,53
56288,38.6,21.3,4623,3742
56289,38.1,22.2,686,552
56291,38.6,24.5,452,334
56292,37.5,25.1,542,382
56293,35.0,24.7,1257,946
56294,35.9,24.6,72,58
56295,40.8,27.2,290,220
56296,38.3,28.4,1978,1583
56297,38.5,25.7,808,598
56301,37.7,24.9,33786,25782
56303,37.3,24.0,27305,21783
56304,43.6,29.9,17020,13265
56307,35.6,21.8,5399,3900
56308,35.1,23.8,26391,20863
56309,39.1,26.6,1326,1008
56310,35.7,21.2,5225,4035
56311,39.0,28.0,695,568
56312,37.8,25.3,2293,1723
56313,35.8,27.1,78,60
56314,36.9,24.2,1281,958
56315,36.1,24.5,1726,1288
56316,38.2,25.5,1438,1132
56318,38.0,25.8,1158,922
56319,34.3,21.0,1300,975
56320,35.0,22.0,7985,6098
56321,21.8,11.4,1572,1514
56323,38.5,23.6,543,428
56324,33.6,23.0,1000,831
56325,35.9,26.9,213,156
56326,35.8,24.9,1577,1226
56327,37.0,23.0,784,651
56328,36.4,25.1,150,105
56329,40.6,23.4,7615,5554
56330,39.0,25.6,1763,1298
56331,35.8,22.4,1949,1479
56332,34.8,20.9,1523,1133
56334,39.4,25.8,5830,4593
56335,35.1,23.2,197,138
56336,37.7,25.3,1483,1185
56338,37.7,26.8,1764,1355
56339,39.1,26.0,1136,854
56340,35.6,21.9,2394,1702
56342,37.5,30.5,2791,2324
56343,36.1,23.6,910,717
56345,37.5,27.5,15058,11698
56347,39.5,29.3,7449,5425
56349,38.6,23.8,779,581
56350,34.6,29.3,486,426
56352,36.8,26.0,5775,4273
56353,38.1,27.5,9314,7054
56354,37.2,25.2,1455,1180
56355,34.8,20.6,641,495
56356,34.9,22.4,305,223
56357,40.1,24.5,1053,756
56358,37.4,26.9,3090,2368
56359,41.8,33.7,3585,2704
56360,37.5,26.7,4093,3158
56361,35.1,26.4,2425,1888
56362,35.5,23.1,5825,4471
56363,37.1,25.5,254,184
56364,37.1,26.5,5562,4126
56367,39.3,20.8,7164,5284
56368,36.7,24.1,4372,3385
56369,35.5,21.9,545,398
56371,37.1,26.3,125,86
56373,36.7,22.7,3233,2353
56374,35.6,23.4,9943,7874
56375,34.9,19.6,800,618
56376,36.2,23.5,303,229
56377,34.7,19.5,21013,15079
56378,37.2,26.2,8174,6231
56379,40.5,22.8,17467,13064
56381,39.1,24.8,2511,1955
56382,36.9,26.0,1446,1097
56384,36.7,24.6,353,255
56385,39.4,23.9,918,695
56386,39.0,31.1,654,547
56387,39.9,29.3,7715,5894
56389,39.7,28.6,92,72
56401,38.1,25.0,30632,23658
56425,36.6,23.5,8584,6496
56431,33.3,28.3,8763,7328
56433,35.9,25.5,1800,1460
56434,41.1,28.6,219,158
56435,37.7,29.7,2595,2116
56437,39.0,27.8,1474,958
56438,39.7,27.3,2877,2167
56440,39.8,31.9,1343,968
56441,37.8,27.4,3439,2778
56442,36.2,24.8,2720,2333
56443,37.6,26.3,1395,1164
56444,37.1,24.9,3044,2503
56446,40.1,30.7,1661,1222
56447,36.6,24.7,1008,873
56448,36.2,26.0,441,414
56449,37.5,23.1,1897,1401
56450,39.7,31.4,1129,950
56452,36.4,29.8,1919,1728
56453,38.6,28.1,837,636
56455,38.8,26.3,1692,1281
56458,35.1,23.8,360,304
56461,35.9,23.4,3416,2586
56464,37.5,27.4,4864,3376
56465,36.9,23.9,2221,1836
56466,37.0,26.3,3157,2483
56467,36.0,25.0,2609,2098
56468,35.3,22.8,4525,3740
56469,33.8,29.9,1055,914
56470,35.6,25.2,10668,8362
56472,36.4,22.6,8315,6489
56473,35.7,23.7,3763,2871
56474,37.2,28.2,4419,3491
56475,38.0,25.7,1611,1226
56477,37.5,27.7,2771,2061
56479,39.2,28.3,5387,4124
56481,38.5,28.3,1972,1466
56482,38.3,30.5,6925,5189
56484,36.6,28.2,3517,2841
56501,36.6,24.2,17784,13846
56510,36.0,26.9,2327,1796
56511,36.0,22.0,2192,1678
56514,32.4,20.6,3963,2891
56515,32.5,25.8,2967,2484
56516,41.8,34.3,255,194
56517,37.9,23.4,273,195
56518,34.9,25.2,377,267
56519,34.6,24.9,283,229
56520,39.4,28.7,3952,3069
56521,41.1,29.2,763,565
56522,36.1,23.3,515,375
56523,38.7,23.2,475,352
56524,34.3,26.7,681,593
56525,31.8,19.6,100,76
56527,36.0,26.0,916,656
56528,33.5,24.8,1669,1423
56529,34.2,22.7,4613,3352
56531,40.4,26.6,2065,1538
56533,35.0,23.8,312,234
56534,35.2,25.7,1189,965
56535,39.2,28.9,1240,1018
56536,33.4,22.0,474,355
56537,34.4,26.3,19230,15024
56540,38.2,25.9,1919,1453
56542,40.1,29.5,2718,2088
56543,36.6,23.5,277,209
56544,37.3,24.3,5361,3952
56545,35.7,26.8,647,490
56546,32.8,21.3,257,183
56547,33.6,20.8,2597,1849
56548,35.3,27.3,737,575
56549,33.0,21.8,5075,3672
56550,36.6,25.8,396,298
56551,34.2,26.7,2256,1758
56552,33.4,22.8,427,310
56553,36.7,23.7,252,199
56554,35.4,21.5,3098,2443
56556,39.1,28.1,1176,873
56557,43.3,35.1,2826,1998
56560,33.6,22.5,44205,33131
56562,24.9,18.9,461,454
56563,25.1,18.6,1130,1124
56565,36.8,23.6,103,72
56566,47.2,35.9,607,396
56567,34.8,26.1,3511,2541
56568,39.1,23.7,118,92
56569,43.4,30.8,1279,926
56570,38.8,26.5,1177,915
56571,33.9,23.7,1968,1637
56572,35.0,27.8,5747,4475
56573,35.1,27.2,7066,5357
56574,37.8,25.7,261,200
56575,41.5,31.2,773,547
56576,34.3,25.6,818,685
56578,38.8,26.5,801,645
56579,35.7,23.7,1160,848
56580,33.5,20.2,1249,868
56581,36.5,27.1,247,197
56583,38.7,25.8,146,106
56584,36.0,27.3,1348,1057
56585,33.0,22.7,1000,744
56586,33.4,24.0,1963,1564
56587,32.3,22.5,1454,1213
56588,34.9,27.5,522,443
56589,43.9,34.0,1850,1402
56590,41.0,26.7,403,311
56591,45.2,32.2,417,281
56592,39.0,26.3,504,349
56594,37.3,23.4,406,311
56601,37.4,24.8,34647,26664
56621,34.5,28.7,4407,3320
56623,36.2,25.8,2640,2178
56626,43.4,37.7,368,245
56627,38.6,29.9,253,224
56628,38.0,30.0,1725,1439
56629,39.4,30.0,165,143
56630,38.3,28.0,2370,1809
56633,43.0,33.3,4751,3238
56634,34.4,28.9,1545,1157
56636,38.7,29.0,5055,3860
56637,36.3,27.6,182,152
56639,38.5,30.7,423,341
56641,37.3,28.9,340,272
56644,34.0,28.7,854,628
56646,41.5,27.9,320,240
56647,37.6,25.9,744,607
56649,37.3,27.5,8923,7260
56650,39.1,28.6,771,584
56651,42.0,30.9,638,462
56652,34.1,28.1,509,372
56653,36.2,26.6,1207,975
56654,37.0,28.7,137,107
56655,36.0,29.1,1502,1320
56657,38.4,31.9,324,282
56659,39.5,30.2,95,83
56660,37.9,29.0,291,226
56661,37.1,28.6,880,728
56662,35.8,30.5,504,477
56663,42.5,33.3,232,176
56666,50.4,39.3,886,508
56667,38.9,26.3,694,533
56668,35.1,28.0,182,155
56669,36.8,26.8,363,318
56670,49.9,38.9,1372,838
56671,49.7,39.0,3153,1984
56672,36.8,28.7,1972,1602
56673,36.2,25.0,689,541
56676,36.2,28.1,1773,1400
56678,37.7,23.8,1307,988
56680,38.3,30.5,108,91
56681,38.9,30.6,271,227
56683,38.0,24.0,716,560
56684,40.1,27.7,384,296
56685,38.5,29.3,91,85
56686,36.8,26.3,859,683
56688,36.4,27.7,131,116
56701,40.3,24.9,12798,9969
56710,39.8,26.2,511,373
56711,35.5,24.2,149,124
56713,39.4,25.0,904,684
56714,36.8,25.0,1191,915
56715,40.1,26.7,363,276
56716,39.6,26.6,8965,6926
56721,39.7,24.5,10602,7691
56722,38.8,23.6,314,256
56723,38.2,21.9,980,697
56724,37.6,26.8,170,140
56725,40.4,24.5,986,734
56726,34.9,24.1,1471,1178
56727,39.1,26.1,684,545
56728,33.2,25.6,1231,1001
56729,34.7,26.3,155,122
56731,33.9,24.4,73,55
56732,34.7,26.8,1097,865
56733,34.1,24.9,371,294
56734,34.9,25.7,374,306
56735,34.9,25.3,831,600
56736,39.9,28.2,859,732
56737,38.7,25.7,809,636
56738,39.2,23.8,1306,968
56742,39.2,26.5,834,617
56744,39.4,24.0,526,401
56748,39.6,26.3,592,455
56750,38.6,25.9,2392,1853
56751,36.1,25.1,5648,4304
56754,40.0,22.7,500,373
56755,34.1,24.2,91,80
56756,37.0,24.2,769,539
56757,38.7,25.0,853,667
56758,39.3,25.2,380,302
56759,36.0,23.7,351,291
56760,38.9,23.7,406,314
56761,35.5,24.2,406,320
56762,39.7,26.3,2561,1906
56763,36.3,25.8,5132,3842
57001,32.1,24.0,1504,1175
57002,39.6,19.7,1393,977
57003,37.7,22.4,2109,1505
57004,34.0,23.2,3459,2563
57005,35.1,19.3,12619,8722
57006,37.0,19.3,24271,19306
57007,26.6,13.0,1604,1604
57010,37.6,23.3,599,470
57012,36.5,23.1,1217,911
57013,38.1,23.2,4482,3332
57014,35.2,24.5,1558,1161
57015,34.5,23.6,883,634
57016,31.8,20.1,689,526
57017,32.2,20.2,1294,933
57018,36.2,22.1,1482,1075
57020,36.3,20.4,1679,1172
57021,33.6,24.8,226,188
57022,34.8,21.2,5432,3942
57024,34.5,24.2,383,270
57025,32.3,22.3,2940,2156
57026,39.0,21.5,1436,1026
57027,36.9,21.8,134,96
57028,35.0,26.5,3348,2423
57029,34.0,25.0,2142,1654
57030,37.1,23.4,3042,2196
57031,40.0,24.6,621,487
57032,34.7,15.4,8810,5763
57033,36.1,20.5,5654,4048
57034,37.4,23.0,733,554
57035,36.1,21.0,1218,883
57036,35.0,24.7,816,624
57037,37.4,25.1,885,687
57038,32.7,21.7,1774,1306
57039,36.8,21.3,3717,2747
57040,39.0,24.6,351,273
57041,38.2,22.4,94,73
57042,32.3,22.7,8131,6383
57043,33.2,24.9,1399,1079
57045,34.0,25.0,1042,817
57046,39.3,24.0,617,468
57047,34.7,22.1,245,177
57048,36.2,22.8,1025,762
57049,30.3,19.3,7725,5909
57050,34.0,24.1,206,152
57051,36.9,24.6,248,196
57052,32.8,21.5,419,306
57053,34.2,23.4,2110,1483
57054,34.1,24.1,430,342
57055,36.5,22.2,1157,917
57057,32.9,21.3,182,116
57058,35.6,23.2,2011,1515
57059,35.0,25.2,1569,1124
57061,38.4,19.1,99,79
57062,40.2,27.8,2344,2129
57063,36.2,24.4,1059,773
57064,35.8,16.0,6908,4502
57065,33.0,21.7,375,293
57066,35.6,26.9,1428,1159
57067,38.2,25.8,478,401
57068,36.4,21.7,1707,1252
57069,34.2,21.5,13005,10851
57070,34.1,25.4,1380,1044
57071,37.4,18.4,3134,2319
57072,38.6,24.6,676,498
57073,37.5,25.2,610,481
57075,32.0,20.5,1168,944
57076,34.8,25.1,317,221
57077,37.3,19.4,1371,938
57078,38.5,24.3,20104,15883
57103,38.0,25.5,36069,26825
57104,39.7,26.9,26998,21902
57105,35.7,22.2,22635,17801
57106,37.0,22.8,47877,35443
57107,37.3,23.9,11915,8784
57108,33.9,16.7,31953,23856
57110,36.2,23.1,22013,15955
57197,25.1,17.9,102,93
57201,35.6,26.3,26091,20077
57212,36.8,23.8,1999,1557
57213,34.3,22.7,281,209
57214,36.6,26.1,140,114
57216,38.6,26.7,1037,882
57217,35.1,26.9,225,169
57218,32.8,22.8,303,225
57219,33.6,25.9,502,404
57220,38.4,19.1,766,619
57221,33.9,24.4,886,540
57223,35.3,22.7,1437,1006
57224,40.8,26.7,147,114
57225,33.9,27.6,1736,1345
57226,33.9,25.3,2021,1546
57227,38.3,26.1,421,315
57231,34.5,24.9,1674,1295
57232,37.3,25.6,327,245
57233,34.1,23.9,131,98
57234,34.6,23.9,1256,928
57235,35.9,25.1,830,595
57236,35.8,25.3,215,144
57237,33.0,23.7,650,522
57238,33.5,22.6,498,377
57239,36.7,29.0,256,221
57241,34.9,24.3,1056,690
57242,36.1,24.3,413,269
57243,36.2,25.4,589,418
57245,35.6,24.7,134,105
57246,38.2,26.3,138,117
57247,35.2,25.5,401,340
57248,34.7,25.2,1205,782
57249,36.6,25.4,999,789
57251,33.4,29.9,198,170
57252,37.1,26.3,5020,3856
57255,41.2,28.0,488,359
57256,41.5,32.1,166,121
57257,47.8,36.2,776,535
57258,34.2,25.4,387,257
57259,37.4,25.7,453,326
57260,39.9,28.8,933,723
57261,33.6,27.1,339,271
57262,45.1,34.1,5326,3597
57263,35.5,24.7,434,340
57264,38.2,26.4,219,164
57265,36.9,25.6,212,162
57266,42.2,30.6,599,428
57268,34.0,22.6,466,347
57269,37.2,25.3,387,309
57270,37.1,25.8,619,438
57271,33.0,26.9,188,118
57272,34.3,26.2,205,146
57273,38.4,29.2,1256,880
57274,34.5,26.1,2686,2087
57276,39.7,20.4,1390,954
57278,34.2,25.7,837,567
57279,38.3,27.8,999,806
57301,38.1,25.2,18759,14452
57311,36.4,24.3,1522,1060
57312,36.2,25.3,485,342
57313,35.9,27.4,1165,891
57314,35.3,24.1,737,531
57315,38.4,30.1,1012,753
57317,37.1,28.7,492,367
57319,35.6,24.1,1037,761
57321,37.1,25.1,384,286
57322,32.9,24.0,308,214
57323,35.8,26.4,224,182
57324,34.0,23.8,382,276
57325,38.6,27.1,3279,2515
57328,34.5,27.1,1083,846
57329,39.8,32.4,233,167
57330,37.4,27.1,479,366
57331,36.1,24.7,452,324
57332,36.0,25.4,890,668
57334,37.4,24.1,986,697
57335,36.3,27.6,251,193
57337,35.4,25.7,114,98
57339,49.3,37.4,1413,829
57340,35.6,24.9,335,226
57341,42.7,34.6,137,103
57342,37.6,25.9,490,368
57344,36.5,25.4,165,133
57345,34.5,26.5,1083,857
57348,35.1,25.4,535,398
57349,35.7,26.9,1529,1178
57350,35.7,30.7,16174,11796
57353,34.4,23.1,956,683
57355,37.8,25.4,1258,986
57356,42.4,32.3,2074,1401
57359,36.9,24.4,597,449
57361,46.4,32.7,619,449
57362,34.0,24.0,2039,1614
57363,38.6,24.5,984,754
57364,34.3,26.6,82,59
57365,35.5,23.0,456,363
57366,34.3,24.9,2318,1708
57367,42.3,33.9,234,185
57368,36.9,25.9,1270,923
57369,36.7,24.9,2685,1959
57370,41.3,28.4,797,576
57371,34.4,20.8,237,175
57373,35.1,23.3,353,262
57374,34.8,23.8,333,251
57375,36.3,24.9,675,498
57376,33.8,23.8,920,704
57379,35.0,24.4,115,88
57380,42.3,33.0,3062,2148
57381,34.4,24.1,538,384
57382,35.4,26.7,1222,965
57383,35.9,26.8,729,552
57384,35.1,25.0,843,613
57385,36.3,26.0,1182,916
57386,32.3,22.1,223,164
57401,35.0,24.6,32275,24721
57420,34.9,28.3,111,93
57422,35.0,25.5,249,191
57424,35.8,24.4,259,201
57427,34.7,22.7,610,461
57428,33.4,25.5,662,527
57429,37.5,24.5,104,73
57430,34.9,24.5,2123,1625
57432,34.9,23.1,443,303
57433,34.8,22.7,429,308
57434,35.1,26.3,443,341
57435,37.3,26.8,220,176
57436,35.4,24.8,538,421
57437,34.1,29.9,1206,1003
57438,36.0,28.9,1417,1097
57440,36.1,25.2,731,539
57441,34.7,23.6,509,403
57442,35.8,25.7,1971,1563
57445,34.8,23.3,1951,1424
57446,34.4,24.8,369,310
57448,34.4,25.4,306,263
57449,34.4,23.4,148,120
57450,34.7,24.3,605,464
57451,33.7,22.2,2381,1835
57452,34.2,27.2,285,218
57454,34.9,24.8,551,452
57455,36.7,23.9,80,63
57456,36.1,26.8,788,577
57457,36.6,28.3,74,55
57460,36.4,23.6,376,270
57461,35.7,23.6,333,259
57465,36.2,25.0,310,243
57466,34.9,26.0,131,97
57467,34.2,23.1,249,206
57468,35.6,25.7,231,177
57469,36.3,26.4,3096,2405
57470,35.6,25.4,153,97
57471,34.9,24.0,583,428
57472,33.6,27.3,914,737
57473,36.7,28.7,114,93
57474,35.8,22.1,259,196
57475,35.8,24.9,127,115
57476,34.9,23.9,455,347
57477,37.9,26.8,115,82
57479,35.9,22.2,658,468
57481,36.0,24.6,536,429
57501,34.3,22.0,17083,13049
57520,34.3,23.2,142,121
57521,41.9,34.3,240,161
57522,33.2,22.0,512,373
57523,36.2,27.5,1002,784
57528,35.4,25.9,750,573
57529,35.5,26.4,472,339
57531,35.7,27.1,161,126
57532,36.0,22.0,2832,2138
57533,35.5,27.0,1773,1408
57534,36.6,26.4,188,150
57536,33.6,22.3,510,362
57537,36.0,20.2,99,74
57538,38.5,27.2,215,162
57540,35.2,26.4,90,70
57541,36.8,26.1,203,138
57543,37.3,32.2,758,572
57544,34.7,23.4,400,301
57547,41.7,37.3,152,105
57548,50.9,43.7,1549,934
57551,40.1,32.7,2232,1515
57552,34.6,25.5,533,416
57553,35.9,25.9,136,107
57555,49.6,39.1,3980,2372
57559,35.4,26.1,651,485
57560,46.6,38.3,383,241
57562,35.8,26.7,77,50
57563,46.7,37.0,158,112
57564,34.5,22.5,963,731
57566,48.7,38.1,1030,622
57567,33.8,27.0,1376,1072
57568,34.4,22.5,677,525
57569,34.9,23.6,364,275
57570,51.9,44.1,1933,1187
57572,51.9,45.1,1239,721
57574,46.0,42.3,119,97
57576,34.8,23.7,171,147
57577,45.4,38.2,1091,680
57579,46.9,39.7,1191,807
57580,38.8,30.8,4356,3324
57584,37.2,25.9,84,73
57585,46.6,39.9,214,157
57601,35.2,24.8,3824,2885
57620,36.9,25.9,445,343
57621,48.1,38.2,308,164
57622,46.8,36.4,342,229
57623,47.5,38.3,882,620
57625,46.0,38.8,4029,2640
57626,35.8,26.4,948,694
57631,35.2,26.0,362,301
57632,33.6,25.2,608,473
57633,41.8,35.2,404,309
57634,40.0,33.6,95,71
57636,40.5,34.4,118,83
57638,35.8,27.5,1901,1539
57639,45.3,36.6,398,213
57640,36.6,26.7,112,95
57641,41.9,38.2,246,195
57642,45.6,38.1,1884,1214
57644,37.7,27.5,275,209
57645,41.7,35.4,171,137
57646,33.6,26.4,207,162
57648,35.2,25.9,414,348
57649,36.8,24.6,224,162
57651,35.4,21.1,181,132
57652,45.1,37.0,293,185
57656,41.2,34.2,766,550
57657,41.9,35.5,138,111
57658,45.6,37.6,454,296
57660,42.2,38.5,78,60
57661,43.2,35.1,124,83
57701,35.6,26.7,46258,36299
57702,31.4,20.3,33162,26112
57703,34.0,22.6,16933,12739
57706,24.6,15.9,2168,1582
57714,47.0,41.6,749,465
57716,46.6,37.4,569,374
57717,35.9,27.8,8242,6217
57718,31.6,21.3,7536,5595
57719,33.4,22.2,11326,8050
57720,35.6,21.1,752,565
57722,38.4,31.4,414,308
57724,34.1,22.4,166,120
57725,36.9,25.4,137,109
57730,33.7,24.9,5219,4360
57732,36.1,28.4,1965,1699
57735,37.1,27.9,1345,1105
57738,36.2,24.3,183,148
57741,32.0,24.9,109,75
57744,35.9,25.4,2475,1925
57745,32.7,21.7,2078,1694
57747,37.8,31.0,5695,4777
57748,40.4,31.3,318,218
57750,41.2,34.8,405,262
57751,32.3,21.7,717,601
57752,49.0,42.5,2324,1468
57754,35.4,26.6,3579,2881
57755,37.0,21.2,143,110
57756,49.5,45.6,939,546
57758,31.1,23.5,190,138
57759,35.9,30.7,401,369
57760,37.0,30.2,1248,960
57761,33.6,23.5,1183,902
57762,37.0,28.9,510,406
57763,37.8,28.6,263,201
57764,48.7,44.8,1756,1049
57766,36.7,26.8,259,193
57767,30.6,23.8,153,118
57769,31.6,21.4,4458,3371
57770,44.2,35.2,5410,3526
57772,49.0,44.4,2104,1325
57773,35.6,25.8,125,110
57775,33.2,25.9,236,179
57779,32.3,22.4,364,265
57780,36.3,28.1,140,118
57782,38.7,29.2,69,55
57783,32.1,22.8,16165,12792
57785,31.8,25.0,9895,7830
57787,31.7,21.6,336,243
57788,35.0,27.1,534,424
57790,34.3,24.5,1056,772
57791,32.1,22.7,217,175
57792,28.2,22.8,98,72
57793,32.3,21.5,2017,1559
57794,49.0,43.8,619,365
57799,20.0,13.6,675,666
58001,34.5,18.6,244,187
58004,34.9,18.0,224,169
58005,35.7,16.7,783,514
58006,34.1,17.6,392,303
58007,34.5,19.1,111,86
58008,38.9,22.6,198,161
58009,38.3,19.7,75,62
58011,34.7,19.4,406,318
58012,35.0,17.6,2636,1824
58013,41.3,23.9,123,91
58015,34.8,18.3,288,225
58016,36.5,20.1,124,107
58017,43.0,25.9,235,194
58018,35.5,18.8,370,280
58021,35.0,17.3,443,300
58027,37.6,24.4,1415,1089
58029,34.3,17.7,129,95
58030,35.9,23.7,648,506
58031,36.8,20.5,418,302
58032,40.3,24.9,678,542
58033,37.0,21.6,347,271
58035,37.7,19.6,225,175
58036,35.0,17.7,389,285
58038,34.8,18.0,310,235
58040,42.4,23.9,1093,840
58041,37.0,25.2,1575,1210
58042,33.9,15.3,1395,1025
58043,41.8,23.9,172,144
58045,38.1,20.6,2298,1694
58046,34.8,25.0,561,443
58047,34.5,15.9,4216,2993
58048,34.8,17.4,562,424
58049,36.8,22.9,294,225
58051,34.7,17.1,1706,1178
58052,34.6,18.4,551,435
58053,36.8,25.5,1212,927
58054,38.6,25.6,3229,2466
58056,37.4,23.7,168,141
58057,37.2,23.5,132,110
58058,39.0,25.2,130,93
58059,33.5,14.9,1697,1197
58060,40.6,23.4,1487,1120
58061,38.7,22.8,362,269
58062,38.1,23.0,132,116
58063,37.4,22.8,281,210
58064,34.6,19.3,410,321
58067,41.8,23.7,262,199
58068,40.0,26.5,309,229
58069,43.2,25.0,139,114
58071,35.5,19.4,500,371
58072,37.7,24.3,7999,6497
58075,38.2,25.8,9028,7004
58076,23.9,14.7,442,437
58077,34.9,18.8,849,632
58078,34.0,16.2,39161,28455
58079,35.8,17.8,537,385
58081,36.0,22.8,881,666
58102,34.8,19.8,30767,25911
58103,35.7,20.5,46754,37543
58104,33.2,16.5,48150,36237
58105,26.2,14.5,2524,2510
58201,35.9,21.9,42598,33611
58202,33.4,25.7,2650,2595
58203,37.4,24.1,16165,13061
58204,35.2,17.7,1808,1097
58205,25.5,13.5,194,191
58210,36.2,25.9,289,240
58212,39.0,24.4,476,399
58214,38.1,22.9,373,296
58216,40.6,26.2,133,117
58218,39.9,22.2,753,546
58220,42.0,26.6,2272,1753
58222,41.1,26.7,257,207
58223,39.4,22.4,235,175
58225,41.1,24.8,1024,801
58227,38.2,25.2,452,372
58228,36.4,20.6,936,705
58229,35.5,24.7,136,116
58230,35.7,24.5,620,468
58231,35.7,23.8,547,407
58233,37.3,25.4,322,261
58235,39.0,23.6,396,300
58237,35.9,27.4,5269,4032
58238,41.8,25.3,157,119
58240,38.1,23.9,1165,863
58241,42.0,26.3,142,118
58243,36.5,24.9,539,408
58244,36.9,24.6,86,65
58249,39.7,23.8,2520,1924
58250,36.3,25.7,209,158
58251,36.7,23.2,1894,1467
58254,38.3,26.1,546,467
58256,38.4,23.0,853,597
58257,36.6,23.5,2174,1759
58258,39.2,23.6,285,217
58259,39.8,23.4,403,328
58260,39.9,24.6,122,96
58261,37.6,25.9,1076,805
58262,40.3,28.8,118,100
58265,42.0,25.5,464,348
58266,36.1,23.5,193,151
58267,35.9,23.1,1557,1147
58269,40.0,25.3,183,149
58270,35.1,26.6,1940,1511
58271,43.2,25.1,594,452
58272,40.2,23.4,285,219
58273,34.5,24.7,216,157
58274,39.5,24.7,942,725
58275,36.5,20.1,750,591
58276,41.9,24.8,485,389
58277,34.9,25.8,179,150
58278,35.8,18.0,2132,1496
58281,40.2,22.3,86,73
58282,43.6,29.9,1269,1029
58301,41.6,26.9,10105,7692
58311,40.9,22.3,65,57
58316,51.9,36.8,5412,3520
58317,44.5,30.9,210,149
58318,37.6,24.3,3796,2994
58321,37.5,21.1,148,124
58324,44.3,30.5,1345,1036
58327,33.7,17.6,533,432
58329,50.7,34.6,2745,1733
58330,36.7,22.0,299,251
58331,43.8,30.4,122,101
58332,39.3,28.3,262,202
58335,46.8,32.8,1320,705
58338,37.2,20.6,75,61
58341,38.7,28.7,2404,1916
58343,39.4,27.0,73,59
58344,39.1,24.5,895,720
58345,36.2,23.1,106,91
58346,39.8,27.7,639,483
58348,39.1,28.6,713,582
58351,42.3,31.3,363,304
58352,40.2,23.3,384,291
58353,43.4,30.8,110,89
58355,41.8,23.8,64,54
58356,37.9,27.4,1734,1352
58357,45.2,33.8,470,273
58361,39.1,23.7,204,169
58362,38.9,20.3,70,63
58363,44.3,32.8,67,58
58365,44.6,30.8,230,198
58366,44.6,30.6,908,705
58367,47.4,33.3,1912,1341
58368,40.8,26.2,3418,2667
58369,49.6,35.5,1133,796
58370,47.5,34.3,1171,687
58372,39.3,24.3,93,73
58374,41.3,29.6,612,459
58377,38.6,22.2,251,192
58379,46.8,33.7,266,132
58380,39.6,25.6,383,305
58381,44.2,31.4,336,247
58382,36.1,20.6,134,117
58384,39.0,24.3,570,452
58385,42.5,25.7,191,133
58386,39.1,27.2,168,136
58401,40.4,25.7,17847,14294
58405,27.8,15.6,565,554
58413,35.8,29.3,1052,877
58415,35.5,27.2,136,105
58416,38.9,23.8,407,336
58418,38.0,26.0,367,299
58420,38.7,19.7,274,203
58421,36.1,24.5,2875,2224
58422,39.1,24.8,123,109
58423,37.6,25.7,105,76
58424,37.9,23.5,303,241
58425,37.9,24.3,1347,1068
58426,37.4,20.0,175,125
58428,39.2,25.6,316,250
58429,37.7,21.2,304,249
58430,39.7,26.1,78,66
58431,36.7,27.4,141,105
58433,35.7,26.9,1139,855
58436,37.2,22.4,1747,1342
58438,37.3,25.2,674,530
58439,36.4,25.3,412,330
58440,40.3,27.9,155,118
58441,38.7,24.1,434,312
58442,39.9,29.0,422,342
58443,35.8,24.6,235,179
58444,38.6,27.0,199,154
58445,36.5,23.7,185,138
58448,39.4,23.7,330,251
58451,37.8,25.0,148,122
58454,35.8,27.3,308,249
58455,37.4,20.9,302,222
58456,35.2,27.1,547,427
58458,33.8,24.0,1279,992
58460,39.4,29.1,243,193
58461,37.0,22.0,400,324
58463,37.2,27.3,598,486
58464,36.3,25.1,242,189
58466,36.3,24.3,366,284
58467,39.6,24.5,551,428
58472,38.4,24.2,434,341
58474,38.8,26.1,2628,1968
58475,38.9,25.8,145,132
58476,37.1,19.7,298,210
58477,35.6,20.8,134,101
58478,38.3,27.1,106,89
58479,37.6,21.3,215,168
58480,37.6,21.1,319,248
58481,37.2,20.6,295,225
58482,40.4,25.8,938,704
58483,39.9,25.1,305,254
58484,35.5,24.9,74,64
58486,37.9,24.9,269,209
58487,39.6,25.3,456,341
58488,39.2,27.3,204,180
58490,35.5,23.0,224,176
58492,37.4,20.9,398,300
58494,35.6,20.1,326,246
58495,34.8,29.8,1208,944
58496,36.4,20.1,226,180
58497,40.0,23.1,344,256
58501,36.4,20.4,28388,22773
58503,33.6,16.7,37157,27772
58504,35.8,18.5,29517,22482
58520,39.9,25.5,290,225
58521,35.8,19.2,669,519
58523,40.1,25.3,3631,2714
58524,38.1,25.9,131,110
58528,47.4,35.9,755,442
58529,42.1,29.7,599,472
58530,35.9,23.9,1268,972
58531,40.8,26.3,401,345
58532,36.6,21.9,283,224
58533,40.9,32.1,854,710
58535,38.2,23.0,585,463
58538,52.3,41.7,2287,1514
58540,40.7,26.6,2880,2231
58541,41.7,26.6,390,305
58542,39.3,26.4,245,194
58544,39.2,25.5,501,376
58545,39.7,24.6,3362,2594
58549,40.4,25.2,192,148
58552,38.7,26.3,1660,1317
58554,38.3,22.1,28642,21830
58558,37.7,20.0,976,718
58559,40.8,25.4,274,202
58560,38.4,21.3,167,117
58561,39.6,27.9,1035,776
58562,40.3,30.1,420,359
58563,37.9,25.6,2010,1506
58564,41.0,29.2,70,63
58565,41.5,25.0,223,199
58566,38.7,20.3,238,152
58568,47.0,37.3,602,397
58569,43.5,28.3,85,64
58570,42.4,28.1,352,241
58571,40.2,26.8,610,477
58572,36.2,21.3,401,314
58573,37.4,27.4,566,465
58575,39.5,26.1,879,729
58576,41.0,23.8,959,722
58577,41.2,23.6,1840,1401
58579,38.8,22.0,1261,985
58580,41.6,25.8,393,315
58581,36.2,27.5,217,179
58601,37.3,23.2,29697,22127
58620,38.6,24.6,156,122
58621,37.6,28.1,1257,955
58622,38.7,24.6,1828,1346
58623,36.2,24.5,2188,1661
58625,36.3,26.4,213,175
58626,37.6,23.2,433,311
58627,39.2,25.1,140,109
58630,36.7,20.6,675,485
58631,39.0,27.1,1069,866
58632,39.1,26.2,202,133
58634,37.9,20.1,316,244
58636,38.9,24.2,807,563
58638,39.5,25.8,1101,827
58639,35.7,28.7,1706,1360
58640,37.3,24.4,1500,1131
58641,37.8,21.5,113,82
58642,37.6,23.5,314,247
58643,40.0,25.2,140,109
58645,37.7,23.7,289,225
58646,37.0,25.9,1083,856
58647,38.6,25.2,1225,950
58649,35.3,27.9,339,282
58650,39.4,26.1,352,274
58651,38.4,24.1,463,367
58652,37.5,24.6,1208,875
58653,37.1,24.8,597,462
58654,37.7,27.9,302,204
58655,39.2,25.0,603,425
58656,36.6,23.9,482,354
58701,34.7,24.1,32517,24948
58703,33.2,21.2,23341,17723
58704,31.1,18.2,4765,3121
58705,23.4,15.5,252,239
58707,22.1,14.5,460,452
58710,42.6,28.4,413,319
58711,39.1,26.3,167,124
58712,42.9,28.1,114,87
58716,40.1,25.9,144,109
58718,34.9,23.3,1116,807
58721,37.6,21.8,506,397
58722,33.9,21.0,1795,1280
58723,38.9,26.8,256,205
58725,37.0,23.5,289,220
58727,36.5,22.6,288,234
58730,37.8,25.1,1316,1007
58731,42.3,25.6,236,189
58733,33.7,22.4,420,316
58734,35.5,24.7,268,211
58735,35.3,23.4,359,295
58736,42.7,27.7,474,378
58737,38.7,23.0,147,97
58740,39.0,23.2,762,581
58741,41.9,25.1,581,456
58744,43.6,26.0,155,118
58746,34.8,24.2,1462,1133
58748,37.3,22.8,149,112
58750,40.0,24.7,496,359
58752,37.2,22.7,281,212
58755,40.5,25.9,150,116
58756,35.1,22.9,251,185
58757,47.9,31.2,1086,693
58758,38.1,25.3,217,182
58759,38.5,23.6,770,580
58760,39.1,25.2,276,219
58761,39.2,25.6,1005,776
58762,39.0,26.3,240,180
58763,45.7,32.3,5009,3471
58765,38.5,25.0,300,225
58768,36.8,23.4,280,229
58769,38.5,25.4,339,250
58770,45.2,33.3,1330,982
58771,38.9,27.0,515,376
58772,39.6,23.2,138,109
58773,37.8,22.8,857,620
58775,42.4,24.4,267,187
58776,39.3,27.1,323,231
58778,42.0,27.3,83,65
58779,35.3,22.1,458,350
58781,34.4,21.6,722,546
58782,39.3,25.0,374,294
58783,38.2,22.3,319,236
58784,39.0,26.2,3013,2172
58785,35.5,21.9,1467,1016
58787,38.5,26.0,134,108
58788,41.0,26.2,1065,828
58789,42.2,25.6,358,266
58790,42.4,26.8,1654,1226
58792,43.7,28.5,239,180
58793,39.4,25.0,516,407
58794,38.7,26.3,224,156
58795,40.6,25.0,233,184
58801,40.1,23.6,34921,25380
58830,39.5,25.6,237,188
58831,40.2,22.7,1122,788
58833,36.0,26.1,95,71
58835,39.8,22.0,1050,711
58838,39.9,22.9,221,156
58843,40.9,23.5,743,529
58844,37.9,23.7,160,130
58845,40.1,24.5,392,277
58847,40.8,26.5,311,224
58849,40.0,24.5,1226,872
58852,40.2,25.2,2822,2100
58853,42.8,25.3,485,339
58854,40.0,22.2,9142,6590
58856,40.0,24.6,187,132
59001,30.5,20.6,1392,1149
59002,32.8,17.4,179,133
59003,41.1,30.4,1106,783
59006,35.5,23.4,937,717
59007,31.9,21.5,105,77
59008,32.5,21.7,378,301
59010,33.3,23.5,148,128
59011,29.7,22.2,3157,2478
59013,32.3,20.5,119,96
59014,35.4,25.5,1483,1174
59015,32.3,19.3,554,414
59016,36.8,28.2,1044,668
59018,29.6,21.6,729,602
59019,30.4,20.9,4047,3130
59020,31.1,22.5,85,75
59022,41.0,35.8,1868,1147
59024,35.9,24.1,303,251
59025,34.2,26.2,73,60
59026,35.5,23.0,150,118
59027,30.7,22.1,802,721
59028,30.5,21.7,411,343
59029,35.5,25.1,724,619
59030,31.7,22.4,1153,1010
59031,40.9,36.1,462,299
59032,29.2,22.0,491,391
59033,32.7,22.3,130,104
59034,32.9,26.1,5418,3800
59035,36.0,27.3,312,244
59036,32.3,27.0,1522,1185
59037,35.9,23.1,1940,1492
59038,33.6,22.9,660,497
59041,34.6,23.2,2034,1602
59043,46.0,35.5,2874,1778
59044,34.1,20.8,12099,9065
59046,34.0,27.0,562,458
59047,30.8,22.1,13319,10950
59050,36.0,27.3,1722,1083
59052,29.8,22.1,162,136
59053,32.9,24.3,285,209
59054,34.8,25.0,318,249
59055,29.2,21.9,75,52
59057,33.1,17.7,645,505
59058,33.0,22.8,63,53
59059,35.5,26.1,168,131
59061,30.7,21.4,193,166
59062,32.0,21.8,77,54
59063,31.5,20.9,2174,1703
59064,34.4,23.7,258,188
59065,30.3,22.0,229,206
59066,36.3,27.3,699,449
59067,31.9,21.5,192,140
59068,32.5,20.2,3670,3122
59069,30.7,21.6,633,545
59070,33.2,21.1,1327,1038
59071,30.6,21.1,81,75
59072,36.0,26.8,4150,3368
59074,33.3,27.1,418,339
59075,35.8,27.2,221,161
59077,31.1,23.6,58,52
59078,34.2,28.2,126,109
59079,37.0,23.5,3520,2666
59085,31.9,24.6,103,81
59086,28.7,20.5,759,621
59087,31.4,23.8,396,330
59088,36.2,23.8,1272,983
59089,37.3,28.1,416,264
59101,37.0,24.1,41522,32311
59102,32.4,20.1,48133,38213
59105,34.9,21.9,33310,24699
59106,31.1,16.3,20681,15395
59201,40.1,29.7,4998,3594
59211,35.8,23.9,178,141
59212,33.3,18.5,542,372
59213,43.9,33.3,791,496
59214,33.6,24.1,124,80
59215,32.6,21.8,1104,876
59217,37.2,21.8,85,70
59218,33.6,20.7,1127,863
59219,34.4,23.0,230,158
59221,38.1,22.9,1936,1423
59222,34.5,23.1,203,153
59223,31.8,23.9,110,91
59225,37.3,26.2,564,362
59226,33.3,21.3,411,302
59230,33.0,24.3,4623,3599
59231,32.9,25.5,471,351
59241,32.0,21.9,356,286
59242,37.6,23.5,107,82
59243,38.6,21.9,453,338
59244,31.2,25.0,80,63
59247,35.1,22.5,331,258
59248,33.6,24.1,986,776
59250,31.1,22.6,136,114
59252,36.3,23.1,173,110
59253,33.8,23.9,121,98
59254,35.4,24.5,1937,1584
59255,46.2,35.2,3476,2275
59256,35.9,23.6,95,79
59257,36.7,25.5,62,51
59258,36.1,24.6,160,104
59259,32.2,22.0,391,319
59260,32.6,22.8,129,102
59261,38.3,24.5,472,395
59262,37.6,22.9,702,531
59263,33.1,22.7,1284,1012
59270,38.1,23.4,8633,6545
59274,32.9,22.8,246,194
59275,36.5,23.6,337,267
59301,32.3,23.7,11509,8977
59311,34.4,24.1,138,116
59313,31.6,23.6,2592,1895
59314,31.1,21.1,100,85
59315,30.8,21.1,126,100
59317,30.7,22.4,1045,862
59318,32.9,24.5,126,89
59322,30.8,23.2,99,72
59323,35.4,18.8,2129,1538
59324,32.6,24.7,967,739
59326,34.0,28.6,231,188
59327,36.3,26.0,2645,2140
59330,33.2,22.7,8244,6425
59332,34.2,24.3,114,92
59336,30.3,21.3,253,164
59337,29.8,25.1,762,582
59338,32.6,22.2,162,126
59339,32.6,21.1,157,123
59343,30.1,22.8,64,56
59344,32.7,22.6,372,269
59345,28.8,20.6,89,67
59347,36.3,25.4,241,209
59349,33.8,29.8,864,688
59351,30.2,21.4,192,154
59353,32.9,24.6,949,736
59401,37.6,25.3,13030,10445
59404,34.5,21.8,28131,21798
59405,35.7,24.6,33578,25931
59410,32.6,22.0,887,693
59411,38.0,29.1,431,327
59412,34.5,22.1,1680,1258
59414,38.0,26.1,950,759
59416,35.1,25.1,318,263
59417,42.8,35.3,7795,5106
59418,33.1,22.5,132,94
59419,32.6,25.0,194,153
59420,32.5,20.9,221,176
59421,34.9,23.1,2057,1663
59422,31.1,24.3,2738,2141
59424,29.0,22.5,90,75
59425,35.0,26.6,3515,2704
59427,37.1,29.6,5091,3678
59430,30.3,22.1,393,330
59432,40.5,33.2,142,121
59433,32.4,25.3,545,440
59434,37.1,28.7,473,347
59435,37.0,26.9,83,65
59436,30.9,23.7,1961,1446
59440,35.2,22.7,225,163
59441,30.0,19.2,92,70
59442,33.1,22.5,1792,1421
59443,36.6,25.1,653,475
59444,35.2,27.1,271,206
59446,36.0,25.7,505,412
59447,32.5,25.2,262,197
59448,44.2,35.8,718,454
59450,36.4,25.7,463,363
59451,31.1,21.2,230,176
59452,32.1,25.4,495,409
59453,31.4,25.3,315,247
59454,37.5,30.1,209,163
59456,33.9,24.9,333,228
59457,31.5,24.7,8894,7092
59460,36.5,26.5,203,163
59462,33.2,25.0,177,132
59463,33.2,23.5,197,170
59464,29.4,20.9,607,456
59465,31.4,23.5,62,51
59466,34.2,31.3,103,83
59468,33.1,24.6,775,570
59469,32.5,25.8,126,112
59471,30.7,21.6,253,191
59472,34.2,21.6,709,533
59474,35.4,26.2,3476,2828
59477,37.0,24.6,431,316
59479,31.8,24.6,819,683
59480,35.1,21.3,334,265
59482,37.9,29.0,561,423
59483,36.0,24.7,445,342
59484,38.8,30.0,199,156
59485,36.5,25.1,879,657
59486,40.4,35.0,1313,1002
59487,35.9,24.7,1252,950
59489,30.0,20.7,357,270
59501,37.0,23.9,12676,9563
59520,35.7,25.5,1102,831
59521,45.2,31.9,3820,2332
59522,33.6,28.6,1371,1064
59523,35.3,21.7,2114,1614
59524,43.7,29.0,753,496
59525,38.8,25.6,267,195
59526,46.0,32.9,2649,1756
59527,45.4,30.6,1177,782
59528,37.5,25.9,207,170
59529,36.4,22.7,181,145
59530,35.6,24.7,141,111
59531,34.2,28.0,279,214
59532,39.3,25.3,159,121
59537,38.4,24.7,105,78
59538,38.7,24.5,2960,2273
59540,37.3,25.0,492,365
59542,36.8,22.8,392,321
59544,40.1,25.3,162,107
59546,40.0,26.2,131,116
59601,30.1,17.4,30848,24912
59602,31.8,18.8,29390,22447
59625,20.3,12.8,294,283
59631,32.8,23.8,234,191
59632,33.6,22.1,2010,1600
59633,29.3,17.3,248,181
59634,31.3,18.7,5393,4157
59635,33.5,20.5,7738,5790
59638,34.5,22.4,770,605
59639,33.0,22.3,1230,1050
59640,31.4,16.7,113,91
59643,30.1,20.0,544,411
59644,31.1,22.9,4418,3548
59645,33.1,23.2,1699,1413
59647,29.2,19.9,275,223
59648,30.6,19.2,618,524
59701,32.8,23.1,33937,27197
59710,30.1,20.7,288,246
59711,32.4,25.1,9234,7641
59713,32.6,23.4,236,192
59714,24.6,14.9,22333,16636
59715,22.0,13.6,37286,31898
59716,23.9,12.5,2924,2508
59718,22.8,13.5,43831,34903
59720,26.3,16.4,301,271
59721,32.2,21.8,434,360
59722,36.8,25.7,5697,4858
59724,28.4,24.2,107,81
59725,28.3,21.0,8069,6433
59727,30.9,20.0,260,209
59728,34.1,24.3,335,279
59729,27.9,17.3,2684,2291
59730,23.4,13.4,2154,1731
59731,34.8,24.4,211,181
59732,30.0,22.6,159,123
59733,33.2,23.0,151,127
59735,30.2,20.2,339,272
59736,29.6,22.3,120,102
59739,29.0,22.9,325,274
59740,29.4,19.6,611,505
59741,24.6,15.9,5397,3956
59743,29.8,20.2,190,157
59745,30.1,18.9,119,86
59746,28.9,23.6,131,110
59747,28.8,21.2,147,128
59748,31.1,17.4,255,204
59749,29.1,21.5,1640,1367
59750,31.9,18.9,405,306
59751,30.7,19.9,173,132
59752,27.5,18.0,4535,3390
59754,29.5,20.2,903,735
59755,29.5,22.2,260,229
59756,32.8,23.0,346,332
59758,25.5,16.9,1932,1541
59759,34.6,24.8,3467,2847
59760,26.3,17.9,269,215
59761,29.0,22.3,267,223
59762,30.1,24.1,287,246
59801,27.0,16.8,30629,25268
59802,26.8,16.4,19892,16591
59803,25.3,14.7,17203,13178
59804,26.3,17.4,8193,6558
59808,26.9,17.5,21546,17027
59812,18.5,14.5,1195,1190
59820,31.3,20.6,1562,1253
59821,34.4,23.9,2563,1945
59823,28.5,18.8,1684,1360
59824,35.0,26.1,1575,1224
59825,28.2,18.7,2450,1939
59826,29.1,21.1,497,432
59827,32.7,22.3,278,238
59828,32.0,20.2,6265,4881
59829,33.0,23.0,2489,2148
59830,38.7,25.6,210,178
59831,39.3,31.1,467,366
59832,31.3,24.7,764,617
59833,31.8,19.4,5825,4648
59834,27.9,17.7,2410,1825
59837,31.5,23.5,400,324
59840,31.9,21.4,14466,11918
59841,30.9,18.5,805,428
59842,37.8,23.7,99,81
59843,35.3,23.6,244,198
59844,35.4,26.9,664,538
59845,38.6,31.9,1254,1053
59846,28.4,18.3,1641,1302
59847,28.7,17.9,6112,4644
59848,35.5,31.8,140,112
59851,26.0,16.1,189,152
59853,36.2,26.5,846,690
59854,34.0,24.4,225,206
59855,36.5,25.7,743,462
59856,34.5,24.9,238,203
59858,30.4,23.5,1679,1377
59859,34.3,25.1,3683,2977
59860,31.7,22.4,11309,9002
59863,36.2,26.0,85,71
59864,35.4,26.6,7348,5301
59865,35.1,25.9,3338,2470
59866,36.0,24.5,1019,831
59868,29.3,20.4,2087,1793
59870,31.9,20.0,11245,9024
59871,31.5,23.9,249,225
59872,36.3,25.2,2406,2009
59873,34.1,25.7,3416,2842
59874,34.9,26.0,1695,1417
59875,32.7,21.3,3721,3090
59901,31.5,20.0,57900,44279
59910,32.8,23.6,506,419
59911,29.5,18.3,8722,7318
59912,31.5,20.1,15395,11962
59913,34.4,23.8,727,578
59914,31.7,24.1,377,300
59915,34.5,23.7,464,333
59916,34.5,25.9,188,173
59917,38.7,28.8,4274,3483
59918,34.1,22.5,492,398
59919,34.9,23.6,828,666
59920,33.0,21.2,1880,1485
59922,30.8,19.3,2643,2095
59923,38.0,26.8,9743,7943
59925,33.8,22.9,1633,1264
59926,34.7,24.1,439,366
59927,33.4,23.1,413,335
59928,33.5,24.9,171,154
59929,28.8,20.6,227,166
59930,35.9,24.8,1184,876
59931,27.6,19.9,297,263
59932,31.0,19.7,1558,1224
59934,34.4,22.6,523,448
59935,39.9,29.9,3432,2864
59936,34.0,25.1,392,334
59937,29.7,16.6,14354,11715
60002,34.4,19.0,24086,18603
60004,25.5,17.1,52546,40609
60005,25.7,17.7,30221,24116
60007,27.0,20.0,33670,27534
60008,27.3,20.5,22760,18125
60010,26.7,15.5,46365,35749
60012,30.9,19.4,10916,8277
60013,31.3,18.0,26144,20125
60014,31.8,19.8,48275,36893
60015,28.4,13.2,28013,21026
60016,26.1,22.1,61888,50740
60018,28.9,24.9,30051,23384
60020,35.9,22.2,10967,8938
60021,30.5,17.0,5404,4190
60022,23.7,12.0,8482,6097
60025,24.6,17.8,41256,31726
60026,22.3,17.1,14518,11439
60029,24.7,13.8,514,376
60030,32.0,17.4,36346,28518
60031,31.9,17.8,37650,29374
60033,35.6,27.5,13581,10036
60034,33.5,23.1,2148,1653
60035,29.3,14.2,30152,23309
60040,36.2,23.9,5102,3890
60041,36.2,22.1,9140,7311
60042,34.0,20.6,8433,6686
60043,23.1,11.3,2514,1733
60044,28.8,14.7,10244,7855
60045,28.0,13.6,21026,16448
60046,33.3,18.2,34690,26302
60047,29.4,14.6,43944,33142
60048,29.9,14.7,29353,22279
60050,32.9,22.2,31854,25108
60051,33.3,20.6,24649,19639
60053,23.3,21.0,25297,20259
60056,26.0,19.1,57177,44457
60060,33.2,20.5,37599,29142
60061,28.1,15.7,27581,20878
60062,22.7,16.1,42751,33482
60064,44.6,35.2,15206,10957
60067,25.2,16.6,39324,31191
60068,24.8,15.4,39672,30273
60069,26.6,15.3,8735,6998
60070,27.0,20.7,15840,12509
60071,33.7,22.2,3891,3185
60072,33.4,22.2,988,791
60073,36.7,24.4,61721,44500
60074,28.8,21.7,37705,29616
60076,24.6,20.5,34295,26690
60077,25.6,23.2,28856,23168
60081,33.3,20.3,9396,7439
60083,33.6,20.1,9564,7573
60084,34.1,19.0,17029,13088
60085,40.6,30.9,71609,52184
60087,38.9,27.9,28207,21195
60088,27.3,15.6,14188,13119
60089,26.3,15.8,43227,33171
60090,27.4,22.5,39017,31469
60091,23.0,13.4,28053,20319
60093,24.0,13.2,20691,14789
60096,36.4,22.3,6760,5452
60097,34.2,22.4,10849,8454
60098,33.3,22.9,33153,25882
60099,40.6,27.7,31579,23233
60101,33.3,26.3,37644,29176
60102,31.4,19.2,31959,24938
60103,27.4,18.5,41740,32452
60104,38.9,29.2,18829,14765
60106,34.1,26.0,20562,15879
60107,28.6,23.7,39535,31009
60108,29.6,21.2,23070,18852
60109,34.2,20.2,580,453
60110,37.7,27.5,38762,27314
60111,35.7,23.0,258,202
60112,35.9,20.7,4560,3247
60113,43.4,23.6,255,185
60115,37.4,26.0,42103,33476
60118,33.3,19.8,16342,13332
60119,32.5,16.4,10905,8300
60120,35.9,29.3,50799,37705
60123,37.3,26.6,47932,36683
60124,31.4,18.2,24859,18767
60126,28.0,15.8,48147,36125
60129,40.1,24.1,213,163
60130,30.6,19.2,14346,12514
60131,31.4,26.6,18205,14203
60133,30.3,24.1,37494,27973
60134,31.2,15.4,30503,22836
60135,37.3,24.5,7292,5569
60136,32.3,17.7,8497,6025
60137,29.1,17.0,38985,29231
60139,30.9,25.3,33196,25433
60140,33.5,19.0,21902,15932
60141,34.4,31.5,131,113
60142,30.8,22.6,29831,23319
60143,28.8,18.1,11214,8828
60144,34.5,18.5,71,53
60145,36.1,22.1,2350,1822
60146,36.1,22.6,2420,1851
60148,29.8,19.2,52794,42008
60150,35.6,22.0,1713,1299
60151,34.2,19.5,3997,3179
60152,33.7,22.9,12382,9650
60153,39.6,32.1,23512,17702
60154,28.9,19.9,16895,14022
60155,38.0,28.7,8011,6518
60156,31.9,19.4,28982,21561
60157,30.4,19.2,2668,2010
60160,34.6,31.8,24776,18474
60162,34.1,25.9,8337,6636
60163,34.1,26.6,5285,4255
60164,32.3,29.4,22367,17317
60165,37.2,37.1,4576,3359
60169,26.2,21.1,34248,26707
60171,31.7,23.8,10612,8546
60172,30.1,19.7,24560,19410
60173,22.3,17.0,13764,10994
60174,32.3,18.0,30958,24372
60175,31.4,16.0,26024,19589
60176,30.0,22.9,11714,9348
60177,34.0,21.1,24361,18143
60178,34.0,19.3,22386,17032
60180,31.1,19.1,1568,1241
60181,31.0,20.2,29821,23335
60183,31.1,14.7,71,51
60184,29.4,17.0,2326,1908
60185,33.1,24.2,34775,26094
60187,28.0,16.0,30059,23392
60188,29.2,20.2,43053,33504
60189,28.5,15.5,30377,23506
60190,29.8,17.8,11455,9093
60191,32.0,23.3,14456,11829
60192,23.2,17.3,16550,12741
60193,26.0,19.0,40805,32128
60194,25.1,20.1,20622,16110
60195,22.0,16.2,5150,4073
60201,25.1,17.0,44652,37007
60202,28.1,16.7,33245,26496
60203,25.8,15.7,4634,3453
60208,17.9,16.4,213,201
60301,24.9,13.2,3043,2696
60302,27.5,15.6,33698,26398
60304,27.4,14.4,17842,13031
60305,24.7,14.4,11710,8807
60401,38.4,25.2,8156,6388
60402,32.8,26.2,64706,49417
60403,39.9,27.7,17667,14041
60404,36.6,21.6,19916,15245
60406,36.8,30.1,24011,18092
60407,38.3,24.4,1532,1226
60408,40.2,24.7,5601,4327
60409,41.2,31.3,36045,27725
60410,36.7,20.7,13503,10029
60411,39.0,31.1,53515,39616
60415,31.2,22.6,14433,11142
60416,36.7,22.5,9512,7113
60417,40.6,26.2,15342,12551
60418,30.1,22.4,10813,9194
60419,42.3,30.2,21409,16501
60420,36.3,26.0,4701,3751
60421,39.0,25.5,3734,3032
60422,31.4,18.4,9927,7746
60423,35.7,19.3,32784,24830
60424,38.2,25.3,2102,1666
60425,37.9,26.0,8781,6936
60426,41.7,35.7,24114,18159
60428,40.8,32.2,11351,8254
60429,38.8,27.2,14683,11122
60430,32.5,20.8,20146,15634
60431,39.5,23.0,26853,19763
60432,47.0,38.9,19989,14192
60433,46.5,37.2,16526,12378
60435,41.6,29.3,48927,37273
60436,44.7,33.1,18535,14004
60437,37.5,23.6,168,125
60438,35.4,25.3,29661,22857
60439,27.1,17.6,24327,19130
60440,40.1,27.8,52031,39477
60441,38.3,22.2,37093,28646
60442,37.0,19.5,12218,8726
60443,35.9,23.9,21309,16734
60444,36.3,22.7,1784,1299
60445,32.2,23.9,14692,11324
60446,39.1,26.8,40465,30346
60447,36.3,19.7,15750,11175
60448,36.3,20.0,25512,19807
60449,40.4,25.5,8961,7199
60450,36.6,23.7,20877,16299
60451,35.9,18.9,36561,27242
60452,29.0,20.0,27363,21462
60453,30.2,22.6,58362,45758
60455,30.6,24.2,17098,13091
60456,31.1,23.6,4343,3498
60457,30.1,22.2,14420,11265
60458,34.1,26.1,14504,10947
60459,31.2,26.4,29451,22530
60460,36.5,25.5,1449,1114
60461,34.6,23.7,4785,4092
60462,27.4,19.0,40539,32513
60463,27.0,19.6,14048,11541
60464,26.3,19.3,9982,8283
60465,29.3,21.8,18530,14739
60466,40.3,28.3,21904,16889
60467,26.7,18.3,26098,21140
60468,38.9,24.9,6112,4827
60469,34.1,28.0,5469,4081
60470,36.9,23.4,580,448
60471,37.6,23.5,13155,10248
60472,42.9,33.9,4671,3646
60473,38.0,27.0,21661,16950
60474,38.0,25.8,824,658
60475,40.3,29.9,9969,7812
60476,31.0,21.2,2388,1909
60477,28.4,19.3,37335,30430
60478,38.2,25.8,16893,12569
60479,35.8,22.9,685,516
60480,28.2,19.2,5272,4336
60481,39.5,25.9,11518,9402
60482,32.6,25.3,11216,8811
60484,48.3,30.1,6761,4907
60487,29.8,18.3,26388,20458
60490,34.6,21.0,21907,16118
60491,36.0,21.5,22999,18091
60501,34.8,32.2,11746,8583
60502,28.7,17.9,22592,16721
60503,34.7,18.1,16855,11648
60504,31.1,19.7,38901,28811
60505,41.5,34.3,57906,41407
60506,38.1,27.2,52011,39232
60510,32.2,17.0,28156,21420
60511,34.1,19.6,1721,1335
60512,39.4,19.9,1165,934
60513,28.5,18.4,19514,14921
60514,28.6,15.3,10320,7511
60515,29.3,16.4,29278,22731
60516,29.3,17.8,28694,22930
60517,30.7,19.4,33276,25950
60518,37.6,24.4,3325,2639
60519,29.9,14.1,76,51
60520,36.3,22.7,2773,2128
60521,25.8,13.6,18199,12965
60523,25.4,20.8,10347,8681
60525,26.9,17.0,32613,25080
60526,25.5,16.1,13810,10509
60527,28.5,19.0,29139,23672
60530,36.5,22.0,577,448
60531,37.4,23.3,1879,1437
60532,28.6,16.9,28766,23455
60534,32.4,26.0,10749,8430
60536,37.4,17.7,80,64
60537,37.4,19.8,627,474
60538,40.0,22.7,28898,20596
60539,29.1,14.9,275,112
60540,26.5,14.8,44201,33994
60541,38.7,19.0,3061,2299
60542,33.5,20.1,18540,14726
60543,38.6,18.1,40299,29091
60544,36.2,22.5,27680,21011
60545,41.5,21.6,13888,10020
60546,28.5,19.1,16819,12795
60548,35.9,22.5,12019,9480
60549,35.5,22.8,666,538
60550,34.3,22.5,1293,1009
60551,38.6,21.8,5006,4332
60552,35.4,20.8,4339,3336
60553,37.4,22.5,703,540
60554,32.2,17.2,12049,9384
60555,32.2,20.4,13909,10717
60556,35.0,21.2,1956,1482
60557,35.5,23.2,122,90
60558,24.1,12.2,13629,9617
60559,29.3,18.5,24363,19494
60560,39.3,18.5,27185,19683
60561,28.8,19.1,23139,18862
60563,27.2,16.5,37997,29479
60564,30.0,17.7,45616,33227
60565,28.5,15.8,40300,30320
60585,34.2,17.4,24920,17325
60586,38.6,21.8,47212,34337
60601,22.2,13.1,15814,14747
60602,23.5,14.8,1261,1150
60603,24.8,17.4,1288,1208
60604,24.4,15.9,897,847
60605,23.2,12.7,34071,31111
60606,22.1,10.6,3797,3624
60607,23.4,14.0,31816,28098
60608,32.0,27.8,75770,62115
60609,37.0,34.4,65770,48039
60610,25.2,14.1,43794,39943
60611,22.6,12.4,38456,36018
60612,35.8,25.2,34402,27061
60613,25.2,13.3,53048,46747
60614,23.1,11.4,73173,63091
60615,33.0,21.5,43502,36476
60616,26.3,25.0,54013,45964
60617,39.6,33.3,77270,59583
60618,28.6,19.4,90316,71851
60619,42.8,31.3,63303,50844
60620,42.7,32.9,66514,52318
60621,46.2,38.3,29570,21967
60622,26.2,14.1,55075,47265
60623,40.0,37.3,87649,62811
60624,46.6,39.1,37547,27465
60625,28.3,21.4,76525,61622
60626,31.6,21.8,50548,43374
60628,42.3,32.5,62832,49046
60629,36.8,33.0,114453,83340
60630,27.8,20.7,54064,43464
60631,26.6,17.7,29691,23449
60632,34.2,33.6,92237,67049
60633,36.3,30.0,13359,10254
60634,30.2,24.0,75694,60436
60636,44.9,39.0,34800,25718
60637,38.8,29.1,53555,41154
60638,31.1,24.5,56928,43973
60639,36.5,33.6,89543,66574
60640,29.2,19.4,65941,58680
60641,31.4,24.8,69354,54623
60642,25.1,12.5,21687,19453
60643,35.9,24.1,47831,37828
60644,45.4,37.3,47239,35830
60645,30.2,24.7,48356,36081
60646,25.6,17.7,28383,22097
60647,28.1,17.5,85631,71340
60649,44.1,32.7,48171,38141
60651,41.1,35.6,62819,47963
60652,37.1,29.5,40898,31213
60653,42.2,30.5,33146,25598
60654,22.8,10.0,23890,22630
60655,28.2,16.7,27837,21082
60656,27.4,19.5,28474,22862
60657,22.8,10.8,72316,64123
60659,27.4,25.9,40579,30665
60660,28.3,19.6,42534,37674
60661,20.6,10.1,11987,11292
60706,27.7,21.9,24327,19834
60707,30.9,23.7,43241,34571
60712,22.0,19.6,13463,10736
60714,25.3,22.5,31006,25835
60803,32.9,24.5,22189,17431
60804,35.5,33.5,85673,62152
60805,30.4,19.1,19945,15211
60827,45.4,34.8,24936,17937
60901,44.1,30.1,33628,25498
60910,37.5,20.7,524,423
60911,40.4,25.3,1257,965
60912,41.2,26.9,511,404
60913,37.8,22.3,1472,1197
60914,36.9,21.3,28894,22171
60915,41.2,27.1,10128,7853
60917,37.6,22.2,515,402
60918,39.5,25.0,803,640
60919,37.8,25.2,481,366
60920,36.3,25.5,149,107
60921,37.7,26.3,1506,1095
60922,37.4,21.1,2186,1703
60924,37.2,23.0,1519,1186
60927,37.2,21.6,2226,1711
60928,39.9,26.1,632,518
60929,36.7,25.4,638,508
60930,39.2,27.5,876,684
60931,41.9,26.6,572,427
60932,44.2,28.1,90,61
60933,37.6,24.4,282,225
60934,37.5,25.0,248,185
60935,37.8,22.5,1114,837
60936,38.2,28.6,4315,3389
60938,40.1,28.0,2080,1563
60940,39.1,24.5,3246,2552
60941,36.2,20.6,1927,1480
60942,42.2,29.1,5731,4452
60945,42.2,27.7,133,114
60946,38.6,25.6,351,277
60948,40.1,25.8,1492,1173
60949,34.0,22.0,501,375
60950,36.4,21.5,11996,9414
60951,40.3,25.4,803,653
60952,37.8,25.0,636,470
60953,40.5,26.3,2113,1614
60954,40.2,26.9,5825,4576
60955,40.7,28.0,1828,1372
60956,42.0,25.3,133,108
60957,36.3,23.5,5499,4210
60958,50.0,35.3,1835,1459
60959,37.7,27.8,958,785
60960,41.9,26.3,923,679
60961,37.8,22.9,733,604
60962,38.2,26.0,532,416
60963,42.3,26.9,1636,1254
60964,38.3,24.0,4628,3694
60966,41.3,27.8,1379,1088
60968,40.8,26.0,390,292
60970,43.7,32.4,6306,5021
60973,40.3,27.3,342,264
60974,41.4,26.2,257,199
61001,36.9,25.4,1144,965
61006,37.1,22.2,1640,1286
61007,41.4,24.4,472,373
61008,38.1,27.6,33747,25468
61010,39.2,20.0,7733,5777
61011,34.9,19.6,2899,2334
61012,36.2,23.9,2160,1615
61013,38.4,23.9,663,543
61014,37.5,24.1,1016,814
61015,39.1,21.0,895,707
61016,36.9,21.1,4738,3974
61018,38.4,22.1,1048,805
61019,37.9,23.1,3622,2950
61020,40.4,21.1,3267,2321
61021,40.0,26.1,22984,18640
61024,37.5,21.1,2456,1944
61025,36.2,23.4,4504,3567
61028,37.6,25.8,1865,1532
61030,41.8,25.0,2077,1607
61031,35.3,23.3,1430,1120
61032,41.9,29.0,29110,23035
61036,34.7,21.1,7111,5898
61037,36.0,24.7,122,99
61038,35.4,24.2,1175,918
61039,39.0,22.7,780,592
61041,38.7,26.5,1352,1085
61042,36.8,24.3,511,404
61043,38.5,18.6,133,98
61044,40.1,24.2,231,178
61046,38.6,24.4,2998,2388
61047,39.3,21.3,1688,1351
61048,37.6,23.5,4081,3202
61049,43.4,27.0,476,402
61050,39.6,23.7,349,251
61051,36.9,23.0,1444,1148
61052,43.9,26.1,1041,818
61053,38.8,26.5,2542,2098
61054,42.6,28.7,3731,2967
61057,36.9,20.9,108,87
61059,38.4,25.8,116,95
61060,38.5,23.7,1387,1077
61061,41.1,24.8,6865,5536
61062,39.8,24.6,1871,1411
61063,37.7,20.1,3901,2965
61064,42.1,25.6,3693,2909
61065,35.9,22.0,11206,8135
61067,38.2,23.1,669,556
61068,42.0,25.7,14653,11105
61070,38.7,22.1,1109,850
61071,38.0,27.6,13389,10527
61072,37.9,20.5,11259,8623
61073,37.1,18.9,19936,15277
61074,39.9,27.7,4023,3277
61075,36.5,22.4,989,776
61077,39.5,19.7,74,64
61078,38.7,24.1,1388,1036
61079,37.6,20.2,226,173
61080,40.3,23.7,11252,8377
61081,36.9,26.8,21064,16436
61084,37.9,18.8,3036,2374
61085,37.8,24.9,3194,2527
61087,38.3,26.3,1541,1215
61088,37.6,20.2,5966,4587
61089,38.6,22.2,831,642
61091,42.5,26.3,93,72
61101,49.3,36.1,19784,14646
61102,49.6,36.9,17281,12780
61103,46.0,31.2,23294,18018
61104,50.9,39.9,17354,12417
61107,38.9,23.2,30722,24210
61108,41.2,27.3,29660,23040
61109,42.6,28.5,26958,20730
61111,40.8,25.4,23028,18399
61112,29.1,30.6,139,133
61114,37.0,22.1,15569,12530
61115,40.8,24.7,22599,17614
61201,40.9,26.8,37366,29062
61230,34.2,22.6,1191,910
61231,39.0,25.8,5291,4128
61232,38.5,21.1,1335,1048
61233,35.4,21.6,391,300
61234,35.2,21.2,1197,900
61235,37.4,24.5,1328,1065
61236,40.3,26.1,89,66
61238,36.3,22.2,3028,2393
61239,42.0,24.9,1024,681
61240,35.7,19.4,5902,4675
61241,36.0,21.6,6841,5345
61242,36.6,20.8,1121,867
61243,36.0,24.0,249,187
61244,40.5,26.3,24004,18724
61250,35.2,22.7,2587,1977
61251,34.6,21.3,387,300
61252,35.7,25.4,5436,4320
61254,35.1,21.9,11587,8895
61256,39.2,26.1,1779,1419
61257,37.3,21.4,1097,891
61258,37.0,24.4,180,124
61259,35.6,19.1,1197,976
61260,39.9,26.6,748,575
61261,34.8,22.8,847,686
61262,36.1,21.2,961,761
61263,38.0,22.1,742,553
61264,38.7,23.1,10157,8175
61265,39.7,25.3,44342,34314
61270,33.9,22.5,7055,5576
61272,40.2,27.0,1449,1156
61273,35.4,20.0,3227,2417
61274,36.5,22.8,317,260
61275,36.8,19.7,4154,3209
61276,37.9,24.6,75,58
61277,35.4,24.1,3233,2525
61278,38.4,23.4,697,545
61279,35.7,19.9,1000,719
61281,38.7,23.0,2529,1973
61282,40.0,26.5,8278,6415
61283,35.9,24.1,1486,1103
61284,36.8,20.6,2298,1830
61285,43.0,27.4,2681,2403
61301,38.6,26.2,10375,8061
61310,38.6,25.0,3700,2927
61311,37.5,28.3,179,150
61312,40.4,25.9,413,340
61313,37.4,26.9,304,224
61314,38.1,24.7,702,549
61315,39.7,25.9,281,214
61316,36.8,24.5,269,209
61317,37.3,23.7,441,351
61318,38.2,24.5,620,479
61319,36.5,25.2,1147,905
61320,38.5,25.7,641,514
61321,38.5,24.3,264,211
61322,40.4,30.8,1463,1062
61323,39.8,28.1,119,94
61324,38.2,23.6,102,85
61325,36.1,21.7,992,777
61326,37.1,23.4,2103,1686
61327,36.0,21.5,1207,983
61329,38.7,25.2,1266,1001
61330,37.3,24.6,1369,1111
61332,37.4,24.7,133,107
61333,35.2,23.3,343,256
61334,38.8,24.3,642,520
61335,36.0,22.0,519,411
61336,37.1,21.5,561,439
61337,40.7,27.3,443,362
61338,38.9,25.4,345,271
61340,38.0,22.7,479,368
61341,38.0,24.1,8092,6386
61342,37.9,27.0,8648,6613
61344,38.0,25.0,323,261
61345,38.1,25.3,753,604
61346,36.2,25.6,78,57
61348,37.2,23.5,4576,3578
61349,37.8,24.3,903,716
61350,37.8,25.1,23997,19085
61353,38.1,24.2,1207,984
61354,36.4,24.2,10447,8425
61356,37.8,25.5,10915,8797
61358,38.7,25.8,410,328
61359,39.3,27.8,313,239
61360,37.5,23.3,3306,2479
61361,37.6,24.8,1336,1047
61362,39.3,26.8,5961,4644
61363,35.5,23.5,225,188
61364,39.2,27.9,18449,14414
61367,38.1,25.4,691,545
61368,36.9,23.4,1302,1038
61369,39.2,26.9,1586,1251
61370,37.5,24.3,1317,1022
61371,38.5,25.0,100,83
61372,38.7,24.5,225,181
61373,35.7,21.2,1976,1536
61374,38.3,23.5,77,60
61375,37.6,25.0,1095,899
61376,37.6,25.5,2022,1561
61377,37.8,24.0,1302,999
61378,38.1,24.2,518,417
61379,38.0,22.9,1244,946
61401,40.4,30.0,31169,24899
61402,48.3,29.4,1589,1589
61410,39.3,26.9,3632,2772
61411,36.9,23.7,355,288
61412,37.3,23.3,1346,1045
61413,36.4,22.4,1020,805
61414,35.5,21.1,782,619
61415,38.7,25.8,1623,1250
61416,37.4,21.8,210,156
61417,37.0,23.0,206,184
61418,36.4,22.0,677,555
61419,34.2,25.0,113,101
61420,37.7,24.5,964,757
61421,38.3,25.4,1234,953
61422,39.7,27.9,3099,2447
61423,37.7,25.0,596,502
61425,37.9,23.6,394,344
61426,39.8,22.7,92,61
61427,40.1,26.9,2157,1739
61428,36.7,23.6,1125,893
61430,37.5,23.8,753,605
61431,40.5,27.8,295,235
61432,38.1,22.8,586,468
61434,38.8,25.7,3058,2398
61435,37.5,24.1,211,173
61436,36.8,22.7,840,670
61437,37.0,22.6,663,543
61438,37.1,23.0,709,574
61439,35.5,23.2,274,215
61440,36.6,23.1,600,479
61441,39.8,26.6,824,647
61442,39.1,27.6,691,553
61443,39.9,28.2,13780,10491
61447,37.0,22.5,923,699
61448,36.4,24.0,3794,2973
61449,37.5,24.9,399,316
61450,39.6,27.0,1576,1240
61451,33.7,22.3,305,250
61452,42.5,31.5,259,212
61453,37.7,23.4,609,456
61454,39.0,25.0,641,523
61455,38.2,25.6,17630,14697
61458,38.2,24.3,672,568
61459,39.7,25.2,396,320
61460,39.6,25.0,290,241
61462,37.3,25.8,10980,8588
61465,37.3,22.8,1116,878
61466,37.6,22.1,292,231
61467,35.2,21.6,1069,820
61468,39.0,22.0,104,77
61469,41.7,28.7,1802,1501
61470,39.9,28.4,542,418
61471,38.7,26.0,102,83
61472,36.0,22.1,614,478
61473,36.4,23.3,1539,1216
61474,38.1,26.1,282,231
61475,35.6,21.2,201,168
61476,40.6,27.8,386,302
61477,39.0,26.1,569,470
61478,34.3,21.2,298,220
61479,37.6,24.1,107,91
61480,38.3,25.3,1242,957
61482,39.5,25.5,559,436
61483,38.4,25.5,1872,1477
61484,40.1,25.9,787,610
61485,35.7,21.8,541,440
61486,37.2,22.7,1383,1128
61488,36.1,22.9,1019,838
61489,37.4,24.1,915,714
61490,36.8,22.4,1011,792
61491,37.7,24.2,2015,1568
61501,39.8,26.0,1610,1282
61516,38.1,22.7,662,537
61517,30.4,17.2,3293,2539
61519,41.6,27.3,216,173
61520,40.3,26.4,16156,13140
61523,32.7,20.7,10951,8512
61524,39.6,25.8,237,197
61525,28.3,15.6,11433,7848
61526,30.7,17.4,1060,817
61528,29.4,16.8,3285,2346
61529,31.8,19.7,2852,2161
61530,37.5,21.7,6698,5058
61531,37.7,23.4,3325,2546
61532,37.4,25.7,475,351
61533,34.5,22.7,2198,1758
61534,37.7,24.4,1622,1309
61535,36.1,22.0,1748,1318
61536,31.6,19.8,2974,2364
61537,37.7,25.2,2807,2217
61539,34.4,22.5,186,154
61540,37.9,24.7,2741,2182
61541,39.5,25.1,94,82
61542,39.5,26.1,3423,2778
61543,37.9,27.0,110,92
61544,39.0,26.2,688,551
61545,39.5,22.4,597,473
61546,37.1,24.2,3886,3052
61547,33.1,20.5,3757,2888
61548,35.8,18.2,12355,9149
61550,33.8,19.7,18488,14007
61552,28.1,15.1,244,183
61553,38.2,22.8,187,143
61554,38.1,25.3,40854,32285
61559,32.3,21.3,3199,2374
61560,36.8,23.0,654,573
61561,37.3,21.7,2610,1974
61562,29.7,20.7,89,60
61563,39.5,24.4,534,416
61564,38.5,26.0,1002,759
61565,37.6,23.1,1409,1086
61567,35.9,23.5,645,537
61568,34.9,20.1,4346,3214
61569,32.4,20.3,1123,895
61570,39.1,22.8,1720,1328
61571,35.0,19.9,24766,18378
61572,38.2,24.7,997,812
61602,44.4,35.6,1198,1127
61603,43.5,32.9,15503,11001
61604,38.6,28.0,29344,22640
61605,48.2,40.5,14049,9953
61606,32.3,21.4,6798,5627
61607,33.1,22.0,10353,8289
61610,38.9,25.9,4942,3935
61611,37.1,23.1,23837,18968
61614,32.0,20.5,27119,21821
61615,30.5,18.8,24314,19011
61616,33.7,21.0,5966,4807
61625,22.9,14.0,495,488
61701,38.4,23.6,34497,27785
61704,33.1,17.8,37129,28346
61705,34.6,16.7,14682,10705
61720,38.2,24.3,256,178
61721,35.5,21.0,565,447
61722,38.9,25.2,551,419
61723,37.6,22.1,2266,1693
61724,35.3,18.8,494,389
61725,35.9,19.3,1558,1200
61726,36.0,22.0,2417,1886
61727,38.6,25.4,9450,7330
61728,38.6,23.5,1381,1042
61729,36.7,18.2,1182,833
61730,39.1,25.0,305,237
61731,35.3,22.5,220,165
61732,35.9,19.5,2101,1573
61733,35.1,19.3,1099,865
61734,37.7,24.1,2597,1968
61735,37.7,22.9,360,302
61736,33.3,15.5,1966,1392
61737,39.5,26.3,444,378
61738,39.9,23.9,4253,3203
61739,34.5,23.9,4784,3614
61740,34.5,23.5,1484,1131
61741,35.8,24.0,1538,1108
61742,36.7,18.8,1186,855
61743,36.2,24.9,164,147
61744,33.7,18.4,2021,1451
61745,34.6,17.9,4331,3168
61747,34.6,22.7,1471,1164
61748,34.7,17.7,2721,2108
61749,36.8,21.1,588,476
61750,39.4,22.4,92,80
61751,35.8,24.7,110,98
61752,35.4,19.5,4250,3220
61753,36.0,20.9,2950,2205
61754,35.8,19.8,1192,935
61755,35.8,19.8,4422,3257
61756,38.1,20.4,2165,1659
61759,35.7,21.8,1449,1128
61760,38.7,23.4,2350,1874
61761,35.2,21.2,53045,43432
61764,37.3,26.6,13668,10920
61769,36.1,24.3,556,417
61770,39.7,26.7,996,770
61771,39.6,22.6,1005,713
61772,35.3,19.3,348,285
61773,38.0,25.9,447,346
61774,35.2,19.2,949,730
61775,37.3,25.6,286,217
61776,34.0,17.8,1393,1095
61777,37.1,21.7,864,694
61778,36.2,20.7,638,512
61801,30.0,21.8,27658,24404
61802,34.1,22.5,19460,15499
61810,40.7,24.4,329,241
61811,40.1,24.1,666,514
61812,42.6,25.7,275,235
61813,36.6,23.2,1705,1395
61814,41.1,23.7,1206,873
61815,33.2,19.6,339,299
61816,32.2,20.5,482,399
61817,39.0,22.8,2490,1836
61818,36.7,21.9,1553,1178
61820,29.5,24.2,40822,36966
61821,34.6,21.3,29057,22465
61822,30.2,17.7,25091,19443
61830,37.7,22.1,497,376
61831,40.3,24.4,133,97
61832,46.1,32.3,32878,24786
61833,43.4,31.3,1968,1617
61834,45.3,29.2,7895,6632
61839,34.4,18.8,584,434
61840,31.8,17.1,784,555
61841,40.1,24.2,1307,1022
61842,37.7,23.6,2771,2177
61843,30.5,16.6,2527,1888
61844,42.4,26.8,1027,816
61845,31.8,17.9,352,266
61846,41.5,25.7,4669,3566
61847,32.3,23.1,1188,948
61848,40.9,23.0,202,153
61849,33.6,20.5,1715,1360
61850,41.3,25.2,511,396
61851,32.1,19.1,425,341
61852,32.8,20.8,205,170
61853,31.0,16.4,14218,10138
61854,34.2,19.5,1431,1165
61855,37.8,22.5,107,93
61856,34.5,20.6,7933,6081
61857,41.0,25.1,177,130
61858,41.9,26.5,2756,2221
61859,32.4,18.2,1119,860
61862,34.2,22.7,456,373
61863,32.6,19.1,827,638
61864,31.3,18.3,1637,1258
61865,40.2,24.1,1359,1047
61866,39.4,28.9,13459,9902
61870,42.4,26.9,1186,934
61871,31.1,19.5,308,243
61872,32.6,20.2,748,554
61873,31.6,17.2,5911,4310
61874,28.7,18.7,8739,6835
61875,32.1,18.4,802,611
61876,39.9,25.0,671,518
61877,33.2,20.2,1585,1200
61878,33.7,21.9,1347,1084
61880,31.9,18.0,4317,3188
61882,38.7,22.3,641,493
61883,43.4,27.9,4340,3301
61884,34.8,19.5,1094,893
61910,39.9,28.4,4460,3297
61911,37.3,27.0,4849,3358
61912,36.8,21.6,1143,938
61913,38.0,26.4,1563,1175
61914,37.3,22.1,1845,1380
61917,36.2,23.5,569,452
61919,37.8,22.3,778,628
61920,37.6,24.1,20847,17192
61924,38.2,27.5,2274,1847
61925,40.7,24.2,944,696
61928,38.6,24.7,606,503
61929,36.0,23.0,759,588
61930,38.3,24.0,486,389
61931,37.2,22.3,1075,804
61932,34.9,24.5,396,322
61933,37.0,24.2,977,747
61936,36.9,22.6,220,173
61937,41.3,28.3,1934,1425
61938,39.6,26.9,20768,16396
61940,37.2,24.0,216,179
61942,37.6,24.5,1146,924
61943,38.2,25.4,1438,1163
61944,37.9,27.1,11780,9321
61949,35.7,23.6,144,114
61951,37.7,24.6,8057,6156
61953,38.0,23.0,6365,4878
61955,36.3,23.4,193,162
61956,37.5,21.6,2885,2173
61957,37.4,22.5,1766,1377
62001,38.2,23.1,1702,1348
62002,43.0,27.1,30176,23861
62006,34.9,19.5,633,488
62009,37.9,26.7,1636,1280
62010,37.2,21.6,10847,8480
62011,38.6,23.1,186,155
62012,37.1,21.9,6373,5052
62013,33.9,20.6,430,370
62014,36.1,23.6,3836,3017
62015,36.1,21.4,491,388
62016,38.4,24.5,3690,2849
62017,39.9,28.4,1115,879
62018,42.7,28.1,3412,2514
62019,40.3,27.4,425,344
62021,37.1,20.6,1033,814
62022,39.4,23.5,1074,901
62023,38.8,26.9,101,77
62024,39.8,24.7,9337,7484
62025,35.4,18.3,35229,28196
62026,25.9,13.8,1197,1181
62027,37.5,25.0,411,339
62028,34.4,19.8,1148,990
62030,44.7,26.9,96,71
62031,38.9,22.8,830,664
62032,40.7,28.8,684,522
62033,37.2,25.6,4584,3610
62034,34.5,17.8,14665,11196
62035,37.1,21.0,16172,13025
62036,33.4,20.9,610,505
62037,38.5,22.3,1779,1470
62040,41.5,26.7,40872,31944
62044,39.5,25.5,1728,1336
62045,34.7,22.0,513,418
62046,37.0,19.9,913,677
62047,35.7,23.3,1443,1117
62048,40.0,25.5,1240,971
62049,40.6,26.3,7952,6704
62050,37.8,24.3,282,222
62051,40.3,26.3,848,699
62052,39.3,24.5,12503,9798
62053,37.7,24.2,635,496
62054,39.7,25.5,641,521
62056,38.2,25.6,8559,6633
62058,38.5,22.9,767,619
62059,54.6,43.0,631,425
62060,50.2,34.2,3865,2972
62061,35.3,17.5,1745,1341
62062,35.1,18.4,8297,6839
62063,37.5,23.9,1144,872
62067,36.8,19.7,2390,1937
62069,37.8,24.6,3076,2457
62074,38.7,23.6,1103,863
62075,38.2,26.1,3229,2447
62076,39.5,26.4,123,100
62077,39.5,27.5,383,298
62078,38.5,22.9,76,61
62079,37.4,21.7,314,250
62080,37.8,24.5,2197,1680
62081,39.5,25.2,295,231
62082,42.1,28.5,2401,1855
62083,36.6,25.3,199,146
62084,40.4,25.3,1520,1172
62085,39.3,27.1,246,183
62086,40.0,25.4,1237,1011
62087,42.5,27.0,1887,1439
62088,37.5,25.2,6605,5175
62089,40.3,29.2,499,401
62090,56.7,42.2,988,691
62091,36.8,22.9,358,276
62092,41.2,30.4,2682,2072
62093,35.7,23.3,529,431
62094,39.8,26.9,1017,807
62095,39.1,23.2,11060,8739
62097,37.4,20.1,2906,2260
62098,38.4,26.8,90,71
62201,49.5,42.9,5125,3510
62203,49.8,37.7,6344,5115
62204,52.3,41.0,4483,3426
62205,51.9,41.8,6682,5166
62206,49.9,38.0,12929,9177
62207,52.0,40.5,7045,4963
62208,38.7,25.4,16992,13680
62214,36.8,22.4,1087,859
62215,40.8,22.1,1877,1413
62216,39.2,19.6,3019,2224
62217,40.1,27.6,738,589
62218,40.6,22.5,1566,1193
62219,38.7,20.6,934,728
62220,38.7,24.9,19474,15109
62221,37.4,22.5,29039,22040
62223,37.6,24.3,16263,13046
62225,32.2,15.6,5332,3291
62226,38.4,24.8,29156,23076
62230,38.3,20.7,6414,4963
62231,40.2,22.9,7171,5753
62232,36.7,24.9,7547,5880
62233,42.8,29.7,8187,6946
62234,39.1,22.7,31843,25162
62236,35.0,17.7,13924,10648
62237,38.6,24.9,2413,1909
62238,38.6,23.5,617,462
62239,36.7,24.3,4638,3591
62240,36.3,24.4,1645,1332
62241,36.5,23.8,1010,798
62242,38.2,25.1,1239,966
62243,34.4,21.1,5796,4513
62244,36.8,20.0,1059,836
62245,39.2,20.8,1815,1386
62246,39.5,24.8,10145,8415
62248,36.5,20.4,429,331
62249,36.3,19.2,16052,12518
62250,43.3,29.3,439,351
62253,38.7,23.8,656,515
62254,32.2,19.7,6503,5468
62255,36.1,24.1,953,759
62256,35.0,17.6,66,51
62257,36.8,24.1,2753,2158
62258,35.5,21.5,10379,7666
62260,34.4,20.7,7162,5714
62261,38.8,25.1,145,121
62262,39.2,24.4,1541,1215
62263,36.7,22.8,5105,4003
62264,34.5,21.4,3147,2494
62265,39.8,21.9,4446,3349
62266,40.5,22.5,248,169
62268,36.6,23.5,704,546
62269,33.8,18.4,36068,26865
62271,36.9,21.8,2101,1648
62272,38.8,26.6,1472,1145
62273,37.9,22.6,268,216
62274,41.0,27.0,7673,6504
62275,37.9,22.3,3452,2736
62277,38.1,23.9,1113,880
62278,35.8,21.7,6646,5213
62279,37.7,21.6,97,74
62280,39.9,25.6,404,330
62281,35.4,16.5,2912,2159
62282,36.4,24.4,638,507
62284,39.8,24.6,556,424
62285,34.9,20.8,4718,3570
62286,40.6,28.2,5719,4469
62288,37.9,25.9,2708,2132
62289,34.9,20.6,410,312
62292,40.7,28.3,770,599
62293,38.5,20.3,4562,3583
62294,35.6,16.3,15431,11555
62295,35.8,19.5,1514,1129
62297,38.3,25.1,378,298
62298,35.6,19.4,17630,13759
62301,39.3,26.4,31481,24641
62305,36.5,22.5,19042,14869
62311,39.3,26.5,754,597
62312,40.1,27.2,2017,1570
62313,39.2,25.8,387,293
62314,42.7,28.6,500,380
62316,39.3,25.6,664,477
62319,42.5,33.5,199,163
62320,38.0,24.2,2286,1683
62321,37.1,23.6,3873,3027
62323,42.2,30.4,233,181
62324,37.6,24.1,1278,991
62325,38.4,22.8,416,315
62326,37.2,24.1,2255,1785
62330,40.2,27.3,1600,1283
62334,40.0,26.6,147,125
62336,40.0,26.6,82,72
62338,36.6,20.5,1437,1113
62339,37.3,25.1,852,638
62340,42.1,29.5,1618,1253
62341,39.1,24.5,3369,2657
62343,40.6,26.9,653,483
62344,41.9,31.7,101,84
62345,40.5,27.6,302,232
62346,40.2,25.2,185,146
62347,37.9,22.3,2371,1781
62348,39.4,23.8,165,121
62349,38.2,23.7,627,497
62351,37.7,23.3,1793,1378
62352,41.6,27.8,229,168
62353,42.4,27.3,5093,4276
62354,39.9,26.8,1475,1223
62355,39.8,27.4,718,546
62356,39.4,25.4,506,391
62357,41.0,29.6,233,173
62358,40.5,26.1,699,536
62359,36.2,23.1,149,111
62360,37.2,21.9,1706,1245
62361,41.2,28.7,373,315
62362,41.1,29.5,358,293
62363,39.9,26.7,5726,4456
62365,38.2,23.1,577,449
62366,39.8,25.5,1338,985
62367,38.5,25.9,1165,896
62370,40.4,26.3,382,308
62373,37.3,23.6,305,246
62374,39.6,25.9,285,228
62375,40.6,25.1,341,242
62376,38.1,23.5,1187,924
62378,39.8,25.5,793,623
62379,38.1,23.1,1894,1475
62380,41.1,25.7,319,246
62401,34.6,23.7,19408,15111
62410,38.9,22.8,996,741
62411,35.1,24.0,4408,3314
62413,39.0,24.0,442,349
62414,36.7,24.1,1831,1417
62417,41.4,29.7,2984,2313
62418,39.5,26.2,2027,1520
62419,38.4,22.4,397,315
62420,38.7,25.9,4196,3295
62421,38.6,23.9,744,582
62422,38.1,24.9,1041,835
62423,35.6,21.3,653,511
62424,33.8,20.6,2427,1686
62425,39.0,24.8,576,446
62426,38.0,27.3,912,708
62427,40.3,25.3,1582,1225
62428,39.6,24.6,2907,2328
62431,38.0,24.8,1043,823
62432,35.7,21.1,569,423
62433,39.7,24.9,866,700
62434,39.7,24.9,346,266
62436,40.1,23.3,571,438
62438,38.3,25.3,286,237
62439,39.7,27.0,6966,5461
62440,37.3,22.0,1121,912
62441,36.0,21.9,7236,5632
62442,38.8,25.1,2322,1755
62443,35.9,24.9,1589,1216
62444,37.2,24.1,365,266
62445,36.0,20.8,940,698
62446,40.2,27.6,372,282
62447,37.2,22.1,3005,2395
62448,39.0,24.6,5719,4448
62449,40.1,25.5,3095,2352
62450,39.6,25.7,11978,9294
62451,40.1,26.8,1972,1555
62452,38.4,22.5,363,283
62454,39.6,23.3,10753,8734
62458,40.4,28.6,2170,1693
62459,37.1,22.8,238,191
62460,38.8,27.3,1018,790
62461,33.2,20.8,781,625
62462,37.2,21.8,1103,827
62463,37.0,23.5,1184,878
62464,41.3,24.2,99,71
62465,36.7,22.8,921,698
62466,42.3,25.8,4201,3700
62467,32.2,19.5,3764,2822
62468,39.5,24.1,2601,1954
62469,37.9,21.9,472,332
62471,40.9,27.5,10530,8667
62473,35.9,24.2,1280,1002
62474,39.3,25.4,749,553
62475,37.9,22.1,271,222
62476,40.0,26.2,1570,1179
62477,34.6,20.2,904,710
62478,39.7,23.3,331,261
62479,38.1,21.2,782,575
62480,37.4,21.4,639,522
62481,36.7,20.2,348,265
62501,39.3,21.5,2377,1890
62510,37.2,25.1,1650,1307
62512,37.8,22.4,428,336
62513,37.9,20.3,1716,1270
62514,38.9,20.6,209,171
62515,38.7,21.1,909,679
62517,37.1,24.2,219,171
62518,36.8,23.1,411,305
62519,35.5,23.6,89,71
62520,38.0,20.1,1505,1226
62521,42.4,26.1,33793,26487
62522,44.8,27.9,14838,11471
62523,53.4,37.9,886,809
62526,44.2,29.1,31758,25014
62530,40.0,23.3,1458,1158
62531,37.4,24.6,1740,1350
62532,40.2,21.4,119,93
62533,37.4,22.7,929,745
62534,37.6,25.1,1066,890
62535,34.9,18.5,3745,2815
62536,37.1,18.3,886,691
62537,36.4,20.2,182,140
62538,38.4,23.5,339,268
62539,38.1,20.8,1264,965
62540,37.4,24.8,1341,1074
62543,37.1,23.8,453,359
62544,38.3,21.5,1795,1388
62545,38.4,21.3,1162,901
62546,36.1,22.9,1560,1213
62547,37.9,24.8,742,591
62548,36.7,24.4,2145,1679
62549,37.2,19.1,6282,4709
62550,37.1,24.6,2708,2144
62551,38.9,20.9,753,563
62553,38.1,25.8,474,355
62554,39.5,22.6,1559,1177
62555,37.9,25.4,535,395
62556,35.9,22.5,399,300
62557,39.4,29.5,6841,5329
62558,39.5,22.7,3503,2683
62560,38.0,23.6,1431,1113
62561,38.6,21.1,5229,3988
62563,35.8,16.9,6062,4515
62565,38.4,25.7,7477,5866
62567,37.4,24.4,1013,760
62568,38.2,25.1,17043,14033
62570,36.8,24.3,473,379
62571,39.2,26.7,1242,972
62572,36.6,21.4,522,398
62573,38.8,20.9,1416,1059
62601,40.6,24.2,361,287
62610,38.9,24.9,213,156
62611,39.1,24.7,978,768
62612,40.8,26.3,1774,1394
62613,38.3,21.8,3869,2848
62615,38.3,20.6,5424,4078
62617,37.3,25.4,662,553
62618,41.9,29.1,7596,5544
62621,37.5,22.9,1072,841
62622,38.1,24.9,77,69
62624,38.0,23.8,461,385
62625,37.1,17.8,817,653
62626,37.0,26.4,8033,6430
62627,39.7,26.3,928,767
62628,40.5,25.0,825,634
62629,35.2,15.7,15255,11065
62630,35.7,21.5,474,362
62631,40.4,25.7,307,225
62633,38.8,27.3,617,477
62634,36.9,23.7,847,679
62635,35.0,21.2,718,550
62638,40.1,24.3,1305,1029
62639,36.9,22.9,283,236
62640,38.5,27.8,3446,2732
62642,38.3,22.4,1344,1047
62643,36.2,19.8,450,353
62644,37.8,26.4,4690,3791
62649,37.5,25.3,453,353
62650,39.9,25.2,24891,20153
62655,38.1,25.6,566,451
62656,39.0,25.2,18634,15277
62661,38.5,20.2,1280,970
62663,39.1,25.4,265,214
62664,36.7,25.0,2712,2153
62665,40.4,26.0,1279,994
62666,37.3,23.3,570,456
62667,37.3,27.3,459,369
62668,38.8,23.3,1378,1076
62670,37.4,19.2,3162,2378
62671,35.9,21.1,515,394
62672,35.6,21.7,208,168
62673,38.1,23.4,462,363
62674,37.9,27.8,1305,1047
62675,37.9,23.2,6044,4773
62677,37.4,19.0,2571,2002
62681,40.1,27.0,5284,4294
62682,37.7,24.4,745,597
62684,35.9,17.8,5469,4098
62685,36.6,23.1,1814,1449
62688,37.8,23.4,652,535
62689,37.2,20.9,516,411
62690,36.8,24.1,3736,2935
62691,38.1,24.4,2278,1783
62692,39.8,24.6,1970,1495
62693,36.0,17.3,1733,1308
62694,38.2,24.5,3061,2401
62695,37.7,23.0,464,369
62701,45.0,28.5,1354,1280
62702,43.8,27.3,33712,26522
62703,46.7,31.3,28344,21770
62704,39.6,21.9,39157,31364
62707,40.0,23.0,7290,5865
62711,33.9,17.0,18115,14580
62712,35.6,17.0,10321,8175
62801,41.7,29.1,20502,16135
62803,36.9,21.4,967,702
62806,40.7,27.6,3247,2487
62807,37.0,23.4,879,714
62808,37.6,22.5,1383,1073
62809,41.2,26.4,304,220
62810,39.1,27.0,1088,804
62811,39.6,23.5,282,217
62812,41.3,28.1,10962,8516
62814,40.8,27.9,2013,1488
62815,39.8,27.0,353,256
62816,39.3,25.4,1158,960
62817,38.7,24.0,522,383
62818,39.6,24.6,356,279
62819,39.5,24.4,412,324
62820,39.9,28.3,142,112
62821,39.1,29.9,7083,5604
62822,41.8,27.7,2745,2162
62823,38.4,26.3,1693,1295
62824,40.4,26.4,1654,1298
62825,39.2,25.7,193,165
62827,39.6,27.8,1103,845
62828,39.0,24.7,1363,1073
62830,38.1,22.9,1436,1111
62831,38.1,23.8,526,451
62832,41.1,28.2,8921,6988
62833,40.8,26.7,390,302
62835,35.1,25.3,1354,1133
62836,39.5,24.1,815,583
62837,40.7,28.4,8467,6603
62838,41.3,29.7,1463,1110
62839,41.6,28.0,6441,4991
62841,40.1,26.0,151,116
62842,39.0,25.7,807,629
62843,38.7,27.1,74,60
62844,39.2,27.2,1930,1572
62846,43.4,25.9,1930,1739
62848,36.6,22.1,564,456
62849,38.4,24.5,2181,1652
62850,37.2,25.0,389,248
62851,39.1,26.0,330,266
62852,38.6,23.6,150,130
62853,38.0,25.0,927,734
62854,37.9,24.9,1605,1303
62856,39.4,25.8,332,256
62858,42.3,28.8,2962,2288
62859,40.8,28.0,5346,4140
62860,38.8,24.7,507,393
62861,38.8,28.2,91,74
62862,37.5,26.3,316,264
62863,40.0,26.4,9607,7531
62864,39.9,25.7,23327,18026
62865,41.2,26.9,2012,1615
62867,40.5,26.7,484,390
62868,39.6,24.3,1883,1405
62869,39.4,27.3,2602,1999
62870,38.2,25.7,1890,1543
62871,40.8,27.1,588,462
62872,40.0,26.2,1204,857
62874,39.7,24.0,347,280
62875,36.3,22.5,1154,896
62876,37.2,24.3,198,166
62877,37.0,21.9,447,366
62878,38.8,26.0,341,260
62880,41.7,31.9,698,527
62881,39.2,26.9,11053,8484
62882,42.1,32.0,2215,1653
62883,39.1,23.6,660,502
62884,40.5,26.3,2907,2328
62885,38.5,25.6,777,571
62886,39.8,25.8,368,296
62887,37.7,25.3,270,214
62888,39.3,26.0,1956,1567
62889,39.6,24.6,803,624
62890,39.8,24.6,2631,2011
62891,39.2,25.3,546,438
62892,36.3,22.6,291,221
62893,37.7,22.5,904,736
62894,37.9,22.6,1000,763
62895,38.9,25.6,1864,1427
62896,42.6,29.5,11376,8969
62897,40.2,26.2,435,342
62898,38.7,22.3,2038,1550
62899,40.5,26.2,1692,1216
62901,39.9,24.4,22967,19125
62902,40.8,24.5,4344,3472
62903,40.6,23.7,2473,1961
62905,39.6,26.3,633,510
62906,41.5,30.8,7464,6033
62907,41.1,25.8,2120,1637
62908,41.8,27.0,454,360
62910,40.6,25.2,2269,1742
62912,39.4,25.6,1226,942
62914,51.3,39.4,1929,1539
62915,41.4,26.5,506,390
62916,39.5,25.1,1045,763
62917,40.5,26.4,2406,1879
62918,38.6,21.4,10538,7888
62919,40.6,28.8,768,625
62920,38.8,26.3,3072,2472
62921,46.6,30.5,342,280
62922,40.8,25.1,2871,2318
62923,43.0,30.0,497,384
62924,41.6,25.2,2726,2148
62926,39.3,27.7,2063,1630
62927,42.4,26.7,399,306
62928,39.4,23.2,176,136
62930,40.4,27.3,5716,4472
62931,39.8,28.6,1237,1039
62932,41.9,27.5,1451,1133
62933,37.9,22.1,1108,885
62934,40.4,27.3,882,701
62935,39.3,24.7,2060,1562
62938,40.2,26.6,2532,2067
62939,39.2,24.4,3129,2465
62940,42.0,28.3,397,323
62941,42.6,29.3,706,535
62942,43.1,28.9,567,456
62943,43.0,30.5,653,515
62946,39.8,26.6,12235,9525
62947,39.0,25.9,533,457
62948,40.6,25.8,12536,9614
62949,41.9,27.2,780,606
62950,42.7,27.9,193,135
62951,40.7,25.2,5136,4056
62952,39.7,26.2,3036,2342
62953,39.9,23.4,350,254
62954,41.4,28.0,442,357
62956,41.0,29.4,875,688
62957,39.7,28.2,733,576
62958,37.8,20.0,2206,1766
62959,40.3,24.8,27629,22082
62960,41.2,27.7,10792,8373
62963,49.3,34.5,544,392
62964,48.2,34.4,1141,900
62965,36.2,21.5,126,88
62966,42.6,27.0,14026,11009
62967,37.9,22.7,246,210
62969,41.3,28.7,350,272
62970,44.7,32.4,583,466
62972,37.3,22.5,1265,1004
62974,40.7,25.3,1508,1192
62975,41.7,27.9,266,234
62976,47.6,35.2,392,319
62977,36.7,20.8,678,551
62979,39.6,27.2,1194,944
62982,38.7,27.0,1156,914
62983,41.2,27.7,1513,1211
62984,42.0,28.7,1567,1232
62985,38.7,22.5,895,722
62987,38.3,23.2,1266,961
62988,43.5,30.7,1256,1057
62990,42.2,30.1,940,756
62992,45.4,32.7,785,654
62994,40.8,26.4,659,507
62995,51.5,40.7,6077,5270
62996,44.4,33.6,517,435
62997,39.0,23.6,623,455
62998,38.3,25.4,357,294
62999,40.8,27.0,1529,1210
63005,25.0,17.9,19235,14494
63010,39.2,26.5,35027,27412
63011,26.3,19.8,37495,28934
63012,39.5,24.9,10711,7986
63013,38.6,27.1,1663,1280
63014,39.2,28.5,810,616
63015,39.6,28.2,2317,1829
63016,40.8,29.2,7881,6257
63017,24.5,19.9,42773,34319
63019,41.3,29.6,4456,3431
63020,42.8,32.4,20408,15883
63021,26.9,19.9,56680,44061
63023,40.3,28.0,4844,3887
63025,31.0,21.7,16742,12215
63026,34.1,24.5,44648,34261
63028,40.5,28.7,27924,21315
63030,46.2,39.5,267,193
63031,35.2,29.4,47609,36274
63033,38.6,31.7,43175,33377
63034,36.4,28.2,18428,14957
63036,37.4,30.1,959,829
63037,40.7,31.6,3240,2484
63038,26.4,18.0,6775,5226
63039,40.8,30.7,811,650
63040,26.9,18.0,8857,6597
63041,40.0,31.2,483,383
63042,37.1,31.4,19646,15150
63043,28.4,24.2,22362,17867
63044,31.9,28.1,10587,8287
63048,41.1,30.1,4219,3185
63049,39.7,27.0,16929,13043
63050,40.2,27.0,16874,13027
63051,41.0,28.1,14136,10839
63052,39.6,25.0,28925,21618
63055,39.3,28.4,2394,1882
63056,38.7,28.0,1882,1489
63060,41.7,32.6,2027,1620
63061,42.7,33.7,172,143
63068,38.9,29.0,5113,3908
63069,37.5,26.3,15542,12493
63070,41.6,29.5,7659,5720
63071,41.9,34.5,1094,848
63072,40.5,29.1,3063,2437
63073,36.9,24.7,762,626
63074,36.3,32.4,15233,11920
63077,41.9,33.5,11874,9071
63079,43.4,35.2,234,186
63080,40.5,31.6,13554,10521
63084,39.2,28.7,19500,14643
63087,38.1,28.4,910,688
63088,28.7,22.9,8221,6715
63089,40.5,28.9,5791,4515
63090,38.3,27.4,22843,17898
63091,39.3,29.6,1342,1047
63101,35.1,21.1,4171,3752
63102,35.0,20.6,2508,2392
63103,36.2,26.7,9411,8834
63104,34.9,21.9,19317,15691
63105,23.9,18.1,18846,15891
63106,49.8,41.9,9113,6211
63107,48.6,41.8,8829,6833
63108,29.4,20.4,23603,21779
63109,30.8,19.0,26777,22881
63110,29.7,16.9,18199,15576
63111,42.3,35.1,19538,15044
63112,37.9,28.8,18954,15358
63113,47.8,40.4,10882,8363
63114,37.3,34.0,35237,27243
63115,48.5,41.6,16056,12359
63116,34.9,26.1,41959,33813
63117,27.6,18.2,9660,7824
63118,38.6,28.1,25194,19339
63119,27.1,19.8,34793,27243
63120,49.4,45.2,7213,5472
63121,43.0,39.6,22909,18014
63122,27.2,19.3,41319,31201
63123,29.7,24.8,50989,41055
63124,24.8,19.2,11375,8825
63125,32.0,29.1,32816,26581
63126,28.1,21.3,15851,12201
63127,25.3,22.7,5642,4476
63128,28.4,24.0,29728,24328
63129,29.0,23.6,53432,42808
63130,30.9,23.7,29454,24241
63131,25.2,17.9,18241,13815
63132,30.5,23.9,14657,11136
63133,46.0,42.6,6444,4744
63134,42.9,39.9,12737,9320
63135,41.4,35.8,19584,14582
63136,46.4,43.1,41767,30808
63137,46.3,42.2,18765,13572
63138,43.3,37.9,18852,13636
63139,30.2,18.7,21971,19172
63140,39.0,37.5,258,222
63141,25.9,20.6,21995,17988
63143,30.3,20.0,9686,8015
63144,26.4,17.6,9596,7945
63146,27.4,22.1,31459,25956
63147,47.9,40.5,8499,6716
63301,36.3,24.8,50890,41561
63303,35.0,22.4,47292,37868
63304,35.1,21.8,42028,32280
63332,35.3,22.8,1406,1163
63333,37.7,35.0,713,548
63334,39.1,33.2,8108,6347
63336,37.8,32.8,1028,817
63339,37.5,31.8,1007,727
63341,35.5,22.4,3784,2992
63343,41.9,33.5,4459,3423
63344,39.3,31.8,1632,1236
63345,38.7,34.1,331,258
63347,41.4,30.8,2825,2163
63348,36.6,23.9,10051,7392
63349,41.8,32.8,1962,1469
63350,36.7,33.8,477,362
63351,37.1,33.4,1766,1421
63352,38.5,32.5,1017,788
63353,38.4,35.2,4394,3297
63357,37.4,27.4,5835,4479
63359,38.3,34.4,1319,1021
63361,37.2,32.4,4334,3382
63362,39.1,26.8,8799,6359
63363,37.3,34.9,1515,1239
63365,32.5,23.8,63,51
63366,37.2,25.1,53861,40662
63367,35.1,21.3,27009,19868
63368,34.7,21.7,46007,34084
63369,39.5,28.6,2698,2063
63373,38.4,28.9,617,484
63376,36.2,23.6,76064,59493
63377,40.6,31.0,2728,2068
63379,39.6,28.2,26583,19819
63380,40.9,32.9,859,616
63381,39.4,31.0,505,400
63382,39.2,34.0,4597,3775
63383,39.8,32.6,15340,11811
63384,37.6,35.1,1693,1299
63385,36.4,22.8,47756,34003
63386,39.2,29.0,397,319
63388,37.6,29.3,695,584
63389,40.0,29.0,7224,5272
63390,39.2,30.2,11982,9005
63401,40.7,33.2,21901,16940
63430,41.9,33.4,530,391
63431,34.9,29.5,328,237
63432,38.3,33.0,518,351
63434,41.8,34.8,644,457
63435,34.6,29.9,4391,3520
63436,39.8,32.4,1169,922
63437,39.6,34.7,1485,1098
63438,37.7,31.9,423,333
63439,40.7,34.9,176,128
63440,37.5,31.9,1227,970
63441,37.8,32.8,1179,905
63443,41.0,34.2,352,271
63445,42.3,37.6,3726,2845
63446,40.1,38.9,593,452
63447,40.4,38.4,1035,800
63448,37.9,32.5,1520,1224
63450,39.6,37.1,128,117
63451,40.5,35.1,261,186
63452,38.6,36.9,1222,930
63453,38.4,30.2,373,287
63454,38.6,30.7,944,744
63456,38.8,32.3,4432,3364
63457,38.2,34.3,295,205
63458,38.5,38.7,138,128
63459,40.8,32.4,4162,3182
63460,40.1,40.0,297,234
63461,37.1,27.3,5942,4499
63462,39.4,32.6,1508,1218
63463,38.9,30.2,620,473
63465,39.4,34.2,468,358
63467,41.7,30.8,120,89
63468,40.2,35.4,2560,1980
63469,40.3,35.6,1092,830
63471,34.5,24.9,504,386
63472,41.6,35.5,400,322
63473,40.2,35.8,301,226
63474,39.2,31.6,537,386
63501,35.6,28.8,21501,17638
63530,34.8,31.1,880,654
63531,39.8,33.9,549,403
63532,34.0,29.7,1225,969
63533,37.3,29.4,822,582
63534,35.6,32.6,730,558
63536,39.9,33.2,791,563
63537,38.7,35.4,1711,1284
63538,35.4,34.1,242,190
63539,34.7,34.2,235,167
63540,36.5,30.1,141,94
63541,38.0,30.9,354,278
63543,38.3,35.8,306,194
63544,38.9,32.5,807,652
63545,39.4,34.1,939,728
63546,37.5,29.7,1555,1125
63547,39.0,34.9,407,329
63548,39.5,32.6,1205,897
63549,34.9,31.9,2594,1868
63551,35.2,31.2,352,280
63552,34.2,31.7,7913,6161
63555,36.9,32.8,3182,2304
63556,41.7,36.8,3452,2583
63557,34.2,31.3,267,215
63558,36.3,33.8,645,495
63559,38.3,31.0,1227,935
63560,41.0,32.7,149,122
63561,37.8,31.4,1182,882
63563,38.2,35.5,605,390
63565,35.1,32.2,3682,2897
63566,38.0,32.4,106,84
63567,34.8,29.7,99,64
63601,40.3,33.8,16123,12260
63620,43.7,37.1,1229,950
63621,41.3,34.8,1249,992
63622,39.9,33.0,934,731
63623,43.5,37.8,850,722
63624,43.7,40.9,3293,2608
63625,41.1,37.9,441,337
63626,41.2,34.9,935,725
63627,37.8,29.2,2938,2214
63628,41.2,34.8,16373,13162
63629,40.9,35.5,1049,827
63630,42.3,35.2,4169,3087
63631,41.3,34.0,754,611
63633,41.6,37.2,632,483
63636,42.9,36.6,518,413
63637,38.4,33.5,1013,751
63638,41.0,36.8,2746,2139
63640,40.4,34.9,29145,23373
63645,37.6,32.3,11991,9233
63648,43.0,36.8,1348,1019
63650,41.7,35.3,3989,3087
63653,42.0,36.0,1126,803
63654,41.7,36.9,577,478
63655,39.2,34.1,1242,963
63656,42.0,36.2,527,419
63660,45.0,37.6,3699,3078
63662,39.1,33.2,1020,799
63663,40.7,33.6,662,553
63664,40.6,34.7,8333,6419
63665,41.9,36.7,289,219
63670,37.6,30.5,11691,9282
63673,37.0,30.4,2078,1618
63674,42.1,35.1,119,93
63675,43.8,37.3,103,93
63701,34.4,28.0,39246,31613
63703,40.4,39.8,8599,6770
63730,37.5,34.5,3136,2470
63732,35.2,27.8,843,618
63735,38.6,34.8,707,527
63736,37.9,35.2,3337,2619
63739,36.0,29.8,570,450
63740,35.8,32.8,5223,3926
63743,32.8,26.8,108,79
63744,36.1,31.8,185,149
63747,33.1,26.3,442,337
63748,35.9,29.4,931,753
63751,40.0,35.7,1332,1057
63755,34.0,26.4,27496,20926
63758,35.4,32.6,359,282
63760,40.3,36.6,630,488
63763,41.7,37.5,158,127
63764,39.4,35.7,4675,3648
63766,35.8,29.4,1193,946
63767,37.2,36.6,631,511
63769,34.3,27.3,1446,1120
63770,33.6,26.6,174,128
63771,37.7,36.0,2714,2048
63774,37.6,37.5,123,89
63775,36.5,31.1,16547,12705
63780,37.2,35.1,6326,4831
63781,38.6,33.4,1149,896
63782,40.1,34.5,235,179
63783,37.0,30.6,145,122
63784,35.5,34.7,204,170
63785,36.4,30.6,905,735
63787,39.6,34.2,625,499
63801,39.7,37.7,22572,17129
63820,42.5,36.4,193,147
63821,48.6,46.4,726,570
63822,38.0,36.7,2789,2118
63823,41.9,38.3,1091,910
63824,36.3,34.0,195,148
63825,37.7,34.9,4016,3113
63826,40.5,36.7,68,59
63827,42.0,37.4,402,318
63828,43.7,39.0,160,125
63829,47.2,47.0,885,669
63830,45.6,42.9,6443,4714
63833,43.1,41.8,157,123
63834,49.2,40.8,6170,4974
63837,46.6,42.3,1368,1013
63839,41.8,36.0,346,252
63841,37.6,34.7,13413,10439
63845,46.4,41.9,5278,4009
63846,38.4,36.6,1227,955
63847,47.5,38.7,93,75
63848,41.9,37.4,1153,821
63849,43.3,40.1,108,88
63851,50.5,49.2,3765,2772
63852,46.0,41.8,1277,947
63853,38.6,35.4,200,145
63855,45.9,40.5,963,739
63857,46.3,41.6,12236,9075
63860,43.1,41.2,120,89
63862,46.8,42.4,1263,937
63863,48.1,44.3,5416,4136
63866,45.8,43.6,409,309
63867,41.7,37.8,884,712
63868,40.6,36.3,694,567
63869,42.9,36.9,3411,2595
63870,45.4,43.3,842,625
63873,43.7,40.5,4349,3308
63874,42.0,37.2,304,235
63876,46.5,44.2,2101,1605
63877,41.4,37.0,3335,2499
63878,42.7,38.0,70,61
63879,42.6,38.8,556,463
63880,47.0,41.5,88,58
63882,46.0,39.4,306,242
63901,41.3,37.9,34354,26229
63932,42.9,39.3,1157,918
63933,44.6,40.1,3175,2455
63935,41.4,38.5,7746,6014
63936,37.7,36.2,645,478
63937,37.1,31.6,2609,1999
63939,39.9,33.8,1277,969
63940,41.2,39.2,1207,949
63941,42.7,43.0,309,254
63942,42.1,39.1,461,362
63943,37.2,32.8,790,629
63944,40.2,37.5,1282,1062
63945,41.6,38.8,1350,1038
63950,38.4,38.8,66,50
63951,39.6,38.7,222,183
63952,40.0,34.7,311,246
63953,40.5,35.9,999,781
63954,41.9,38.0,936,741
63955,41.0,37.0,124,106
63956,38.8,38.4,757,618
63957,42.8,41.3,5011,3977
63960,37.4,35.6,2989,2335
63961,42.2,39.3,1477,1099
63964,40.1,38.6,688,566
63965,43.4,43.1,2166,1732
63966,41.1,38.4,2169,1813
63967,39.1,32.7,1867,1478
64001,34.9,28.2,623,489
64011,38.6,29.8,3391,2651
64012,39.5,28.4,28364,21561
64014,34.3,26.7,27993,20416
64015,34.0,26.6,33063,24844
64016,34.7,28.0,4682,3572
64017,39.0,33.3,461,341
64018,37.4,24.0,915,690
64019,36.8,26.7,2508,1937
64020,37.5,31.0,3417,2658
64021,36.4,27.9,674,500
64022,37.0,30.5,151,109
64024,38.7,29.8,15575,12029
64028,33.3,19.3,283,227
64029,34.1,26.3,20054,14380
64030,40.2,34.5,26154,19899
64034,32.9,21.9,8883,6522
64035,39.7,32.5,954,679
64036,39.1,32.4,317,256
64037,35.9,27.8,6290,4883
64040,37.4,28.8,6624,5067
64048,36.7,25.4,4281,3352
64050,38.8,36.1,22223,17159
64052,40.1,37.3,22204,17143
64053,41.7,41.3,5801,4359
64054,39.9,38.3,3637,2901
64055,35.8,32.4,36225,29260
64056,37.7,32.8,17373,12379
64057,33.6,29.2,14830,11976
64058,35.4,29.9,6880,5128
64060,35.6,22.4,15340,11470
64061,38.1,29.0,3367,2710
64062,39.1,31.3,6300,4760
64063,34.5,26.5,20965,15712
64064,32.3,23.5,19717,14797
64066,32.9,28.8,79,55
64067,37.5,30.2,5702,4460
64068,36.1,22.9,37222,28345
64070,33.0,24.4,3565,2776
64071,37.4,29.6,752,584
64072,36.6,24.7,191,156
64074,39.9,33.0,607,502
64075,35.3,29.8,12319,9200
64076,36.5,27.5,9863,7484
64077,39.4,32.1,1711,1348
64078,37.5,25.0,9886,7562
64079,37.2,22.7,14748,10931
64080,37.3,24.9,14003,10393
64081,31.5,24.3,24903,19108
64082,32.5,21.3,17973,12681
64083,37.2,24.3,24945,18665
64084,39.1,32.2,1424,1124
64085,40.3,35.0,8841,6795
64086,32.0,22.5,23957,18168
64088,34.0,29.2,1381,1052
64089,37.0,23.1,13681,10163
64090,38.4,22.2,97,67
64093,34.9,26.0,28112,22336
64096,37.1,31.1,1037,795
64097,39.4,32.5,1293,983
64098,36.9,23.7,3054,2336
64101,33.5,18.6,270,264
64105,29.6,17.7,6424,6227
64106,36.8,29.3,10017,8338
64108,36.5,29.6,9839,8602
64109,42.1,36.2,10290,8343
64110,36.4,28.0,15874,13351
64111,32.0,22.1,17112,15612
64112,29.0,19.7,9344,8570
64113,28.8,16.7,12039,9171
64114,31.9,22.7,24008,20409
64116,38.6,26.8,17670,14449
64117,41.3,30.4,15155,11397
64118,38.4,26.7,42897,33515
64119,38.5,26.9,30865,24143
64120,39.4,36.3,880,785
64123,39.8,41.1,10639,7463
64124,42.6,44.6,12754,8975
64125,46.2,49.7,1988,1461
64126,43.7,47.0,6799,4530
64127,48.9,50.4,17191,12417
64128,49.8,47.7,11872,8711
64129,43.7,38.1,8767,6618
64130,48.8,45.3,20707,15492
64131,37.6,28.7,21837,17478
64132,48.0,43.5,13013,9564
64133,38.8,33.0,35259,27710
64134,43.4,37.3,22120,16314
64136,37.4,31.1,2164,1666
64137,35.7,28.3,10041,8128
64138,40.2,34.2,25565,19814
64139,35.4,28.4,2422,1902
64145,31.6,26.2,5518,4665
64146,32.8,26.4,1503,1255
64147,37.7,29.4,524,270
64149,31.7,24.3,432,319
64150,41.4,28.2,4215,3141
64151,37.4,23.0,28779,22378
64152,37.0,22.1,29623,22060
64153,35.1,20.3,6129,4799
64154,35.9,21.5,12986,10003
64155,36.5,22.1,28195,20808
64156,36.0,19.5,7164,5094
64157,35.3,19.0,23286,15303
64158,36.2,22.6,6750,5070
64161,38.1,28.5,483,368
64163,39.4,27.0,1003,799
64164,39.1,27.2,279,208
64165,36.9,22.1,252,177
64166,37.0,24.0,320,248
64167,33.3,19.2,451,346
64401,38.6,25.2,1525,1165
64402,40.7,33.0,2221,1720
64421,40.2,32.3,827,627
64422,37.7,28.0,285,231
64423,38.2,29.0,760,574
64424,38.2,33.1,4188,3215
64426,40.3,36.7,370,273
64427,37.3,28.3,581,443
64428,38.8,29.8,907,630
64429,40.5,31.6,11744,9282
64430,38.5,27.5,766,615
64431,38.5,31.0,357,285
64432,35.3,34.9,106,87
64433,35.3,31.1,111,97
64434,37.4,29.2,447,356
64436,36.0,26.1,776,581
64437,38.2,34.1,455,353
64438,41.4,34.1,221,159
64439,37.5,24.0,1615,1296
64440,44.5,35.7,757,561
64441,41.4,35.3,144,111
64442,40.3,35.6,766,564
64443,39.7,27.1,1125,897
64444,37.4,24.3,1473,1133
64445,39.0,30.6,250,189
64446,42.2,33.8,1057,841
64448,38.4,25.2,1108,862
64449,40.0,31.7,421,309
64451,36.8,32.8,373,304
64453,40.8,34.1,221,155
64454,38.9,29.0,2697,2041
64455,38.4,32.2,363,290
64456,40.2,35.0,1415,1138
64457,38.2,29.1,251,194
64458,38.5,34.5,140,97
64459,36.0,27.9,483,386
64461,38.3,29.9,792,594
64463,40.4,33.1,1371,1021
64465,39.7,29.9,4526,3393
64466,37.4,34.3,470,372
64467,37.5,32.9,178,141
64468,35.8,27.1,14432,11888
64469,38.9,29.7,2220,1683
64470,37.0,33.6,1454,1136
64471,39.4,33.9,430,325
64473,36.7,32.9,1447,1126
64474,38.2,28.0,726,559
64475,38.9,30.2,359,260
64476,37.3,28.5,400,304
64477,39.3,30.2,3302,2657
64479,38.0,28.5,937,676
64480,36.6,27.6,307,232
64481,40.9,37.5,945,741
64482,41.7,34.2,1928,1501
64483,36.6,27.4,678,494
64484,43.6,34.2,1022,791
64485,35.5,26.7,8448,6355
64486,40.7,33.9,332,266
64487,38.7,31.4,694,534
64489,39.7,33.6,2074,1511
64490,38.7,28.4,2052,1587
64491,41.4,34.0,1803,1416
64492,38.9,28.6,1792,1451
64493,41.3,31.1,521,402
64494,37.5,27.5,975,754
64496,42.8,32.9,186,139
64497,39.0,32.5,532,408
64498,41.9,32.9,305,250
64499,41.7,32.8,151,99
64501,46.1,35.9,11020,8353
64503,44.3,34.9,12127,9365
64504,45.1,36.4,10033,7708
64505,40.7,30.6,13261,10226
64506,39.6,29.4,22828,18411
64507,41.8,31.2,14133,10908
64601,39.6,32.8,12034,9526
64620,39.4,35.1,495,382
64622,37.4,31.7,506,396
64623,38.5,34.1,488,391
64624,39.6,35.5,1519,1173
64625,40.6,34.3,583,415
64628,35.5,33.3,5527,4322
64630,35.4,31.3,547,442
64631,34.1,31.0,836,660
64632,41.5,37.2,625,489
64633,38.7,34.8,4924,3851
64635,37.8,31.5,546,408
64636,38.7,33.5,259,196
64637,39.7,35.6,579,446
64638,38.3,29.2,438,356
64639,38.6,35.1,223,175
64640,39.0,34.5,3168,2373
64641,38.5,33.7,521,405
64642,40.8,37.2,756,587
64643,38.1,32.4,949,744
64644,38.4,32.2,2977,2219
64645,38.8,31.3,239,186
64646,37.2,29.0,306,238
64647,38.4,34.3,308,254
64648,38.1,32.8,2085,1397
64649,38.4,32.3,830,627
64650,40.0,32.1,628,528
64651,35.5,32.5,519,402
64652,40.1,34.3,372,284
64653,35.6,31.8,678,492
64655,35.2,29.8,202,157
64656,37.5,29.1,226,158
64657,40.7,33.5,325,239
64658,37.7,34.7,3193,2454
64659,35.3,31.8,863,635
64660,38.1,31.7,470,360
64661,39.3,31.9,691,532
64664,38.2,30.0,305,240
64667,37.0,31.0,292,233
64668,38.0,31.3,1258,1004
64670,37.7,31.3,1077,851
64671,38.9,32.7,2085,1630
64672,34.0,30.3,255,179
64673,41.7,36.2,2470,1897
64674,34.9,30.9,408,312
64676,39.4,31.2,162,126
64679,39.3,34.8,835,565
64681,37.7,30.9,198,161
64682,38.1,32.8,354,271
64683,38.9,34.7,7900,6022
64686,37.9,28.4,226,190
64688,38.8,32.2,533,380
64689,39.3,34.4,604,451
64701,38.2,28.0,14681,11184
64720,38.4,30.1,3869,2997
64722,37.9,28.8,441,340
64723,39.7,30.3,627,481
64724,37.4,37.0,1755,1379
64725,37.7,27.0,2349,1735
64726,37.8,31.0,422,331
64728,35.6,29.8,523,409
64730,42.8,37.7,6803,5267
64733,36.9,29.4,1065,823
64734,38.2,27.1,1976,1537
64735,38.5,34.2,13450,10598
64738,37.6,36.0,1138,856
64739,38.0,27.3,1052,804
64740,38.1,35.0,1768,1466
64741,33.8,27.4,279,230
64742,39.0,28.5,2079,1626
64743,39.6,27.4,301,227
64744,40.8,37.3,7812,5775
64745,40.6,30.4,73,65
64746,38.6,27.9,1479,1170
64747,39.3,29.0,3838,2935
64748,41.3,36.3,1354,1008
64750,41.9,41.1,409,269
64752,39.4,31.7,700,519
64755,39.2,31.6,2616,1923
64756,41.8,39.2,742,533
64759,41.5,36.6,7921,5958
64761,37.0,28.7,1383,1031
64762,39.1,32.5,1444,1092
64763,37.3,37.3,1481,1183
64767,37.9,35.5,831,649
64769,39.2,32.4,463,370
64770,38.8,32.6,953,752
64771,36.2,29.9,501,399
64772,37.3,33.4,12897,9837
64776,38.5,37.0,3651,2907
64778,39.2,36.5,569,405
64779,41.1,35.2,2337,1779
64780,40.0,36.7,544,431
64781,36.2,35.7,73,60
64783,40.1,38.9,789,590
64784,37.2,31.6,1306,966
64788,37.6,30.4,1355,1017
64790,41.4,40.7,746,571
64801,39.8,32.5,35234,28021
64804,38.8,30.9,38078,29398
64830,40.0,30.5,618,457
64831,42.2,37.2,5910,4471
64832,38.2,30.2,781,614
64833,38.9,29.6,103,66
64834,37.2,26.2,10239,7290
64835,40.2,32.4,1855,1360
64836,41.8,37.2,25334,18430
64840,38.4,30.9,2785,2179
64841,40.0,31.4,965,733
64842,38.4,35.3,818,606
64843,41.8,35.7,3290,2382
64844,40.7,35.1,4412,3322
64847,42.8,37.0,371,276
64848,39.6,31.0,609,446
64849,36.7,28.4,219,155
64850,39.7,32.6,24586,18395
64854,45.8,42.5,4829,3405
64855,38.6,28.6,2902,2055
64856,41.8,36.2,4164,3215
64857,39.1,29.8,371,274
64858,40.3,31.8,152,126
64859,39.8,31.8,1377,977
64861,43.1,36.9,1227,864
64862,39.8,33.5,3282,2502
64863,45.1,44.2,1724,1173
64865,40.0,32.4,5670,4258
64866,39.6,34.3,1321,966
64867,41.2,35.4,1381,1067
64868,43.7,34.8,85,63
64870,38.5,29.2,16566,12142
64873,39.6,33.9,970,738
64874,36.0,33.4,732,534
65001,35.7,26.9,327,263
65010,28.6,20.7,7128,5086
65011,38.0,36.3,2608,1743
65013,40.1,36.6,3206,2489
65014,38.6,30.5,2227,1781
65016,35.1,26.4,1398,1057
65017,39.1,32.5,1569,1183
65018,38.5,30.2,7960,5894
65020,37.3,33.3,14189,11194
65023,37.8,28.8,1889,1491
65024,35.7,27.7,1018,817
65025,38.8,32.2,752,564
65026,38.2,32.6,11141,8510
65032,36.4,27.5,1709,1311
65034,39.4,36.9,720,435
65035,36.3,29.4,1639,1243
65037,36.9,35.4,4732,4135
65039,28.8,21.3,2446,1877
65040,35.9,26.9,1286,946
65041,38.2,30.0,5389,4351
65043,36.4,27.3,10244,7750
65046,36.2,26.0,1168,903
65047,39.2,33.4,1249,943
65048,36.5,25.8,298,211
65049,34.6,27.3,7260,5878
65050,38.7,32.5,616,343
65051,35.8,27.7,4705,3655
65052,35.9,30.4,3331,2673
65053,35.4,26.0,1506,1149
65054,35.4,27.5,771,576
65058,35.2,27.2,963,741
65059,36.3,28.2,983,754
65061,38.2,29.6,607,479
65063,36.8,28.2,3607,2728
65064,39.9,34.5,572,437
65065,35.4,30.8,6881,5821
65066,39.4,31.9,6445,5005
65067,37.0,29.2,378,308
65068,36.1,27.9,806,591
65069,38.8,34.0,599,453
65072,35.9,30.3,1646,1404
65074,37.5,29.6,3126,2360
65075,34.1,25.2,889,664
65076,35.9,24.3,732,540
65077,38.1,28.6,491,398
65078,40.4,40.2,3809,3037
65079,35.0,30.1,4417,3968
65080,38.1,31.7,935,730
65081,41.3,32.5,3663,2909
65082,37.1,30.8,1108,881
65083,36.3,31.4,379,264
65084,38.2,36.5,7291,5326
65085,32.4,26.1,1165,903
65101,37.6,27.6,29960,23802
65109,36.0,26.8,39730,30593
65201,30.0,26.6,48734,42676
65202,32.2,25.4,48239,36556
65203,29.1,21.6,59712,45978
65215,21.7,19.2,239,239
65216,25.8,28.2,234,232
65230,36.6,31.3,650,485
65231,38.5,30.8,3171,2397
65232,37.4,32.6,245,194
65233,38.7,31.5,11472,9064
65236,38.8,33.2,1293,1003
65237,38.2,30.3,858,645
65239,34.3,26.3,1261,1005
65240,33.6,29.4,8292,6144
65243,36.6,31.2,2734,1855
65244,36.2,29.2,457,366
65246,39.2,31.4,92,83
65247,34.0,29.9,640,495
65248,34.8,29.0,4781,3834
65250,35.4,28.7,556,411
65251,37.4,29.5,21867,17601
65254,36.3,31.3,1778,1337
65255,32.2,26.4,4487,3235
65256,32.5,26.9,2052,1575
65257,37.3,32.4,1429,1134
65258,40.3,36.9,493,371
65259,36.8,31.3,2639,2064
65260,35.8,27.9,576,451
65261,37.9,31.9,1138,883
65262,37.8,30.6,863,648
65263,39.7,37.5,1753,1342
65264,37.3,33.8,792,612
65265,39.6,35.0,15238,11654
65270,38.8,33.1,17565,13805
65274,34.9,29.0,1586,1209
65275,34.8,30.9,2352,1899
65276,36.7,31.8,1544,1202
65278,37.3,34.5,104,79
65279,31.0,24.2,1819,1418
65280,37.9,31.5,208,161
65281,39.2,32.3,2979,2264
65282,38.2,35.8,109,92
65283,38.0,35.0,459,396
65284,32.0,27.6,2279,1782
65285,41.5,38.2,652,498
65286,38.9,32.3,114,84
65287,37.7,26.8,316,253
65301,36.5,32.8,34987,26285
65305,32.6,21.4,2851,1828
65320,35.2,33.0,74,60
65321,38.3,32.2,399,315
65322,37.8,31.3,637,480
65323,38.0,32.8,919,709
65324,36.2,33.6,1302,1126
65325,37.3,30.5,3142,2393
65326,39.3,35.2,2051,1752
65327,37.9,31.3,209,169
65329,37.3,38.3,500,376
65330,40.3,36.2,396,321
65332,34.7,29.2,1652,1208
65333,34.7,29.6,760,557
65334,34.4,29.2,976,702
65335,36.9,31.1,246,201
65336,36.6,27.1,6136,4552
65337,34.6,28.6,1882,1394
65338,38.4,33.4,2913,2323
65339,37.7,30.7,533,418
65340,37.0,30.7,16488,12811
65344,36.8,30.1,301,215
65345,35.9,30.4,491,371
65347,36.0,30.3,634,488
65348,38.4,32.5,1263,930
65349,40.7,36.6,2371,1814
65350,35.3,30.5,1681,1278
65351,37.3,31.1,2301,1796
65354,39.7,39.3,547,417
65355,39.9,36.5,10675,9036
65360,39.6,34.6,4692,3450
65401,34.8,29.6,32310,26033
65436,36.5,31.0,99,92
65438,36.7,34.3,2570,2035
65439,43.5,37.7,227,159
65440,41.2,35.9,445,362
65441,41.2,32.2,4760,3635
65443,38.6,32.0,94,81
65444,42.7,37.4,1027,808
65446,40.9,32.5,395,300
65449,40.1,31.2,341,262
65452,37.6,29.7,2942,2210
65453,42.9,36.3,7966,6265
65456,41.5,32.7,460,365
65457,37.8,28.6,245,194
65459,38.1,31.4,7524,5808
65461,35.1,30.4,133,99
65462,36.0,30.8,1395,1142
65463,39.0,35.5,882,716
65464,41.1,39.3,366,303
65466,38.6,37.0,1265,1007
65468,44.0,41.9,101,77
65470,38.1,33.4,1015,793
65473,28.6,19.9,15980,13519
65479,41.0,39.5,360,277
65483,40.5,36.2,4607,3585
65484,39.6,31.9,165,123
65486,35.4,29.2,3340,2483
65501,39.7,33.5,215,167
65529,33.9,30.7,171,146
65534,38.7,29.9,944,726
65535,42.0,31.7,1517,1224
65536,38.6,34.9,29550,22320
65541,37.2,31.4,292,222
65542,44.8,38.7,6489,5192
65543,38.8,35.4,404,328
65548,36.9,35.5,5897,4485
65550,35.8,30.0,2836,2194
65552,42.2,34.7,1911,1452
65555,41.1,35.5,1060,826
65556,39.3,33.9,5574,4309
65557,43.1,36.8,209,156
65559,35.1,29.5,9128,6947
65560,39.7,34.3,13292,10354
65564,41.0,32.6,230,177
65565,42.2,33.2,5238,4026
65566,42.7,36.2,777,619
65567,37.5,34.1,1199,916
65570,42.4,37.1,412,342
65571,42.8,40.5,1962,1487
65580,38.6,33.5,858,686
65582,36.2,30.3,1983,1564
65583,37.2,26.2,13561,9967
65584,38.6,28.8,10714,7704
65588,37.2,33.6,2202,1685
65589,40.8,40.6,134,101
65590,38.0,32.0,1616,1290
65591,37.1,32.4,1328,1031
65601,40.7,34.4,923,704
65603,41.2,36.5,172,144
65604,37.1,28.2,3809,2902
65605,40.6,37.1,11795,9015
65606,41.2,38.6,2662,2065
65608,37.7,34.6,8496,6576
65609,41.2,37.4,631,484
65610,38.3,29.4,5339,4170
65611,37.7,29.0,1988,1765
65612,36.2,24.4,1377,1085
65613,38.8,33.6,17890,13630
65614,38.5,32.3,521,392
65616,35.9,30.5,27562,21739
65617,39.4,30.4,1727,1348
65618,42.4,40.8,107,84
65619,34.8,21.5,8684,6628
65620,35.8,26.3,353,276
65622,38.7,34.3,8461,6481
65624,43.7,37.0,1662,1447
65625,37.5,35.2,8298,6283
65626,40.4,37.6,1637,1268
65627,37.9,34.0,503,429
65629,37.4,27.2,646,483
65630,37.4,30.5,521,447
65631,37.4,26.6,5599,3989
65632,39.1,33.7,2993,2287
65633,41.7,33.5,4121,3114
65634,42.7,38.8,582,466
65635,40.6,34.1,574,428
65637,41.4,38.2,917,683
65638,39.1,38.4,389,301
65640,40.2,36.0,910,665
65641,37.2,35.6,1294,1130
65644,39.2,30.5,2805,2138
65646,40.4,33.9,1888,1464
65647,38.6,37.8,2310,1735
65648,38.0,27.3,5784,4382
65649,40.8,35.1,1649,1303
65650,42.9,40.9,1423,1079
65652,43.5,32.3,4068,3246
65653,36.5,33.3,5806,4719
65654,40.9,36.6,184,134
65655,44.3,42.3,2806,2227
65656,42.9,34.6,4684,3781
65657,35.9,27.5,106,87
65658,35.9,34.1,1026,911
65660,40.4,33.9,243,192
65661,41.0,36.4,2422,1980
65662,39.6,34.5,1215,894
65663,37.7,31.6,2424,1755
65664,39.9,31.0,118,95
65667,42.3,37.7,3404,2507
65668,41.5,41.3,1631,1457
65669,39.8,31.0,2531,1942
65672,35.9,30.7,8548,6917
65674,39.8,35.5,2909,2167
65676,44.3,46.5,361,331
65679,37.3,31.5,2569,1984
65680,37.2,32.5,1218,1015
65681,41.5,34.9,2001,1690
65682,39.3,35.1,1776,1397
65685,41.6,39.1,943,710
65686,40.2,33.1,4442,3944
65689,40.3,35.2,4185,3279
65690,40.1,35.5,180,151
65692,39.3,35.0,965,760
65702,43.2,39.9,368,276
65704,42.2,38.0,3883,2961
65705,39.0,34.9,3741,2910
65706,40.4,29.9,15784,11798
65707,38.0,30.9,2275,1684
65708,40.0,39.0,12973,9488
65710,40.9,33.3,1253,912
65711,41.1,37.4,9278,7017
65712,39.0,33.6,8464,6407
65713,40.5,31.5,2562,1922
65714,35.7,25.4,35109,25960
65715,44.6,38.3,83,64
65717,42.2,38.0,2236,1626
65720,37.4,28.5,538,395
65721,36.4,26.4,32975,24146
65722,39.4,35.3,1833,1435
65723,40.2,35.5,3673,2648
65724,42.3,41.1,1283,1147
65725,38.8,29.9,2441,1846
65726,25.2,21.1,1696,1686
65727,38.4,33.4,165,112
65728,41.0,31.8,55,50
65729,43.3,44.3,294,270
65730,42.4,37.8,177,150
65731,35.7,30.2,295,233
65732,42.9,37.5,823,663
65733,38.3,38.4,601,523
65734,37.5,35.4,3232,2315
65735,41.8,39.1,188,152
65737,39.9,30.3,8209,6742
65738,37.7,25.9,20995,15146
65739,34.2,29.2,1240,1032
65740,39.1,34.9,3543,2679
65742,38.3,26.8,12807,9591
65744,38.4,33.4,103,92
65745,39.9,36.9,2590,1994
65746,43.2,35.4,8667,5606
65747,38.7,36.7,3364,2995
65752,39.7,34.1,510,383
65753,38.0,29.0,4937,3695
65754,39.9,30.4,990,733
65755,39.5,35.7,397,316
65756,39.5,34.6,783,535
65757,38.3,27.5,7962,6074
65759,36.5,32.2,1158,894
65760,42.0,37.6,676,563
65761,41.8,38.2,1085,957
65762,43.4,38.7,397,315
65764,42.3,40.9,1393,974
65766,41.7,41.6,94,76
65767,42.6,40.4,1962,1513
65768,39.9,35.4,292,242
65769,39.8,36.5,3017,2220
65770,38.3,28.6,3044,2360
65771,34.0,24.9,1375,1073
65772,39.9,36.8,2028,1562
65773,41.3,37.7,566,464
65774,45.0,44.4,767,609
65775,37.4,35.0,24519,18706
65777,39.7,38.6,236,200
65778,40.6,36.6,332,269
65779,42.8,40.8,1768,1462
65781,36.4,24.1,9609,7058
65783,42.9,39.5,154,113
65785,38.6,34.0,5302,4133
65786,36.3,32.0,2171,1677
65787,35.3,31.5,1549,1285
65788,36.1,31.3,466,350
65789,36.9,32.0,1744,1361
65790,40.6,37.8,763,608
65791,41.1,36.8,4085,3158
65793,37.4,35.3,6304,4739
65802,39.2,29.2,48233,38045
65803,40.1,30.5,42007,32890
65804,35.4,24.5,40064,32691
65806,39.4,31.2,12529,11008
65807,36.6,26.4,55168,45569
65809,32.8,20.9,11882,9422
65810,33.4,21.6,23168,17984
65897,35.4,30.0,2773,2739
66002,37.3,27.8,13376,10489
66006,29.2,16.7,7894,6147
66007,38.8,22.1,9875,7313
66008,37.9,28.9,240,187
66010,38.1,29.2,523,402
66012,37.8,27.1,10126,7647
66013,31.6,18.8,2524,1847
66014,34.0,25.1,402,296
66015,41.1,31.9,732,548
66016,38.0,28.6,541,399
66017,37.8,27.4,301,246
66018,33.0,22.4,6419,4880
66020,38.4,23.7,1478,1175
66021,34.1,22.2,2730,1973
66023,37.7,29.1,1091,819
66024,39.2,27.5,714,523
66025,33.3,20.9,8037,5780
66026,35.1,24.3,716,552
66027,39.3,19.8,6634,4083
66030,34.7,22.5,25164,17369
66031,32.6,16.6,732,726
66032,39.7,29.6,5022,3759
66033,39.7,29.1,760,568
66035,34.4,24.2,1169,989
66039,42.8,32.5,582,438
66040,38.4,28.8,3463,2739
66041,38.4,28.1,644,522
66042,39.8,28.3,689,579
66043,40.4,23.0,10784,8381
66044,32.8,21.7,28276,24371
66045,30.2,25.1,1601,1580
66046,32.9,20.6,19903,16105
66047,31.3,19.7,19396,15814
66048,41.3,24.9,36628,28775
66049,29.6,16.8,32131,25319
66050,32.3,19.6,1787,1432
66052,38.3,21.3,2070,1602
66053,35.5,23.2,8325,6056
66054,35.5,23.5,2774,2129
66056,38.2,28.5,1722,1358
66058,38.9,29.7,323,243
66060,36.0,26.8,1080,784
66061,33.7,22.3,66166,47572
66062,32.2,19.6,77553,56450
66064,38.0,28.4,5783,4342
66066,35.2,25.0,2681,2013
66067,40.2,27.4,16011,12385
66070,35.7,25.1,2519,1945
66071,35.1,24.6,12416,9696
66072,34.6,23.5,1023,788
66073,34.8,25.4,2295,1793
66075,37.5,27.4,2097,1566
66076,40.2,27.8,2282,1694
66078,41.1,28.4,957,723
66079,41.5,29.3,716,569
66080,40.5,29.4,1005,748
66083,33.3,19.9,11379,8237
66085,29.8,17.4,11231,8063
66086,38.8,22.2,10662,7916
66087,38.0,27.3,2009,1539
66088,35.4,26.2,2310,1773
66090,38.4,27.5,2609,2005
66091,41.3,31.5,358,266
66092,38.9,25.4,4287,3221
66093,39.8,30.5,603,421
66094,39.7,28.4,379,284
66095,40.7,28.5,875,666
66097,34.8,27.1,952,740
66101,46.2,43.0,13785,9743
66102,44.0,42.0,30730,20982
66103,38.1,29.4,12741,10421
66104,44.0,38.5,27509,19654
66105,46.3,47.2,2870,2018
66106,40.0,34.2,24085,17452
66109,35.9,25.5,26160,19599
66111,40.0,32.2,10506,7881
66112,40.2,32.2,12507,9424
66160,37.9,28.9,491,491
66202,32.8,21.1,16827,14084
66203,34.5,24.4,19439,15416
66204,33.0,22.1,19381,15682
66205,30.7,17.6,13929,11164
66206,28.8,15.7,10882,8081
66207,29.6,18.0,14519,11222
66208,29.6,16.5,21870,16959
66209,28.4,17.2,20056,15925
66210,29.9,18.4,19057,15514
66211,27.4,17.4,4917,4188
66212,32.5,21.0,32971,26247
66213,28.6,17.1,30987,24201
66214,33.7,22.6,12263,9477
66215,31.8,21.5,26351,21118
66216,31.5,20.0,25169,19520
66217,30.9,19.5,5398,4404
66218,30.9,16.0,9558,6604
66219,31.1,17.4,13378,11002
66220,30.4,16.9,8586,6207
66221,28.8,15.7,24818,17018
66223,27.9,17.8,24843,18791
66224,28.9,16.9,13671,10105
66226,31.5,16.9,14844,10193
66227,30.5,16.8,8476,6278
66401,35.5,26.3,1744,1363
66402,35.6,21.3,3125,2293
66403,39.0,28.8,756,538
66404,38.6,26.0,522,358
66406,38.6,29.5,443,350
66407,37.4,26.7,492,347
66408,40.3,26.2,417,295
66409,34.7,19.8,3211,2556
66411,36.8,29.7,1227,929
66412,39.7,31.2,292,223
66413,42.6,29.5,1830,1396
66414,41.6,27.3,2719,2089
66415,39.7,27.2,848,625
66416,38.4,27.2,489,350
66417,40.5,25.3,442,299
66418,38.6,26.9,701,464
66419,37.9,25.0,422,306
66422,38.2,27.4,445,287
66423,35.3,27.4,855,691
66424,40.4,30.5,521,414
66425,39.3,28.6,432,345
66427,35.0,26.3,1328,1049
66428,39.8,26.5,372,258
66429,34.6,25.1,564,462
66431,33.1,23.9,641,525
66432,37.6,28.2,389,316
66434,39.1,28.6,4783,3590
66436,37.5,28.0,5824,4416
66438,38.5,30.0,267,201
66439,41.5,31.3,2507,1865
66440,38.9,26.5,1895,1453
66441,34.8,30.2,26381,19632
66442,28.4,24.4,16751,11924
66449,26.4,22.4,807,640
66451,41.3,26.8,1709,1247
66501,34.2,24.0,272,192
66502,28.9,24.4,44384,36902
66503,25.8,18.9,16565,12730
66506,24.4,24.1,3128,3093
66507,35.7,25.4,1227,840
66508,38.0,30.2,4348,3282
66509,39.9,27.7,2600,1881
66510,39.7,25.4,757,580
66512,34.9,24.6,3390,2580
66514,33.9,28.1,1692,1271
66515,39.0,26.8,442,329
66516,37.4,26.4,343,270
66517,29.3,22.4,1666,1248
66518,37.7,29.3,167,137
66520,38.0,27.6,647,471
66521,36.5,28.1,1521,1139
66523,43.0,30.8,3722,2855
66524,38.2,26.2,2540,1987
66526,35.9,25.3,798,582
66527,39.5,28.8,222,174
66528,41.9,27.4,782,618
66531,27.8,21.2,1359,1015
66532,41.0,30.1,560,425
66533,34.7,21.3,1826,1308
66534,38.3,26.7,3704,2744
66535,35.8,21.0,3276,2283
66536,36.4,28.0,4151,2565
66537,42.3,28.7,1328,1019
66538,38.4,26.9,3342,2555
66539,35.5,21.1,2762,2070
66540,37.9,27.7,509,381
66541,37.9,30.8,235,194
66542,34.8,21.1,3628,2802
66543,42.9,28.5,782,616
66544,35.9,27.6,300,231
66546,35.2,20.3,1083,868
66547,35.4,22.5,8825,6382
66548,37.8,29.3,926,693
66549,36.5,27.1,1583,1226
66550,40.6,26.7,555,395
66552,36.9,27.0,390,298
66554,27.4,21.6,565,455
66603,47.2,37.4,1569,1166
66604,38.4,25.8,22933,18004
66605,41.8,30.4,19531,14207
66606,39.2,27.6,11056,8836
66607,47.5,38.6,10414,7654
66608,42.8,32.5,5247,4040
66609,39.5,26.0,7519,5617
66610,35.2,20.9,10414,7826
66611,38.8,27.8,9843,7760
66612,47.3,36.6,2097,1685
66614,35.6,22.6,31332,24671
66615,32.7,20.3,3500,2801
66616,42.9,33.9,5610,4379
66617,37.4,24.6,8818,6857
66618,35.3,20.7,9940,7381
66619,38.5,22.5,3207,2034
66621,23.2,13.5,730,726
66701,37.0,31.0,11642,8730
66710,41.0,30.0,671,512
66711,38.6,29.7,582,451
66712,38.2,29.4,1863,1476
66713,45.4,32.9,5234,4004
66714,39.9,31.3,183,149
66716,37.1,30.9,580,388
66717,41.4,30.6,429,360
66720,40.4,30.1,10844,8171
66724,39.4,29.4,913,701
66725,43.0,30.1,5065,3910
66732,36.5,28.5,233,189
66733,37.9,25.8,2056,1631
66734,39.3,30.1,273,217
66735,38.3,28.9,529,394
66736,39.8,30.8,3614,2803
66738,37.7,30.9,373,280
66739,43.6,29.9,5283,4004
66740,38.0,25.8,547,363
66741,35.3,27.5,228,175
66743,37.8,28.2,4191,3125
66746,38.1,29.1,222,194
66748,38.9,30.7,2603,1986
66749,37.0,29.3,7512,5910
66751,38.5,28.5,722,572
66753,38.6,28.9,1029,796
66754,36.3,33.2,440,332
66755,37.5,28.3,989,782
66756,38.8,28.7,878,690
66757,40.2,29.3,3296,2440
66758,41.2,30.6,212,159
66760,37.9,27.3,104,92
66761,40.9,31.9,228,181
66762,37.2,28.2,25309,19693
66763,34.2,23.8,3329,2544
66767,39.0,29.2,466,357
66769,35.2,28.6,483,358
66770,41.4,26.1,1025,776
66771,37.4,26.3,959,737
66772,37.4,27.1,278,220
66773,44.4,31.1,685,548
66775,38.4,25.9,155,131
66776,38.9,27.2,1356,925
66777,41.6,31.7,553,453
66779,35.2,28.0,639,450
66780,38.9,28.4,555,415
66781,44.1,30.8,1124,870
66782,41.7,28.0,159,129
66783,38.8,28.0,2157,1665
66801,38.7,30.3,27369,21324
66830,36.4,25.8,257,206
66833,37.2,26.3,517,410
66834,35.5,26.9,878,680
66835,36.4,23.2,1232,927
66838,36.3,31.5,165,142
66839,38.1,28.6,4016,3073
66840,38.6,26.4,698,537
66842,38.8,24.3,316,238
66843,39.0,29.1,190,138
66845,38.7,29.7,1168,946
66846,37.1,29.8,3348,2607
66849,37.7,29.9,406,323
66850,39.3,28.0,211,159
66851,40.3,31.0,482,375
66852,35.8,25.5,627,469
66853,39.0,26.9,287,233
66854,37.0,25.2,751,593
66856,36.2,25.5,1567,1221
66857,37.0,28.3,806,662
66858,40.7,29.9,395,326
66859,40.1,31.6,161,129
66860,38.4,26.1,1232,937
66861,38.6,27.2,3145,2505
66862,37.6,29.7,135,117
66864,36.1,24.7,406,332
66865,37.0,25.1,1029,779
66866,40.5,29.9,1509,1197
66868,37.1,25.8,749,596
66869,39.3,29.2,612,486
66870,38.5,27.8,157,125
66871,37.8,28.5,1302,992
66872,37.8,29.6,863,681
66873,37.1,28.6,307,237
66901,41.6,29.6,6294,4910
66930,42.5,32.2,144,125
66932,39.5,28.6,139,116
66933,34.1,30.1,353,281
66935,42.1,32.1,2477,1932
66936,39.9,32.6,322,264
66937,37.0,28.4,752,545
66938,40.3,29.5,984,743
66939,40.6,27.4,523,387
66940,41.8,32.8,284,235
66941,39.3,33.4,223,174
66942,40.1,32.8,211,144
66943,35.7,30.4,519,393
66944,33.3,27.3,232,167
66945,33.8,26.7,1065,762
66946,32.4,28.0,99,86
66948,40.0,26.2,468,362
66949,39.3,32.1,567,465
66951,39.5,28.0,652,520
66952,37.9,29.6,458,388
66953,34.2,31.6,633,485
66955,34.8,27.4,107,92
66956,39.6,32.5,1184,931
66958,35.0,26.8,243,202
66959,41.0,31.7,195,157
66960,41.6,30.7,157,127
66962,36.3,29.0,296,215
66963,40.3,31.3,147,113
66964,40.5,27.1,141,126
66966,39.9,27.0,551,438
66967,39.9,31.0,2005,1585
66968,33.4,27.5,1534,1209
66970,39.5,32.1,104,81
67001,35.6,19.4,1909,1301
67002,36.5,18.8,16518,11388
67003,42.8,35.4,2451,1900
67004,38.9,25.7,733,534
67005,42.5,30.3,15675,11620
67008,40.7,27.7,491,394
67009,42.0,34.9,726,552
67010,39.8,24.9,13564,10214
67013,38.6,24.5,2843,2184
67016,38.2,22.7,574,417
67017,39.6,23.5,2372,1752
67018,43.6,33.1,125,100
67019,43.1,30.1,934,672
67020,38.7,29.4,1666,1245
67022,39.5,27.0,1413,1106
67023,44.0,30.2,202,173
67024,40.7,32.4,720,524
67025,37.4,23.7,3953,2902
67026,36.9,22.5,4980,3601
67028,38.2,27.9,192,149
67029,39.9,28.8,918,701
67030,35.5,19.6,2756,2059
67031,38.0,23.8,2047,1486
67035,37.7,28.5,911,713
67036,40.1,29.9,122,87
67037,35.9,21.4,30005,22432
67038,42.7,31.9,504,384
67039,38.5,22.3,3106,2297
67041,38.4,22.4,226,159
67042,41.4,27.2,17458,13816
67045,42.6,33.3,3318,2591
67047,39.9,29.5,650,554
67049,42.5,29.0,86,53
67050,36.6,21.7,2107,1483
67051,40.5,28.3,428,333
67052,35.4,19.4,8977,6249
67053,38.8,31.2,556,405
67054,40.8,27.4,1164,887
67055,34.9,17.9,64,51
67056,37.9,29.8,3056,2243
67057,35.7,24.9,213,176
67058,40.4,30.7,1882,1407
67059,38.1,25.8,1008,799
67060,38.4,25.4,13860,10158
67061,36.8,28.3,155,116
67062,33.8,24.8,3959,3026
67063,37.6,26.4,3735,2909
67065,39.0,29.8,194,143
67066,38.0,28.2,215,171
67067,36.0,19.6,1831,1419
67068,39.9,29.9,4281,3300
67070,36.1,25.9,1005,786
67071,40.1,31.5,79,63
67072,41.7,29.5,210,172
67073,40.3,25.7,299,235
67074,39.7,27.0,1614,1201
67101,35.2,19.3,6015,4121
67103,38.0,24.7,274,225
67104,39.8,31.5,2232,1712
67105,38.8,27.0,168,122
67106,39.4,24.5,454,327
67107,36.6,28.5,3022,2384
67108,38.4,24.1,1744,1262
67109,40.4,26.1,338,255
67110,37.7,23.2,8263,6119
67111,39.5,27.1,349,272
67112,40.1,27.1,224,185
67114,37.8,29.2,21375,16218
67117,32.7,30.3,1827,1624
67118,39.2,26.0,778,576
67119,40.8,29.1,1444,1114
67120,38.9,24.1,1365,1075
67122,38.9,30.7,191,146
67123,40.3,26.5,711,544
67124,36.6,29.0,7922,6059
67127,39.6,29.7,668,503
67131,40.6,27.3,281,213
67132,40.1,26.4,332,234
67133,36.8,20.0,6694,4885
67134,37.8,27.5,328,236
67135,36.6,23.9,3389,2495
67137,39.9,29.4,509,407
67138,39.1,30.1,333,269
67140,41.0,27.0,724,517
67142,39.5,27.6,315,256
67144,39.5,23.0,2753,2066
67146,40.6,26.0,1727,1287
67147,35.7,20.8,10715,7691
67149,36.5,21.3,1092,804
67151,36.4,24.9,460,329
67152,41.6,30.8,9019,6718
67154,39.9,26.2,1340,975
67155,40.2,28.1,149,120
67156,39.5,26.9,14592,11562
67159,39.0,29.8,192,151
67202,42.2,27.8,2435,2292
67203,40.9,30.1,30498,24272
67204,40.4,30.9,21932,16256
67205,33.6,18.3,20461,14938
67206,34.0,20.7,17076,13766
67207,36.5,25.3,28143,21596
67208,40.2,26.7,17901,13706
67209,36.5,23.4,14217,10784
67210,42.7,36.0,8705,5948
67211,44.8,35.1,19721,14664
67212,37.6,24.7,43587,34182
67213,42.9,33.0,21007,16055
67214,48.9,39.2,15936,11300
67215,35.7,22.0,6451,4671
67216,43.2,35.4,23212,16772
67217,41.3,31.2,30926,22396
67218,43.2,33.7,23044,17360
67219,42.7,29.6,12905,9014
67220,38.2,25.9,14370,11421
67221,27.6,16.5,402,400
67223,36.8,20.0,512,378
67226,34.6,21.4,20767,16286
67227,36.2,19.3,473,337
67228,33.7,17.4,2713,1759
67230,32.9,18.4,12633,9415
67232,35.3,21.2,333,249
67235,35.5,19.1,14824,10595
67260,32.1,25.2,937,930
67301,37.9,27.4,12385,9382
67330,39.7,29.5,1481,1098
67332,41.9,31.1,231,177
67333,37.5,27.3,2603,1971
67334,40.8,35.3,108,77
67335,40.5,31.3,3406,2548
67336,44.6,37.7,1474,1119
67337,41.3,32.9,11806,9145
67340,37.1,25.5,324,253
67341,38.5,27.3,481,299
67342,42.3,33.1,804,601
67344,37.6,27.1,781,609
67345,40.5,35.4,171,129
67346,40.7,35.5,335,263
67347,36.9,26.0,405,328
67349,40.6,36.0,863,663
67351,36.2,25.2,379,307
67352,40.5,34.7,446,347
67353,41.2,36.0,561,436
67354,39.8,29.9,717,527
67355,41.1,32.4,237,182
67356,41.6,32.5,2689,1993
67357,41.6,31.9,12033,9113
67360,40.5,33.7,257,213
67361,40.2,33.8,1764,1416
67364,36.0,23.9,177,131
67401,41.4,29.2,50338,38695
67410,38.6,27.7,9754,7490
67416,41.3,26.8,1066,804
67417,41.5,27.1,188,139
67418,40.1,30.7,175,141
67420,40.2,31.2,4281,3282
67422,39.4,26.1,1254,967
67423,41.2,30.1,285,219
67425,39.1,24.8,756,569
67427,40.3,29.9,340,254
67428,38.4,27.8,1389,1059
67430,38.2,26.3,571,436
67431,40.2,27.8,2424,1769
67432,39.9,28.9,5796,4463
67436,39.1,28.1,563,457
67437,39.0,30.8,995,796
67438,38.6,31.1,289,220
67439,40.5,27.2,3608,2987
67441,42.3,31.9,943,732
67442,42.6,27.3,241,196
67443,39.1,27.6,1778,1315
67444,40.5,28.2,519,408
67445,39.5,27.5,608,469
67446,37.5,25.7,534,421
67447,36.8,25.4,256,206
67448,40.3,26.9,1266,954
67449,40.5,31.1,2770,2167
67450,39.2,26.6,505,390
67451,41.9,32.3,816,645
67452,39.1,27.4,215,154
67454,39.7,27.8,534,416
67455,40.4,30.5,1722,1322
67456,35.0,24.4,4886,3995
67457,39.4,28.7,794,592
67458,39.9,26.3,236,184
67459,38.4,25.3,244,168
67460,37.4,26.5,16113,12460
67464,38.1,28.1,963,780
67466,41.1,28.4,699,508
67467,38.2,27.4,2822,2130
67468,39.5,27.3,304,231
67470,41.0,29.4,536,427
67473,38.7,29.8,1645,1272
67474,40.3,29.2,194,150
67475,41.9,31.5,161,123
67476,39.7,30.5,66,60
67478,41.8,28.4,90,63
67480,39.0,26.3,1707,1299
67481,40.4,29.9,633,498
67482,40.1,26.4,78,59
67483,39.5,30.1,329,245
67484,39.3,27.4,784,622
67485,37.1,26.3,355,287
67487,39.7,26.8,1350,1060
67490,37.8,30.4,1140,944
67491,38.5,27.5,374,292
67492,43.3,32.2,255,202
67501,46.7,32.4,24779,19375
67502,41.9,27.4,23770,18717
67505,44.4,34.2,2538,2033
67510,43.9,32.6,257,203
67511,37.6,29.2,287,245
67512,40.6,30.0,201,160
67513,38.4,31.1,70,54
67514,44.0,30.1,698,531
67516,35.6,30.1,367,276
67518,35.6,30.1,94,67
67519,40.3,32.7,199,145
67520,39.3,30.3,311,257
67521,36.0,30.1,140,123
67522,41.0,27.1,2131,1554
67523,34.9,24.7,359,279
67524,40.3,28.4,547,415
67525,38.4,28.0,980,769
67526,38.2,28.7,2639,2002
67529,36.2,24.8,328,258
67530,39.5,31.6,17901,13578
67543,42.1,28.4,2018,1490
67544,38.4,27.5,3196,2359
67545,40.8,28.1,193,156
67546,37.5,28.3,2530,1959
67547,39.4,32.0,1699,1330
67548,38.5,31.2,1382,1079
67550,38.3,29.3,5270,4213
67552,40.4,33.2,679,522
67553,39.7,30.6,92,77
67554,40.7,30.3,4150,3121
67556,37.8,30.4,272,220
67557,42.5,30.8,615,438
67560,35.5,30.4,1557,1232
67561,45.2,29.4,1489,1081
67563,39.5,30.4,331,245
67564,37.8,28.1,259,208
67565,38.8,29.0,445,345
67566,42.1,29.0,580,427
67567,38.4,27.7,466,368
67568,45.8,31.1,254,191
67570,41.8,27.6,1366,1017
67572,35.6,30.9,390,337
67573,40.6,29.0,173,131
67574,36.6,25.9,189,141
67575,38.0,31.9,374,319
67576,41.5,30.0,1809,1390
67578,40.8,29.1,1305,1017
67579,38.3,26.3,2959,2359
67581,43.4,30.3,392,301
67583,41.8,29.5,898,696
67584,35.8,29.5,233,193
67601,36.6,23.6,24428,19528
67621,41.3,30.9,331,266
67622,43.2,31.3,540,414
67623,38.7,29.5,237,187
67625,38.5,31.1,264,203
67626,40.2,28.8,160,128
67627,39.8,27.4,97,77
67628,37.5,28.7,79,73
67629,40.3,31.6,137,117
67631,40.2,26.1,221,178
67632,40.2,29.6,199,169
67634,40.0,30.1,237,216
67635,37.9,28.4,130,96
67637,38.3,24.7,2576,1929
67638,38.8,28.0,207,173
67639,40.3,31.0,145,124
67640,39.5,27.1,574,420
67642,36.9,30.2,1661,1295
67643,37.1,28.0,206,163
67644,42.2,29.9,216,173
67645,41.8,30.3,435,349
67646,41.9,32.3,589,459
67647,43.0,30.2,243,185
67648,40.5,30.0,491,377
67649,40.3,29.6,243,190
67650,37.5,30.3,215,176
67651,39.4,29.6,438,340
67653,38.9,28.1,272,193
67654,43.4,29.7,4333,3524
67656,41.6,25.7,156,136
67657,41.8,29.1,314,237
67658,40.6,30.4,98,91
67659,37.5,27.8,103,88
67661,40.4,29.3,3171,2441
67663,40.0,27.8,2424,1873
67664,42.5,32.0,253,191
67665,42.3,31.6,5011,3851
67667,40.0,25.8,170,134
67669,41.6,29.3,1843,1433
67671,38.4,25.8,1550,1199
67672,40.3,26.8,2210,1743
67673,39.7,30.9,99,87
67674,39.6,26.1,62,53
67675,40.6,29.1,183,150
67701,35.9,25.5,6561,5012
67730,41.8,30.6,1717,1317
67731,38.9,33.8,659,491
67732,34.8,24.1,528,395
67733,37.1,30.1,120,95
67734,36.0,23.3,190,144
67735,38.8,30.2,5467,4130
67736,38.7,27.9,224,170
67737,38.9,28.0,473,352
67738,36.0,28.4,487,377
67739,39.8,30.2,226,197
67740,34.5,26.6,1732,1309
67741,38.7,30.4,305,227
67743,36.4,24.3,183,143
67744,43.6,29.7,195,147
67745,42.6,31.1,281,214
67747,39.6,27.8,144,115
67748,39.2,28.9,2541,1932
67749,36.8,27.5,2158,1713
67751,37.6,27.5,199,149
67752,36.7,28.5,1384,1018
67753,36.2,26.0,472,354
67756,37.8,33.8,1917,1523
67757,35.4,26.3,420,317
67758,36.6,30.5,1021,774
67761,37.8,28.3,258,189
67762,37.4,28.2,286,197
67764,39.8,28.3,395,279
67801,39.6,34.8,31090,21322
67831,37.3,26.9,971,753
67834,34.2,23.6,876,649
67835,40.5,28.1,2837,2032
67836,38.4,30.5,104,73
67837,40.1,30.0,808,543
67838,38.6,32.6,903,641
67839,36.7,28.6,1281,1017
67840,36.8,28.9,81,68
67841,38.5,29.9,320,239
67842,34.0,23.3,394,300
67843,34.4,41.9,96,94
67844,37.0,31.2,804,599
67846,37.2,33.0,35205,25016
67849,37.6,25.5,382,276
67850,37.5,27.3,330,244
67851,37.5,27.7,2798,1850
67853,40.9,28.2,780,541
67854,36.8,25.4,1191,904
67855,39.3,34.5,1865,1316
67857,36.7,28.9,157,115
67859,39.1,29.5,547,399
67860,37.6,31.6,2961,2115
67861,42.3,34.0,1875,1381
67862,39.5,34.1,246,192
67863,42.8,31.2,317,217
67864,36.2,29.7,1949,1479
67865,36.0,26.7,1042,766
67867,37.5,31.4,1591,1172
67868,37.5,28.8,211,131
67869,37.4,31.1,1346,933
67870,42.2,33.7,1534,1069
67871,38.4,26.4,5148,3800
67876,33.8,23.3,1224,875
67877,42.2,31.6,2039,1440
67878,40.0,29.9,2331,1652
67879,36.4,26.7,1277,952
67880,35.7,29.1,7359,5167
67882,35.1,25.7,390,287
67901,43.2,38.1,21242,14723
67950,37.8,32.4,2058,1537
67951,41.6,36.9,4688,3356
67952,41.0,32.9,597,429
67953,37.1,30.9,88,77
67954,39.5,32.2,549,422
68001,38.9,28.5,71,60
68002,42.6,25.0,2181,1602
68003,38.7,22.7,5291,4026
68004,41.2,27.9,867,649
68005,38.1,26.9,23236,17678
68007,34.0,15.4,16250,10584
68008,41.2,23.0,12597,9530
68010,42.9,31.3,410,75
68014,37.8,27.6,263,202
68015,39.5,23.0,1039,771
68016,41.1,26.6,498,403
68017,39.3,23.4,1702,1263
68018,39.8,23.9,534,359
68019,40.8,27.2,524,420
68020,42.7,33.4,624,529
68022,32.1,14.7,30996,21492
68023,41.1,22.8,2740,2078
68025,39.7,28.6,31301,23601
68028,34.5,17.8,15954,10770
68029,42.4,25.3,860,665
68030,43.9,29.8,809,585
68031,39.7,28.1,1628,1239
68033,39.9,23.5,435,338
68034,40.3,22.2,939,706
68036,39.4,27.6,401,336
68037,40.6,25.5,2615,1934
68038,42.7,32.7,1321,1002
68039,47.2,31.0,1355,775
68040,40.7,25.5,339,251
68041,38.9,22.8,991,746
68042,38.3,22.6,111,85
68044,41.4,27.5,692,510
68045,39.2,27.8,1919,1458
68046,35.4,19.9,32242,22895
68047,42.7,31.1,1709,1338
68048,40.7,26.1,12991,10017
68050,39.3,24.7,597,471
68055,44.8,30.7,279,206
68057,39.3,27.2,1525,1178
68058,38.9,25.3,249,215
68059,35.1,21.0,3408,2564
68061,39.9,28.3,2414,1872
68062,43.8,30.2,267,203
68063,39.1,28.7,253,212
68064,35.0,19.0,3872,3019
68065,38.5,23.8,1414,1105
68066,39.9,24.6,6065,4365
68067,46.2,30.8,1098,726
68068,42.9,24.4,129,106
68069,34.0,17.9,2854,2294
68070,39.4,24.6,783,564
68071,46.8,30.2,2011,1226
68073,39.8,22.9,2182,1602
68102,38.5,22.5,9130,8664
68104,40.9,28.7,36706,26723
68105,39.2,25.8,22669,17307
68106,33.9,19.4,21871,18279
68107,44.1,36.7,31064,20594
68108,43.7,33.9,15623,10982
68110,47.7,35.9,9665,6992
68111,50.1,40.0,25048,16818
68112,42.7,29.5,11095,8115
68113,31.2,18.3,841,672
68114,33.6,19.3,18078,14479
68116,32.9,16.2,34003,24551
68117,40.7,30.4,8387,6339
68118,31.4,14.6,9802,7139
68122,36.3,21.3,12999,9309
68123,36.1,21.2,32203,23463
68124,33.2,18.8,15503,12051
68127,36.6,22.3,22507,17897
68128,36.0,22.0,19160,14511
68130,32.0,15.9,21501,15691
68131,39.3,24.7,13609,11183
68132,35.4,18.9,13729,10635
68133,34.1,19.4,13705,10009
68134,39.0,24.3,28996,22136
68135,32.9,15.3,30728,21356
68136,34.4,17.7,20984,14154
68137,35.2,20.7,26537,20340
68138,36.5,20.7,12327,9290
68142,34.8,18.2,5511,4222
68144,34.1,19.2,24994,19160
68147,39.3,28.1,11387,8280
68152,36.9,24.2,6615,5189
68154,33.4,18.2,23383,18341
68157,37.5,26.1,5525,4122
68164,35.2,19.1,28314,21876
68178,30.3,21.6,2267,2247
68182,20.3,9.5,803,793
68301,37.4,22.5,1654,1228
68303,40.6,27.3,261,204
68304,39.3,22.2,329,253
68305,42.3,32.5,4368,3263
68307,40.2,26.0,440,334
68309,43.3,29.8,90,64
68310,42.5,30.2,14134,10989
68313,36.7,25.0,938,710
68314,36.6,23.1,342,256
68315,40.3,29.3,121,90
68316,41.7,27.7,396,305
68317,33.6,16.9,2044,1457
68318,43.0,30.6,407,318
68319,41.4,26.2,540,407
68320,41.8,28.3,393,279
68321,40.3,27.8,309,266
68322,40.3,28.1,420,332
68323,37.6,32.8,240,188
68324,38.9,24.3,153,126
68325,39.4,30.1,207,146
68326,41.1,28.9,258,199
68327,39.6,29.5,329,255
68328,41.5,26.1,447,344
68329,36.1,26.7,580,456
68330,36.8,25.1,63,50
68331,40.8,25.1,1016,736
68332,35.4,28.1,115,101
68333,40.4,30.7,8484,6068
68335,40.2,29.1,535,403
68336,35.1,18.8,504,387
68337,46.6,32.0,322,251
68338,36.3,27.1,241,179
68339,34.5,18.4,1645,1289
68340,39.7,29.2,933,707
68341,40.5,27.2,966,737
68342,35.9,25.4,528,418
68343,41.0,27.1,1012,781
68344,40.9,24.2,399,314
68345,39.9,33.1,215,183
68346,42.1,27.7,459,360
68347,41.2,24.9,2551,1877
68348,37.9,35.8,209,179
68349,40.3,25.3,1132,826
68350,37.8,26.5,166,140
68351,42.6,29.6,724,585
68352,38.4,31.5,5075,3931
68354,41.9,30.4,866,689
68355,45.3,32.0,4930,3814
68357,38.9,22.1,382,291
68358,35.2,17.7,1935,1382
68359,40.0,27.2,1401,1061
68360,35.3,23.3,570,421
68361,41.0,28.3,2483,1879
68364,33.4,23.6,183,138
68365,42.0,27.2,227,182
68366,38.7,22.1,1110,828
68367,40.2,25.3,472,373
68368,35.2,18.3,574,415
68370,40.0,30.4,1954,1518
68371,38.7,25.2,1531,1137
68372,33.2,15.2,3813,2554
68375,40.7,30.6,108,89
68376,45.5,32.0,1322,1057
68377,36.3,27.3,369,303
68378,40.8,28.0,644,474
68379,42.6,29.0,58,51
68381,41.5,32.4,177,145
68401,40.0,23.4,730,531
68402,35.6,18.9,1330,979
68403,40.0,25.5,180,148
68404,34.3,18.4,1043,790
68405,34.9,24.2,3378,2570
68406,42.5,29.7,370,290
68407,38.7,23.5,789,606
68409,39.6,23.5,900,656
68410,41.4,29.1,8620,6476
68413,40.2,25.1,550,428
68414,41.4,28.0,251,202
68415,41.4,26.0,534,418
68416,44.6,30.4,233,189
68417,41.4,27.0,298,225
68418,40.3,23.4,1220,894
68419,32.7,17.3,247,190
68420,37.7,32.6,1301,1003
68421,33.5,21.6,987,861
68422,40.9,25.5,535,424
68423,36.2,24.3,1007,755
68424,36.1,26.7,670,520
68428,35.5,19.1,1570,1207
68429,37.9,26.8,68,58
68430,34.0,16.3,2063,1441
68431,45.1,29.3,341,276
68433,47.0,32.0,193,163
68434,33.6,23.8,9209,7113
68436,42.0,27.6,548,406
68437,45.5,29.5,290,235
68438,31.5,18.0,136,103
68439,34.9,23.0,482,347
68440,35.5,28.6,90,86
68441,37.6,34.4,231,188
68442,43.4,29.5,275,207
68443,36.3,27.0,1029,788
68444,41.9,25.8,88,65
68445,41.1,26.4,125,102
68446,40.4,27.2,2799,2125
68447,38.2,32.1,459,352
68448,41.5,27.6,378,311
68450,39.6,32.1,3369,2802
68452,41.9,30.1,82,65
68453,40.7,28.0,317,252
68454,39.8,24.2,748,577
68455,39.7,23.9,733,549
68456,34.6,23.5,1070,783
68457,44.4,29.9,296,240
68458,38.8,25.1,170,134
68460,40.4,26.6,905,708
68461,33.5,17.7,708,528
68462,33.9,16.8,4886,3313
68463,40.4,25.9,1488,1148
68464,40.9,27.1,465,375
68465,39.2,26.4,2522,1890
68466,42.4,30.4,1755,1382
68467,41.6,27.9,9663,7513
68502,36.4,21.0,27238,21401
68503,36.4,24.2,15064,11689
68504,36.3,22.7,17155,13800
68505,34.7,20.1,17475,13397
68506,33.8,20.3,28203,22451
68507,36.2,21.7,15680,12228
68508,35.0,24.6,17249,15998
68510,35.6,21.8,20669,16052
68512,32.9,17.0,13492,10276
68514,36.2,19.3,266,195
68516,32.9,17.1,47448,35610
68517,34.4,17.4,517,400
68520,31.0,17.3,2024,1621
68521,36.3,23.6,37251,27345
68522,37.9,23.2,14496,11031
68523,33.2,16.1,1882,1407
68524,39.5,24.0,5843,4010
68526,31.7,15.9,7788,5759
68527,33.3,17.3,1849,1327
68528,35.3,19.6,6929,5352
68531,36.0,20.4,80,70
68532,35.5,18.2,683,509
68601,42.3,27.8,30189,22318
68620,32.3,28.6,2941,2217
68621,40.3,28.9,434,353
68622,38.9,26.3,293,231
68623,41.9,28.6,235,189
68624,39.5,28.0,1012,769
68626,37.8,26.6,627,484
68627,33.9,30.4,633,502
68628,40.6,29.0,803,609
68629,36.1,26.3,1275,957
68631,39.6,22.7,432,307
68632,38.2,28.2,3966,2959
68633,38.7,28.0,1111,854
68634,40.2,22.4,459,336
68635,39.3,25.7,487,375
68636,42.4,28.4,1287,969
68637,38.0,26.0,291,249
68638,41.0,29.6,1586,1222
68640,40.9,28.0,1443,1094
68641,36.8,25.5,1028,800
68642,39.6,22.8,1788,1270
68643,37.3,25.1,968,707
68644,39.5,23.2,737,572
68647,39.7,22.6,612,458
68648,40.2,25.9,449,373
68649,38.9,24.9,1910,1415
68651,41.2,28.1,1342,1051
68652,34.7,31.0,660,527
68653,40.6,21.9,781,606
68654,41.0,28.1,601,456
68655,35.0,29.7,147,116
68658,38.8,27.4,691,542
68659,36.9,26.8,179,132
68660,34.7,30.1,1134,829
68661,40.1,35.2,7482,5025
68662,40.7,28.1,1202,883
68663,39.8,29.3,660,528
68664,39.7,28.1,254,207
68665,35.4,28.2,751,589
68666,40.3,29.1,1521,1174
68667,37.1,28.5,108,85
68669,38.5,25.8,395,306
68701,39.7,27.1,31257,23615
68710,44.5,31.6,707,554
68711,39.7,29.2,128,93
68713,38.3,28.5,2235,1707
68714,38.8,27.8,1065,848
68715,39.3,25.2,1621,1187
68716,40.5,29.2,925,731
68717,41.3,25.0,186,154
68718,38.7,28.8,1672,1297
68719,40.6,29.7,126,99
68720,44.4,28.8,317,226
68722,37.6,31.0,472,398
68723,39.2,24.6,503,380
68724,39.0,28.7,140,112
68725,37.3,28.6,491,381
68726,43.0,27.7,712,545
68727,40.3,26.9,723,573
68728,44.1,33.4,192,153
68729,39.1,30.5,1739,1365
68730,41.6,30.0,1919,1442
68731,43.1,30.9,2899,2124
68732,42.4,32.2,209,159
68733,43.3,32.0,1258,946
68734,40.7,25.9,161,101
68735,39.0,27.6,833,642
68736,41.2,25.8,601,469
68739,40.4,25.6,2844,2052
68740,39.3,24.0,804,582
68741,44.7,30.5,651,508
68742,39.3,29.7,216,156
68743,44.1,30.7,588,472
68745,40.3,25.9,1523,1156
68746,37.5,30.1,415,358
68747,38.2,25.6,155,122
68748,41.9,32.3,3020,2178
68752,40.8,26.1,820,590
68755,39.3,29.5,268,202
68756,41.8,28.7,1974,1535
68757,43.1,28.3,639,498
68758,40.3,31.3,1047,824
68759,36.8,29.3,252,200
68760,43.0,31.5,1394,932
68761,43.1,27.7,425,341
68763,39.5,30.9,4701,3542
68764,42.3,29.0,721,550
68765,39.7,29.6,1373,1027
68766,37.6,27.9,426,326
68767,39.0,25.4,3327,2469
68768,39.4,27.3,568,434
68769,40.0,29.6,1793,1346
68770,42.0,27.8,1603,1232
68771,40.5,25.4,1459,1113
68773,44.4,29.6,165,129
68774,40.7,25.0,315,239
68776,44.6,33.3,16007,11150
68777,39.5,30.0,664,520
68778,38.2,29.6,596,468
68779,39.8,27.7,2342,1799
68780,37.6,28.7,966,736
68781,41.0,26.6,1442,1002
68783,39.1,30.5,959,762
68784,43.0,32.1,2169,1519
68785,42.8,31.3,284,222
68786,37.1,26.5,985,714
68787,37.4,26.0,6862,5617
68788,41.1,29.0,4861,3616
68789,40.4,32.2,134,107
68790,39.0,24.4,713,550
68791,40.7,27.2,1798,1376
68792,40.6,25.5,468,340
68801,42.8,33.8,30440,21893
68803,40.0,29.2,26487,19584
68810,39.5,26.6,1101,806
68812,38.7,22.8,783,557
68813,39.9,26.4,544,399
68814,39.6,27.3,923,703
68815,42.1,28.0,566,383
68816,41.6,30.1,145,111
68817,41.5,29.2,351,280
68818,40.6,24.2,5702,4168
68820,40.1,28.5,399,317
68821,38.7,29.4,102,90
68822,40.6,29.8,4700,3571
68823,39.0,27.2,2190,1750
68824,38.0,25.3,1407,1016
68825,39.0,29.2,1012,782
68826,39.1,28.4,4044,3035
68827,39.7,28.3,634,512
68828,40.2,26.3,173,143
68831,39.0,27.9,838,607
68832,39.8,27.0,1932,1492
68833,36.2,28.8,203,159
68834,39.5,29.7,228,175
68835,39.3,27.7,430,335
68836,37.4,21.7,1789,1306
68837,42.7,27.8,93,80
68838,39.6,29.3,297,228
68840,39.6,26.1,2946,2121
68841,42.4,25.1,658,481
68842,34.1,29.4,613,472
68843,42.0,25.0,785,611
68844,41.7,28.2,197,137
68845,37.5,22.8,20304,15369
68846,41.3,25.8,287,232
68847,38.5,24.7,18458,14036
68849,28.3,20.7,1433,1418
68850,43.1,36.9,12489,8570
68852,42.6,29.6,474,382
68853,41.6,30.2,1573,1241
68854,41.7,25.9,819,639
68855,39.7,26.3,402,294
68856,39.7,26.1,600,440
68858,40.0,26.2,263,177
68859,42.2,29.1,458,383
68860,40.7,28.3,336,273
68861,38.0,21.1,121,100
68862,42.4,28.8,2908,2210
68863,39.2,27.7,1132,795
68864,39.6,28.2,1068,778
68865,42.2,25.2,960,739
68866,39.6,25.1,1000,757
68869,39.3,26.2,2216,1697
68870,38.0,22.0,561,382
68871,41.7,29.4,230,170
68872,38.1,25.3,908,706
68873,38.7,28.3,3476,2601
68874,39.2,27.4,838,663
68875,35.2,28.1,559,401
68876,39.7,26.0,1502,1125
68878,40.2,27.8,400,306
68879,36.6,26.1,284,238
68882,35.4,28.4,439,346
68883,39.2,26.4,2194,1626
68901,41.4,27.7,26269,20104
68920,35.0,30.6,1330,1069
68922,43.8,29.8,1290,968
68923,39.0,24.5,106,75
68924,38.6,23.6,1204,905
68925,40.3,24.8,422,351
68926,43.7,29.4,709,566
68927,37.5,24.9,1104,855
68928,39.3,24.9,379,278
68929,40.5,33.0,157,130
68930,37.9,25.6,1217,946
68932,37.4,27.9,400,320
68933,41.2,28.8,895,686
68934,42.8,27.7,186,154
68935,41.7,28.8,678,498
68936,43.8,29.5,188,144
68937,38.1,27.4,1683,1362
68938,41.2,29.0,507,409
68939,40.3,33.6,1187,928
68940,38.3,24.6,453,331
68941,41.3,27.9,718,537
68942,39.2,28.2,447,335
68943,40.7,26.5,227,183
68944,39.5,26.9,1210,913
68945,38.6,23.2,233,163
68946,45.3,28.7,66,50
68947,38.1,27.2,569,438
68948,44.6,29.0,339,273
68949,39.3,28.8,6519,5006
68950,40.4,25.1,298,227
68952,39.4,28.7,142,107
68954,38.1,27.5,82,62
68955,39.7,21.8,2084,1531
68956,38.7,22.3,1246,942
68957,41.4,25.2,545,440
68958,37.8,24.1,613,454
68959,38.6,25.3,4047,3015
68960,41.6,34.6,177,138
68961,42.6,26.5,700,559
68964,42.5,25.1,134,107
68966,36.4,29.4,614,466
68967,42.3,28.3,1042,789
68970,39.7,29.3,1248,988
68971,35.3,29.9,379,314
68972,40.1,33.7,176,143
68973,41.1,24.0,461,337
68974,41.7,26.0,183,154
68975,40.0,27.1,137,101
68976,37.5,25.6,173,134
68977,36.0,30.1,284,231
68978,42.4,29.6,2215,1804
68979,38.9,27.2,1823,1385
68980,39.7,24.8,369,269
68981,38.4,26.8,296,227
68982,38.4,25.0,572,448
69001,42.1,29.8,9347,7199
69020,41.6,29.3,398,308
69021,37.3,29.2,1130,895
69022,43.8,28.7,1489,1184
69023,37.3,29.4,439,341
69024,42.7,29.4,1040,767
69025,36.3,25.1,1102,866
69026,39.9,29.5,193,165
69027,37.2,28.0,137,112
69028,38.4,27.1,726,558
69029,38.1,26.9,363,285
69030,37.3,29.8,283,213
69032,42.2,30.7,436,336
69033,37.3,30.2,2574,1909
69034,41.2,28.0,808,633
69036,41.2,30.7,58,57
69037,38.2,29.2,82,72
69038,39.4,27.9,408,314
69039,37.3,26.2,152,121
69040,41.3,29.6,516,408
69041,36.4,26.7,102,85
69043,42.6,30.7,493,381
69044,41.9,30.3,792,652
69045,36.6,30.7,867,696
69046,44.8,28.8,182,141
69101,40.9,30.5,28589,21981
69120,39.7,28.2,954,721
69121,41.4,28.3,315,242
69122,39.0,28.7,671,526
69123,36.8,24.3,863,678
69125,41.9,32.6,258,207
69127,36.2,30.1,723,616
69128,42.1,32.6,319,274
69129,40.5,29.3,1271,994
69130,40.0,30.4,5178,3885
69131,34.1,27.9,543,466
69132,37.0,23.7,105,76
69133,43.3,33.9,305,244
69134,40.8,26.8,321,244
69138,37.8,26.7,4323,3260
69140,40.3,27.6,1674,1231
69141,34.9,28.5,334,274
69142,37.4,25.8,113,87
69143,38.7,25.8,1420,1085
69144,37.8,29.0,204,153
69145,41.9,33.6,2841,2272
69146,34.8,32.0,313,270
69147,38.3,32.3,643,545
69148,39.2,29.9,203,156
69149,34.9,28.4,655,518
69150,40.7,25.2,504,366
69151,38.0,24.6,709,542
69152,39.8,29.1,880,694
69153,35.9,31.0,5914,4523
69154,40.2,32.2,1168,945
69155,36.0,29.2,984,771
69156,35.1,27.1,682,551
69157,40.4,27.8,98,76
69161,38.3,28.8,103,79
69162,35.3,30.5,7414,5646
69163,36.5,26.0,853,653
69165,38.6,27.2,1746,1309
69166,38.3,26.4,587,463
69167,39.0,28.0,292,234
69168,38.8,27.2,259,217
69169,38.0,24.1,590,427
69170,36.5,24.0,381,299
69201,41.1,29.5,4143,3149
69210,40.7,29.3,2197,1741
69211,40.5,27.4,286,229
69212,48.9,40.2,540,320
69214,40.4,29.2,242,196
69216,44.1,32.4,178,130
69217,40.9,28.7,526,423
69218,42.3,28.9,251,205
69219,41.8,27.2,72,54
69220,39.9,28.3,77,63
69221,44.5,28.7,114,92
69301,39.2,30.3,9632,7302
69331,40.7,34.5,95,73
69333,38.4,25.9,291,211
69334,41.4,31.4,2111,1654
69336,41.6,32.6,2216,1718
69337,35.6,25.0,6541,5249
69339,37.6,29.9,1339,1091
69340,37.2,28.3,100,69
69341,38.5,27.9,11091,8409
69343,36.8,31.4,2359,1806
69345,38.2,27.1,433,323
69346,42.8,32.1,546,425
69347,36.0,32.0,1330,1027
69348,38.1,28.1,1430,1069
69350,36.8,26.1,346,271
69351,38.2,31.8,195,146
69352,39.6,29.7,572,451
69354,38.4,27.7,76,63
69355,39.7,27.7,108,86
69356,38.1,26.2,1718,1351
69357,39.5,30.0,3465,2670
69358,40.1,29.7,1870,1437
69360,36.3,33.2,1212,945
69361,39.8,30.8,17526,13164
69366,39.3,27.1,234,183
69367,39.3,27.7,245,183
70001,38.7,25.6,40068,32334
70002,37.6,25.4,19857,15853
70003,39.6,28.6,40068,31858
70005,35.4,22.4,25431,20744
70006,37.9,27.4,16540,12890
70030,35.7,26.3,4365,3373
70031,41.8,33.0,1290,1000
70032,42.1,33.5,4533,3520
70036,40.5,31.3,1057,874
70037,36.4,25.8,16262,11701
70038,43.1,41.6,197,155
70039,43.0,32.2,2800,1994
70040,47.6,39.4,1200,918
70041,41.5,42.5,2675,2003
70043,42.8,33.3,21596,15376
70047,37.1,26.8,12783,9647
70049,41.6,27.2,1975,1579
70051,39.6,32.2,1777,1410
70052,44.9,33.7,3162,2482
70053,45.5,35.1,16509,13154
70056,43.5,32.5,41498,30820
70057,42.8,33.3,4201,3334
70058,46.1,34.5,41377,31131
70062,46.5,37.6,16627,12595
70065,39.4,28.7,51484,39918
70067,40.8,30.7,2823,2188
70068,41.5,30.9,33213,25064
70070,36.2,25.1,13769,10069
70071,44.2,35.5,3205,2533
70072,44.4,34.1,56924,43620
70075,40.0,29.3,5382,3835
70076,40.1,35.3,276,195
70079,36.4,28.4,2970,2305
70080,35.2,25.9,1417,1060
70082,50.1,35.1,832,744
70083,45.3,37.5,2307,1779
70084,42.0,35.8,6411,5063
70085,41.2,34.1,4576,3533
70086,53.8,44.4,1782,1341
70087,39.2,28.8,7244,5563
70090,43.2,31.5,7152,5592
70091,42.2,43.2,180,144
70092,47.3,38.0,7502,5378
70094,46.7,37.2,30638,23392
70112,34.9,26.7,4988,4399
70113,40.5,36.0,8569,6856
70114,39.3,33.3,23127,17266
70115,27.9,18.5,31736,26704
70116,34.2,26.1,10676,9382
70117,37.6,29.7,28528,22953
70118,28.7,22.3,35635,30306
70119,34.0,25.8,38048,32263
70121,41.5,28.3,11523,9762
70122,36.1,28.0,34986,27822
70123,37.0,22.8,27346,22695
70124,24.2,14.4,22777,17453
70125,33.4,26.0,17457,14061
70126,41.4,35.0,30397,21781
70127,40.4,32.0,24332,17952
70128,38.7,31.4,18260,13714
70129,31.6,35.6,10884,7513
70130,28.8,19.4,14521,12967
70131,33.8,25.8,27473,21216
70148,17.8,10.1,1603,1588
70301,46.1,30.8,46661,36000
70310,35.0,17.9,383,382
70339,33.5,28.8,5332,4329
70340,51.3,43.3,81,67
70341,41.7,35.7,3239,2573
70342,41.8,31.6,4806,3546
70343,39.2,31.4,5059,3757
70344,41.0,35.6,5218,3968
70345,46.4,33.3,9119,6952
70346,44.9,39.1,10342,7768
70352,44.2,44.9,233,197
70353,44.8,41.6,1106,871
70354,49.4,38.1,4396,3299
70355,49.0,35.9,920,698
70356,48.6,45.2,2298,1794
70357,45.9,33.1,2419,1896
70358,43.4,34.5,1005,820
70359,46.0,35.3,9591,6870
70360,38.1,27.7,28014,21498
70363,44.7,39.3,25319,18816
70364,42.7,33.5,29559,21998
70372,40.1,39.0,2323,1862
70373,47.0,35.3,6490,4956
70374,47.8,36.1,6699,5133
70375,49.7,36.9,198,151
70377,44.3,39.1,3702,2740
70380,42.9,35.8,21079,16072
70390,40.9,37.5,6593,5147
70391,38.7,34.5,104,83
70392,45.9,36.4,8406,6229
70393,39.7,34.3,421,310
70394,48.0,34.0,13932,10659
70395,38.9,29.4,4843,3750
70397,40.4,34.3,1240,922
70401,43.4,30.8,21014,16287
70402,31.3,20.4,1634,1630
70403,44.3,32.4,29737,22516
70420,36.7,25.3,8030,6174
70422,43.6,32.8,13863,10793
70426,46.8,38.1,6094,5024
70427,46.2,39.2,17941,13682
70431,37.8,28.9,5173,4178
70433,35.3,23.9,41423,32170
70435,37.7,27.1,20828,15993
70436,55.6,43.0,450,318
70437,37.9,28.0,7575,6025
70438,44.2,36.0,19652,14894
70441,44.1,40.1,5006,3808
70442,37.5,28.0,468,338
70443,43.0,32.1,10229,7567
70444,43.6,33.1,9667,7421
70445,39.2,28.4,10866,8665
70446,38.1,24.6,7255,5339
70447,35.2,20.5,17120,11681
70448,35.1,22.2,25670,19435
70449,39.3,29.1,3470,2843
70450,44.3,36.5,2778,2127
70451,49.6,37.4,192,128
70452,39.4,30.4,13187,10343
70453,40.6,35.0,1122,873
70454,41.1,28.4,32154,24344
70455,37.4,25.4,2017,1545
70456,49.0,38.3,2741,2056
70457,26.1,17.2,221,221
70458,38.5,27.5,37798,29426
70460,43.2,33.7,22429,17084
70461,39.3,27.7,30740,22964
70462,40.3,29.0,5490,4259
70463,41.6,33.0,98,82
70464,37.4,30.5,220,171
70465,54.4,42.7,425,282
70466,43.2,31.3,8856,6615
70471,34.2,22.5,23334,17700
70501,45.1,38.4,28721,22306
70503,28.7,17.8,27497,21724
70506,34.1,26.1,39801,31562
70507,35.9,25.3,17791,13206
70508,30.5,20.2,40343,31342
70510,44.4,35.5,24074,18195
70512,40.1,33.6,10146,7683
70513,41.6,35.1,134,98
70514,48.9,39.8,1843,1463
70515,41.8,35.4,3407,2652
70516,37.9,29.4,1579,1084
70517,45.7,34.1,26434,19895
70518,33.6,22.9,16683,12579
70519,43.1,29.3,122,92
70520,36.4,26.6,20017,14756
70522,47.0,35.7,234,188
70523,45.4,32.9,744,561
70524,49.5,43.6,217,175
70525,39.7,33.7,13232,9731
70526,45.0,41.4,17333,13093
70528,41.6,31.5,2255,1691
70529,35.6,27.1,11842,8781
70531,37.2,29.5,1373,1020
70532,44.0,35.8,2560,1900
70533,40.5,29.1,7282,5408
70534,39.7,33.9,725,528
70535,39.5,35.8,17292,12939
70537,36.3,29.3,452,346
70538,47.4,38.1,12604,9711
70541,40.5,38.7,733,586
70542,42.4,34.0,3063,2382
70543,38.4,30.3,3883,2835
70544,45.2,36.6,10775,8223
70546,42.5,34.8,16277,12099
70548,43.6,34.0,10004,7553
70549,43.7,36.2,3836,2905
70550,40.9,35.9,222,174
70551,39.0,31.5,336,274
70552,39.0,30.9,1226,944
70554,48.1,41.8,5540,4139
70555,39.8,26.9,8925,6529
70556,40.0,34.9,545,420
70558,29.9,18.9,140,110
70559,39.6,33.3,2250,1666
70560,44.5,38.4,39457,29654
70563,39.3,30.6,19145,14551
70570,42.6,38.0,38746,28837
70576,40.9,35.1,1422,1204
70577,38.1,34.6,4424,3314
70578,42.5,37.3,16201,12048
70580,42.0,30.6,202,148
70581,44.1,34.4,934,714
70582,45.3,33.4,19088,14679
70583,36.7,29.7,11981,8945
70584,37.1,32.0,7471,5449
70585,41.4,33.8,243,188
70586,44.9,37.1,19589,14585
70589,40.5,37.5,3464,2690
70591,43.0,33.7,5529,4057
70592,31.9,19.8,28975,20314
70601,49.3,39.8,34571,26354
70605,37.3,25.7,39903,30875
70607,46.4,38.1,30339,22675
70609,35.1,29.6,260,260
70611,39.0,27.2,22457,16440
70615,49.1,39.7,14949,11302
70630,36.7,25.6,1370,965
70631,38.2,29.3,823,654
70632,37.0,32.2,315,262
70633,42.8,32.8,8989,6852
70634,40.8,30.4,25039,18959
70637,39.5,32.1,554,405
70638,40.4,32.2,798,550
70639,41.6,38.1,575,404
70640,46.2,36.9,155,119
70643,37.8,33.1,224,208
70644,39.4,30.4,254,205
70645,35.1,26.1,926,733
70646,38.5,26.6,837,661
70647,40.3,27.8,11386,8188
70648,44.1,35.9,7198,5529
70650,38.3,27.2,452,326
70651,40.5,30.4,287,209
70652,40.6,30.1,2557,1798
70653,42.0,33.4,3005,2248
70654,40.1,31.5,207,147
70655,45.7,37.3,2414,1870
70656,38.1,32.6,3824,2857
70657,40.0,28.5,5533,4047
70658,39.8,30.7,888,665
70659,38.3,32.6,1350,988
70660,39.7,29.4,1648,1239
70661,44.8,39.5,2179,1726
70662,39.8,28.2,485,352
70663,42.1,33.7,29325,21959
70665,39.6,29.8,12532,9266
70668,46.4,40.4,6576,4824
70669,40.9,31.6,9830,7462
70706,37.7,25.4,22476,16351
70710,39.1,22.8,6749,4725
70711,38.2,27.1,5243,3877
70712,41.9,31.6,5627,5495
70714,41.3,30.5,18954,14645
70715,42.1,39.4,899,715
70719,38.4,23.9,4396,3259
70721,44.7,34.5,643,473
70722,40.3,31.4,5569,4486
70723,44.9,32.5,1335,1032
70725,37.9,23.9,1743,1255
70726,39.2,27.2,59586,43541
70729,43.3,34.4,967,728
70730,42.9,36.5,3613,2863
70732,38.2,32.8,1110,886
70733,40.8,32.1,1670,1316
70734,35.3,24.3,8384,5737
70736,39.6,33.7,513,398
70737,36.1,27.3,47332,35201
70739,31.5,20.6,12890,9626
70740,37.4,27.6,1181,951
70743,40.0,27.2,397,277
70744,39.2,29.6,5667,4311
70747,44.1,43.3,194,151
70748,42.7,33.1,6564,5827
70749,38.4,33.7,1339,1046
70750,37.1,36.9,1321,1020
70752,37.4,29.3,763,613
70753,43.3,40.0,730,580
70754,39.6,29.3,11966,8994
70755,37.2,30.7,1715,1385
70756,39.0,33.6,510,389
70757,44.3,37.2,3056,2377
70759,39.3,32.0,1239,989
70760,43.2,37.6,6509,5000
70761,43.6,36.3,806,650
70762,36.9,29.5,1034,836
70763,38.8,25.2,4129,3002
70764,42.2,34.7,15616,12208
70767,43.3,31.1,15309,11971
70769,33.5,23.0,46671,33088
70770,29.9,20.5,3816,2922
70772,44.6,38.5,635,503
70773,41.0,34.6,119,91
70774,34.1,26.0,9900,7464
70775,37.5,25.7,9405,7057
70776,40.9,29.2,5891,5081
70777,38.0,29.6,4387,3357
70778,36.0,26.5,2950,2105
70780,40.9,31.7,957,748
70782,39.7,31.4,191,163
70783,38.0,31.2,2422,1949
70785,38.8,27.5,22569,16687
70787,44.4,31.4,86,68
70788,46.9,39.9,3692,2802
70789,46.5,38.4,405,341
70791,34.3,21.3,29432,21366
70801,35.0,25.3,340,321
70802,41.0,32.2,26519,21917
70803,26.8,20.6,3587,3561
70805,49.9,42.6,26025,18833
70806,37.8,27.7,27898,21835
70807,47.9,40.0,16091,12218
70808,30.0,19.6,32510,27212
70809,29.5,18.4,25302,20653
70810,31.2,19.4,42472,33167
70811,45.2,35.7,13116,9885
70812,46.9,36.6,10976,8105
70813,33.9,26.4,1753,1749
70814,42.2,29.0,14061,10566
70815,37.5,29.9,29376,22165
70816,34.7,23.8,45232,34520
70817,30.5,18.7,35025,27260
70818,31.3,20.4,10492,7892
70819,39.9,31.3,5104,3680
70820,32.3,22.2,23470,19675
70836,28.4,21.0,535,498
71001,49.5,44.3,4159,3313
71002,37.5,33.7,194,159
71003,46.9,41.8,857,694
71004,36.5,24.9,526,411
71006,38.5,26.5,15268,11161
71007,37.3,28.9,908,747
71008,46.3,41.2,592,459
71009,35.9,27.9,201,159
71016,43.6,36.9,1929,1406
71018,42.4,34.7,1330,1011
71019,43.7,39.6,7362,5480
71021,52.4,48.7,471,405
71023,42.5,36.9,3235,2604
71024,42.1,33.8,1207,936
71027,43.9,32.9,1861,1449
71028,51.3,44.2,1351,1100
71029,39.2,30.9,188,150
71030,43.8,30.9,1514,1103
71031,37.8,31.0,995,775
71032,45.3,35.8,1996,1634
71033,36.4,26.3,3581,2920
71034,39.8,35.3,278,218
71037,40.5,29.4,21469,15937
71038,48.7,45.8,3321,2589
71039,43.4,36.7,1716,1341
71040,47.0,40.5,8288,6876
71043,39.8,33.4,412,321
71044,38.8,33.3,684,548
71045,42.0,36.5,656,507
71046,43.2,34.6,1183,940
71047,38.7,30.1,10698,8449
71048,48.0,38.1,106,80
71049,43.1,34.4,3108,2399
71051,40.1,28.9,2025,1634
71052,50.7,43.2,9409,7235
71055,45.7,40.1,18626,14406
71060,38.2,30.0,2919,2228
71061,42.0,35.3,1518,1118
71063,44.3,32.9,659,538
71064,46.6,37.7,4262,3654
71065,46.9,38.7,1072,805
71067,45.5,38.1,3435,2493
71068,48.0,43.9,3292,2531
71069,40.5,34.0,519,401
71070,41.7,36.5,1358,1064
71071,41.0,35.8,2335,1856
71072,35.6,28.1,1383,1090
71073,44.8,38.3,2154,1650
71075,47.9,45.8,5844,4476
71078,39.0,26.1,6958,5053
71079,40.8,36.0,173,127
71082,46.0,42.3,4395,3393
71101,51.3,45.8,6560,5175
71103,51.1,46.5,6362,4927
71104,40.1,29.4,13680,10930
71105,35.0,24.3,21308,17134
71106,38.6,29.0,34906,26178
71107,44.2,35.9,31311,23678
71108,52.9,46.6,17727,12761
71109,50.8,43.4,18414,13851
71110,32.6,19.5,1951,1407
71111,41.3,30.6,44476,32544
71112,41.5,31.4,32561,24426
71115,33.1,23.8,15436,12207
71118,42.2,33.2,24582,18513
71119,41.7,30.0,10724,8381
71129,42.5,31.2,13198,10149
71201,42.4,31.1,21565,16666
71202,56.1,49.3,27535,19686
71203,44.1,32.9,37438,27955
71209,32.8,26.7,1091,1088
71219,36.9,31.2,1148,888
71220,45.4,39.5,21154,16265
71222,38.5,35.3,3050,2369
71223,44.9,41.4,358,298
71225,36.9,23.9,8179,6086
71226,45.1,38.0,1493,1220
71227,40.8,29.2,4127,3079
71229,40.8,31.0,1924,1630
71232,44.1,37.8,6073,4682
71233,38.7,28.6,254,184
71234,35.1,29.6,4298,3382
71235,39.4,27.2,4309,3378
71237,42.5,37.0,1028,840
71238,41.3,31.7,2924,2248
71241,37.6,36.4,9535,7486
71243,38.2,30.7,157,131
71245,46.1,32.8,4849,4235
71247,45.9,37.3,847,612
71250,42.3,40.8,138,111
71251,45.3,37.6,8286,6518
71253,39.0,33.1,281,224
71254,50.7,42.1,6755,5338
71256,42.4,40.2,568,454
71259,40.9,34.9,1686,1238
71260,38.9,38.4,2653,2089
71261,45.0,43.7,1449,1232
71263,39.5,33.1,7103,5499
71264,42.1,36.2,947,736
71266,42.2,36.1,1588,1199
71268,43.5,34.9,2737,2123
71269,43.4,35.8,12343,9517
71270,44.2,32.6,31513,24661
71272,32.7,22.9,2400,2363
71275,46.9,36.4,2367,1837
71276,45.7,41.7,219,162
71277,40.3,40.6,1564,1259
71280,36.9,25.8,4708,3496
71282,50.7,44.2,9131,6736
71286,42.8,39.9,443,365
71291,38.9,28.2,34670,26381
71292,42.4,33.8,22774,17129
71295,43.8,39.7,14069,10600
71301,45.9,38.0,20454,15596
71302,50.3,43.0,13415,10101
71303,38.7,29.7,22797,17308
71316,41.5,39.7,66,57
71320,38.2,31.4,156,120
71322,48.2,46.5,5913,4546
71323,39.8,38.6,1048,838
71325,43.5,35.0,1008,788
71326,42.2,33.6,1131,846
71327,44.7,39.6,5676,4591
71328,37.3,27.6,7891,5944
71330,34.6,25.8,76,51
71331,40.3,38.0,974,747
71333,42.8,41.6,576,491
71334,48.4,41.8,8518,6624
71336,37.8,32.5,1499,1178
71339,44.5,40.6,75,58
71340,38.1,34.4,847,629
71341,37.9,31.6,3096,2350
71342,36.9,28.7,8100,6417
71343,42.1,37.9,7260,5758
71345,44.4,45.1,74,52
71346,41.1,32.8,2598,2042
71350,44.5,39.0,4228,3199
71351,42.4,35.8,11068,8447
71353,40.6,39.5,1500,1118
71354,42.6,37.6,1587,1227
71355,42.0,37.5,2537,1911
71356,39.9,38.4,345,290
71357,47.3,39.6,1595,1246
71358,41.8,40.0,967,741
71360,38.2,28.4,36026,27314
71362,38.5,32.5,2221,1635
71366,50.2,44.4,1579,1261
71367,40.9,31.6,1222,927
71368,41.0,36.8,1287,968
71369,45.5,41.7,2308,1732
71371,38.0,29.1,2055,1529
71373,43.9,36.9,6700,4926
71375,51.7,46.6,968,723
71378,42.9,38.0,2149,1639
71401,35.7,32.6,73,54
71403,38.4,33.1,4348,3325
71404,41.3,31.9,828,659
71405,38.1,29.5,5652,4214
71406,41.8,32.1,193,138
71407,36.7,27.1,876,654
71409,39.3,30.4,6262,5013
71410,41.7,29.6,153,113
71411,43.3,37.2,2536,1977
71414,46.5,38.1,249,189
71415,36.8,31.4,308,230
71416,39.6,32.9,724,597
71417,41.8,33.8,4691,3555
71418,40.6,39.2,5625,4323
71419,43.8,35.7,2049,1564
71422,43.3,33.6,1469,1147
71423,37.5,28.9,5207,3937
71424,36.3,26.6,1219,946
71425,36.6,33.0,189,140
71426,45.8,36.7,134,101
71427,38.2,30.4,329,273
71429,44.0,35.8,2988,2340
71430,38.8,32.7,2423,1784
71432,39.4,32.5,1042,798
71433,38.9,31.9,4149,3107
71435,37.0,31.5,3801,2997
71438,36.8,27.6,1595,1246
71439,39.7,33.4,1712,1316
71441,36.9,32.4,701,567
71446,39.8,33.4,22095,16767
71447,38.9,32.0,1296,1041
71449,44.3,34.9,9354,7275
71450,39.3,30.8,929,657
71454,40.2,33.2,2251,1754
71455,35.3,29.0,178,133
71456,42.6,33.5,1058,809
71457,42.7,33.6,25506,19711
71459,34.1,22.8,10086,7025
71461,42.6,36.5,2144,1621
71462,46.2,39.0,1599,1218
71463,43.1,33.9,9630,7574
71465,40.4,35.2,2894,2172
71466,38.0,30.4,503,359
71467,40.4,30.1,8232,6905
71468,36.3,28.4,536,413
71469,37.6,28.6,2953,2244
71472,37.6,29.4,328,263
71473,43.9,35.2,452,354
71474,37.1,29.7,601,448
71479,41.1,34.4,656,485
71480,38.5,35.2,1157,1005
71483,45.2,35.1,9944,7945
71485,35.7,24.1,2545,1880
71486,46.9,39.8,3962,3056
71497,32.8,28.6,1509,1467
71601,51.3,44.0,13881,10692
71602,42.8,36.2,16112,12570
71603,45.5,36.5,30236,24042
71630,43.3,41.0,398,309
71631,44.1,41.3,621,471
71635,45.0,40.4,10907,8439
71638,48.3,41.8,3544,2855
71639,48.3,47.3,5603,4239
71640,51.5,47.9,2577,1982
71642,45.6,41.3,524,437
71643,50.5,43.2,4614,4409
71644,50.4,48.2,543,454
71646,45.7,43.5,6220,4770
71647,43.0,40.9,1684,1203
71651,43.1,41.2,121,93
71652,41.7,33.7,974,753
71653,44.2,38.2,4443,3461
71654,46.1,44.1,4302,3146
71655,44.5,36.0,14458,11098
71658,46.9,41.8,534,410
71660,41.2,33.6,853,691
71661,49.4,42.3,261,186
71662,48.4,52.5,93,72
71663,44.2,40.7,572,447
71665,42.8,34.8,5274,4163
71667,39.9,34.9,7203,5578
71670,43.1,39.2,1168,927
71671,42.7,39.9,8210,6151
71674,40.5,39.1,587,482
71675,45.6,38.5,1751,1375
71676,50.7,46.3,543,433
71677,46.0,35.4,175,148
71701,43.6,38.1,17824,13951
71720,45.8,42.3,2195,1681
71724,39.6,36.2,341,290
71725,44.9,39.3,430,352
71726,40.6,34.9,1139,961
71728,42.7,38.2,64,58
71730,39.9,36.8,31103,23763
71740,36.6,32.6,1526,1179
71742,42.4,37.4,4639,3572
71743,43.4,36.0,3386,2615
71744,39.6,33.9,3016,2361
71745,44.0,38.8,119,99
71747,41.0,38.2,828,673
71748,38.2,34.5,112,96
71749,36.9,31.8,2368,1841
71751,42.4,37.0,817,677
71752,41.0,37.5,878,681
71753,37.8,34.8,16000,12765
71758,40.0,44.3,389,307
71759,37.2,34.7,340,250
71762,38.6,33.9,2288,1787
71763,40.9,36.1,1332,1081
71764,41.2,35.7,1743,1360
71765,40.8,37.5,1666,1317
71766,39.8,33.7,573,465
71770,41.4,37.2,2991,2281
71801,46.2,40.4,14991,11065
71820,38.7,43.0,67,54
71822,42.2,37.7,8035,6239
71823,39.2,35.7,66,57
71825,43.8,39.0,600,434
71826,47.4,44.2,1005,773
71827,46.2,41.9,632,537
71831,43.1,37.8,124,101
71832,42.0,42.4,10372,7339
71833,38.6,36.4,1948,1503
71834,33.7,33.3,1363,1070
71835,42.5,39.6,1162,901
71836,39.2,33.0,2701,2127
71837,35.1,34.9,5389,3957
71838,45.9,38.4,851,653
71839,39.7,40.5,248,191
71841,41.2,39.2,898,643
71842,41.1,38.8,2046,1450
71845,47.0,43.2,1842,1436
71846,40.3,37.1,2516,1948
71847,41.0,32.4,582,456
71851,40.5,35.2,1919,1445
71852,40.0,35.6,9856,7343
71853,44.6,41.6,363,297
71854,38.8,38.5,35580,27491
71855,44.4,35.3,557,427
71857,44.9,40.7,5723,4393
71858,43.8,40.6,1526,1191
71859,42.0,35.9,304,255
71860,46.4,42.6,2098,1684
71861,40.0,38.0,2368,1913
71862,44.7,38.4,600,494
71864,43.0,41.0,68,62
71865,43.7,40.1,231,173
71866,39.8,35.1,618,459
71901,40.4,31.6,29363,22728
71909,33.6,31.0,17935,16307
71913,39.6,31.3,46801,37285
71921,39.8,34.6,3532,2689
71922,38.1,33.1,128,96
71923,41.1,33.1,14138,11378
71929,35.5,31.7,4826,3751
71933,37.2,29.6,1365,1069
71935,41.5,35.4,810,599
71937,43.0,38.7,1895,1472
71940,39.0,35.2,1417,1104
71941,34.1,29.9,1888,1496
71942,34.1,28.4,115,90
71943,38.7,34.5,4403,3318
71944,44.3,41.3,660,493
71945,39.4,34.7,1302,1032
71949,37.5,26.2,1844,1430
71950,38.3,33.7,684,545
71952,36.8,31.0,94,72
71953,39.3,34.8,14090,11029
71956,40.7,33.5,1826,1400
71957,40.8,37.4,2966,2460
71958,38.6,34.4,2327,1874
71959,37.9,35.1,728,565
71960,41.0,34.7,1128,895
71961,42.1,36.9,868,717
71962,44.1,39.1,685,566
71964,37.0,26.7,4179,3203
71965,42.2,37.8,282,223
71968,38.2,27.8,4564,3619
71969,43.1,38.6,290,248
71970,42.2,35.7,705,571
71971,38.0,35.9,440,327
71972,43.3,39.8,296,206
71973,44.0,41.3,1236,871
71998,26.5,19.0,802,798
71999,30.5,23.7,781,778
72001,38.9,33.4,445,359
72002,36.9,29.7,18477,13466
72003,37.1,34.1,715,568
72004,51.3,45.6,956,763
72005,35.9,34.2,140,112
72006,41.3,41.3,2281,1794
72007,34.0,26.6,9792,7076
72010,43.3,39.2,5958,4553
72011,35.5,29.3,4671,3489
72012,38.8,30.7,13407,9968
72013,39.0,35.0,1889,1519
72015,35.8,30.5,28597,21246
72016,38.9,33.0,2967,2302
72017,43.7,37.8,574,459
72019,33.9,27.3,28097,21315
72020,42.5,38.0,3788,2933
72021,45.2,41.9,3586,2807
72022,34.0,27.4,18206,13737
72023,35.5,29.8,37321,27690
72024,37.6,36.1,3406,2675
72025,39.5,33.7,816,605
72026,39.9,35.9,260,226
72027,39.3,33.6,1256,994
72029,41.9,36.6,1758,1367
72030,40.6,35.3,645,501
72031,41.3,39.4,7087,5593
72032,42.4,29.1,34316,26275
72034,39.8,25.8,47873,37313
72035,28.9,19.3,1979,1970
72036,43.6,44.1,703,564
72038,36.9,35.7,104,95
72039,41.2,32.1,2254,1700
72040,41.3,37.1,2804,2176
72041,42.2,37.9,1243,967
72042,38.2,34.9,4764,3696
72044,38.3,34.2,868,709
72045,37.3,30.4,1163,924
72046,42.1,39.4,3965,3115
72047,41.5,30.5,1051,760
72048,35.6,37.9,115,100
72051,41.1,37.7,499,368
72052,42.0,36.4,135,105
72053,47.9,34.3,183,155
72055,33.6,27.4,752,595
72057,36.4,28.3,1035,819
72058,39.6,25.9,18525,13508
72060,45.0,42.4,703,543
72061,44.4,29.8,100,72
72063,40.4,35.1,1529,1155
72064,38.6,30.9,2359,1856
72065,36.6,31.3,5305,4081
72066,40.8,35.7,126,108
72067,38.0,35.3,2503,2135
72068,42.3,35.6,513,379
72069,44.7,39.6,1077,858
72070,39.2,34.3,1842,1439
72072,38.3,38.7,434,335
72073,41.1,37.3,1012,837
72074,37.3,37.8,127,99
72076,41.1,31.4,38443,28859
72079,39.6,31.6,599,468
72080,39.6,36.4,709,569
72081,40.6,34.9,7511,5649
72082,48.1,48.2,1579,1198
72083,42.2,43.1,182,148
72084,38.0,33.7,1059,811
72085,40.0,32.1,296,224
72086,37.5,33.6,10673,8133
72087,37.3,29.1,1575,1207
72088,34.8,33.3,2148,1924
72099,23.2,14.7,753,747
72101,37.8,39.3,3008,2408
72102,40.1,33.1,2557,1986
72103,39.1,33.6,13739,10225
72104,37.7,34.8,23456,18554
72106,44.5,33.6,5206,4127
72107,48.7,40.3,170,129
72110,42.1,37.6,11507,8822
72111,40.7,30.9,1369,1043
72112,44.2,39.6,11065,9008
72113,36.3,22.6,25930,20012
72114,50.6,42.3,10957,8541
72116,36.3,25.3,21715,17377
72117,48.6,39.2,13730,10280
72118,43.1,33.3,22582,16902
72120,37.8,25.8,34784,26924
72121,40.1,34.0,2550,1987
72122,33.4,24.5,1248,1026
72123,39.0,39.3,308,229
72125,39.5,33.8,888,709
72126,38.5,34.1,3649,2845
72127,41.7,35.7,2190,1711
72128,39.7,32.5,785,574
72129,39.1,33.2,1283,1009
72130,37.4,31.5,385,288
72131,38.4,32.2,4519,3592
72132,39.6,31.6,3577,2767
72134,40.3,35.2,296,257
72135,35.2,23.7,2647,2173
72136,39.3,31.8,1936,1524
72137,39.8,34.9,2339,1791
72139,42.2,39.2,184,146
72140,38.2,35.1,276,215
72141,42.3,40.1,519,395
72142,41.6,34.8,2385,1943
72143,38.5,31.2,35111,27310
72150,36.7,29.1,12218,9432
72152,47.6,44.6,304,268
72153,39.2,35.8,2527,2064
72156,40.4,34.7,557,439
72157,40.2,34.5,1508,1175
72160,40.7,36.7,9422,7174
72165,40.7,34.0,77,65
72166,32.5,27.8,229,180
72167,34.7,30.6,1634,1270
72168,41.7,28.7,1903,1858
72169,36.0,32.4,111,96
72170,40.6,36.7,199,145
72173,40.5,26.7,9888,7126
72175,49.1,45.8,246,194
72176,36.8,30.9,9418,6769
72179,39.2,35.2,425,345
72180,45.3,42.4,90,71
72182,45.2,41.1,68,66
72183,43.7,28.2,912,911
72201,36.1,19.8,961,916
72202,39.4,26.5,10340,9126
72204,49.2,39.8,31564,24726
72205,36.8,24.7,22888,18964
72206,45.4,37.5,22974,18159
72207,33.0,19.0,11036,8699
72209,49.9,41.7,31641,21931
72210,39.6,27.4,16348,12639
72211,34.3,21.9,24338,19160
72212,32.6,19.8,12612,9694
72223,32.2,19.4,25465,19774
72227,36.9,25.1,11090,8753
72301,49.6,42.7,24479,17866
72311,37.8,37.2,90,75
72315,46.9,36.0,20311,14949
72320,47.4,36.5,1625,1603
72322,41.9,37.8,87,66
72324,43.3,37.1,2097,1590
72326,42.6,36.8,2231,1832
72327,44.7,39.0,1407,1081
72330,46.6,39.6,524,393
72331,53.2,50.0,2409,1810
72333,47.9,43.0,424,303
72335,50.5,44.5,16624,13277
72338,47.3,40.4,75,57
72339,47.2,39.5,116,90
72341,48.1,47.6,197,169
72342,49.2,44.6,3977,3025
72346,44.8,41.4,486,383
72347,41.7,36.4,592,487
72348,47.3,42.8,2006,1586
72350,51.1,42.6,966,734
72351,42.5,32.5,784,577
72353,44.1,41.4,71,65
72354,41.5,37.4,2088,1576
72355,46.3,42.4,2117,1666
72358,49.3,39.8,1565,1224
72359,49.3,41.7,405,322
72360,49.4,46.5,5301,4045
72364,42.0,31.0,16394,12021
72365,43.2,40.8,2817,2193
72366,45.1,39.4,1729,1334
72368,39.8,37.3,939,769
72370,48.7,39.6,7717,5752
72372,42.1,37.2,1563,1226
72373,53.5,51.8,974,774
72374,43.2,38.0,716,567
72376,48.7,44.2,1781,1445
72384,46.4,36.9,761,576
72386,41.8,38.2,1600,1241
72389,46.2,44.9,241,180
72390,50.8,45.5,7351,5231
72392,42.5,38.9,395,318
72394,45.6,42.0,425,329
72395,44.9,34.1,947,714
72396,44.7,38.3,12898,9620
72401,41.0,34.5,43127,32500
72404,37.5,28.7,29344,21960
72405,37.4,28.6,17109,12941
72410,45.9,38.9,421,310
72411,38.7,32.3,2406,1805
72412,41.3,33.5,571,434
72413,42.0,37.9,578,442
72414,39.7,34.8,390,288
72415,43.7,35.3,1244,951
72416,38.2,30.8,5661,4242
72417,34.7,25.7,5720,4064
72419,40.0,35.1,1601,1202
72421,38.9,33.7,547,421
72422,40.6,36.5,4377,3390
72424,40.8,36.9,61,51
72425,41.1,32.4,375,291
72426,37.4,28.7,179,152
72427,38.3,30.7,109,80
72428,47.6,40.8,77,58
72429,40.2,37.8,311,248
72430,39.0,33.9,381,299
72431,40.9,39.7,319,262
72432,40.3,37.4,6135,4756
72433,46.3,40.0,2708,2049
72434,41.5,34.8,1984,1555
72435,40.0,35.9,289,252
72436,42.0,33.9,936,720
72437,38.1,31.7,3486,2621
72438,43.1,36.0,2399,1771
72440,42.8,35.8,245,194
72441,37.2,36.3,67,60
72442,43.1,34.2,4859,3610
72443,41.8,35.0,2991,2275
72444,41.8,38.5,1742,1332
72445,42.8,38.1,82,62
72447,39.1,36.1,1798,1411
72449,42.5,38.7,192,160
72450,42.4,35.1,39945,30062
72453,40.1,37.4,177,150
72454,39.5,34.7,4857,3795
72455,41.9,38.9,13328,10125
72456,39.9,35.3,595,483
72457,40.8,36.6,150,113
72458,43.3,36.3,624,505
72459,42.4,35.8,1310,1030
72460,39.5,33.3,738,541
72461,40.5,37.0,3499,2719
72462,41.6,37.9,375,295
72466,41.4,34.2,1461,1108
72467,31.7,30.2,609,600
72469,41.9,35.5,1115,847
72470,39.6,36.6,278,214
72471,42.8,38.2,986,751
72472,42.3,40.2,9164,6824
72473,43.2,38.6,2196,1673
72476,42.8,35.6,7065,5607
72478,38.6,35.2,390,266
72479,41.6,38.0,1269,990
72482,40.8,39.1,1302,1073
72501,41.5,35.6,26444,20140
72512,40.3,37.6,2507,2077
72513,39.2,37.5,2873,2293
72517,43.4,39.6,361,298
72519,40.5,36.4,3243,2833
72520,38.9,38.7,267,230
72521,39.7,36.4,4989,3807
72522,43.2,38.3,393,310
72523,40.5,35.5,900,717
72524,44.0,36.9,369,259
72526,41.4,33.3,267,205
72527,38.5,32.4,524,388
72528,42.5,37.3,203,151
72529,39.3,39.2,4806,3931
72530,39.0,35.4,1853,1514
72531,37.7,34.0,792,656
72532,40.6,39.1,1554,1258
72533,40.0,37.4,367,290
72534,41.1,34.3,1302,963
72536,41.6,37.1,402,324
72537,38.6,33.8,828,744
72538,39.2,39.0,422,338
72539,38.9,37.7,371,293
72540,37.8,35.0,118,105
72542,40.1,37.8,3681,2950
72543,37.5,34.6,12175,9856
72544,38.4,32.3,565,503
72546,39.4,38.4,121,92
72550,40.1,33.5,876,660
72553,44.6,37.9,133,81
72554,40.0,37.9,2749,2170
72555,39.8,37.8,228,174
72556,41.4,37.4,3362,2713
72560,40.3,38.2,8834,7122
72561,40.4,34.6,788,653
72562,44.0,37.9,2208,1699
72564,41.5,33.9,474,349
72565,43.8,38.2,885,680
72566,41.1,38.5,542,440
72567,41.7,39.6,278,217
72568,42.3,34.1,1698,1264
72569,38.6,35.5,410,329
72571,40.9,33.9,393,291
72572,43.8,35.7,189,141
72573,42.5,35.1,383,289
72576,39.7,37.4,3934,2975
72577,40.7,37.2,727,570
72578,40.0,38.8,150,123
72579,42.9,37.0,1457,1087
72581,39.0,37.9,965,834
72583,40.0,38.0,1678,1236
72584,42.7,37.6,589,446
72585,40.4,37.9,221,197
72601,40.7,31.0,30483,23651
72611,40.2,35.8,1639,1242
72616,38.5,37.9,10625,7894
72617,38.1,31.1,206,177
72619,37.8,36.5,1941,1674
72623,42.7,39.2,689,544
72624,39.3,36.1,368,313
72626,39.5,34.8,1141,975
72628,38.5,34.4,769,655
72629,41.7,40.3,588,466
72630,40.8,32.9,143,110
72631,36.4,34.9,4036,3562
72632,37.1,32.7,4704,4097
72633,38.5,29.7,1886,1440
72634,37.5,33.5,4888,3959
72635,39.3,33.6,3717,2854
72638,38.0,38.4,7273,5222
72639,41.5,40.7,572,473
72640,40.0,34.4,394,325
72641,38.7,35.1,2011,1643
72642,37.9,36.3,1945,1766
72644,41.0,32.5,2383,1903
72645,38.9,37.2,1679,1359
72648,40.4,33.9,493,426
72650,40.0,39.6,4168,3343
72651,39.7,34.6,1258,1071
72653,37.4,33.5,28758,23693
72655,38.5,34.3,463,381
72658,37.8,31.8,1599,1274
72660,35.2,32.2,484,400
72661,38.5,36.4,557,504
72662,41.7,32.3,3018,2419
72663,40.4,37.4,325,242
72666,37.8,34.0,402,358
72668,44.2,42.3,451,396
72670,38.7,34.7,163,125
72672,37.9,31.5,358,281
72675,39.6,35.7,1543,1243
72677,37.6,31.1,632,473
72679,44.2,39.7,83,65
72680,40.2,37.2,844,679
72682,37.3,30.2,279,227
72683,38.9,30.9,360,273
72685,39.7,33.6,1248,967
72686,42.9,39.0,203,168
72687,38.8,34.7,5935,4822
72701,34.0,26.1,48269,40562
72703,33.8,24.1,33767,26952
72704,32.5,21.8,31145,24124
72712,33.8,23.1,38053,27770
72713,30.7,20.6,25076,17342
72714,33.4,22.5,13393,10594
72715,32.9,24.6,17012,14441
72717,37.0,30.4,893,685
72718,33.8,18.4,4914,3307
72719,34.3,21.4,16248,10961
72721,41.5,35.2,350,282
72722,37.4,29.4,3087,2252
72727,36.1,27.3,6434,4889
72729,37.2,30.2,236,195
72730,33.2,22.9,9624,7177
72732,36.8,29.0,4990,3940
72734,37.0,29.1,7905,5851
72736,37.1,28.8,7046,5140
72738,40.2,33.8,2509,1985
72739,35.1,24.5,439,339
72740,41.0,35.5,10026,7591
72742,39.0,33.2,404,328
72744,37.3,31.7,5227,3918
72745,36.4,26.9,13371,9732
72747,38.0,36.4,216,156
72749,35.1,30.2,105,62
72751,35.5,24.7,8361,5868
72752,39.8,33.7,305,256
72753,36.1,27.8,10525,7789
72756,38.3,31.1,41875,31489
72758,35.6,26.3,45105,32814
72760,40.1,34.4,276,210
72761,36.9,29.1,23731,17391
72762,36.4,28.7,42175,30985
72764,40.2,35.9,60786,41615
72768,39.2,32.9,1241,915
72769,36.2,31.7,1226,897
72773,41.8,35.0,1102,897
72774,36.7,29.1,6309,4966
72776,39.9,33.1,747,600
72801,43.6,34.5,18510,14867
72802,44.2,32.0,22752,17357
72821,40.3,37.9,1629,1240
72823,44.3,33.0,6404,4896
72824,39.6,32.9,1719,1270
72827,42.5,38.2,170,133
72828,44.2,41.5,106,94
72829,40.6,29.6,150,117
72830,37.8,37.9,15461,11491
72832,39.6,40.3,700,550
72833,43.7,39.5,3818,2861
72834,40.8,32.9,10189,7651
72835,37.6,31.5,838,675
72837,46.9,36.9,7897,6131
72838,42.4,39.2,118,89
72839,38.2,35.6,305,255
72840,39.7,40.6,1985,1519
72841,37.8,35.2,175,137
72842,40.9,34.1,1247,992
72843,48.2,41.1,2302,1698
72845,36.4,33.1,1116,866
72846,36.6,33.4,4033,3019
72847,42.4,33.1,2800,2141
72851,36.9,32.4,679,519
72852,37.0,33.7,333,259
72853,45.4,39.8,1980,1500
72854,37.1,34.4,621,498
72855,37.5,33.2,5914,4641
72856,38.6,35.9,292,238
72857,42.3,38.3,1033,835
72858,45.1,32.7,3476,2482
72860,44.5,39.4,299,239
72863,36.7,31.6,1597,1230
72865,36.6,32.2,1028,801
72901,39.2,37.0,20973,16354
72903,34.1,30.1,25225,20187
72904,42.7,48.1,22402,15658
72908,33.9,28.4,14310,10906
72916,31.8,26.2,10250,8097
72921,38.9,30.0,13770,10173
72923,34.4,32.0,4811,3694
72926,36.6,34.9,522,418
72927,39.2,35.3,8449,6407
72928,41.2,39.8,680,536
72930,39.8,38.1,451,339
72932,41.8,34.8,1481,1137
72933,37.1,32.0,4942,3714
72934,39.4,31.1,942,695
72935,37.8,31.8,449,342
72936,34.7,28.6,14515,10696
72937,35.4,30.8,3530,2758
72938,36.2,33.4,1160,921
72940,36.1,31.8,2303,1777
72941,34.0,28.7,5079,3837
72943,38.6,33.5,2526,1915
72944,38.1,36.9,2620,1976
72945,38.4,37.6,336,270
72946,39.3,31.5,3288,2584
72947,39.3,32.2,3973,3079
72948,42.1,37.5,371,326
72949,40.0,35.8,9725,7425
72950,36.9,34.5,399,287
72951,38.4,33.9,825,649
72952,38.4,30.4,2512,1968
72955,42.5,36.1,443,350
72956,38.8,31.5,33870,25479
72958,37.2,37.1,6866,5248
72959,37.1,30.0,2827,2258
73001,38.1,36.6,64,53
73002,39.4,31.7,967,742
73003,34.3,24.2,22648,17044
73004,38.3,27.1,886,635
73005,43.3,42.2,8072,5948
73006,39.2,33.9,3136,2400
73007,34.4,21.4,2931,2166
73008,38.8,33.7,21592,16268
73009,38.4,37.9,861,701
73010,37.8,27.1,20744,15253
73011,39.1,32.3,377,281
73012,32.7,20.1,41289,28804
73013,31.7,20.6,56972,43123
73014,43.1,33.4,1419,1030
73015,41.2,40.9,2282,1768
73016,37.4,26.6,2053,1417
73017,39.2,35.2,1692,1301
73018,39.9,32.6,19806,15442
73020,35.6,25.6,24627,18608
73021,39.8,32.2,293,233
73024,36.0,33.5,724,590
73025,34.6,20.5,15524,10869
73026,37.6,27.0,11940,9386
73027,37.9,26.7,1199,953
73028,40.2,31.8,3194,2455
73029,38.9,36.5,1474,1126
73030,42.3,35.9,4777,3545
73032,38.5,31.1,189,143
73033,39.1,36.4,375,272
73034,33.0,21.2,47553,35760
73036,43.2,33.4,19602,14784
73038,39.2,36.9,1621,1253
73040,39.6,32.9,1571,1201
73041,40.9,31.8,324,261
73042,37.8,35.2,883,684
73043,35.8,30.9,152,112
73044,41.4,31.3,24603,18493
73045,37.0,27.7,11272,8641
73047,40.8,35.4,6441,5614
73048,37.8,33.2,2056,1537
73049,36.9,27.4,6717,5078
73050,37.6,26.4,1482,1401
73051,42.7,33.9,9541,7744
73052,38.0,32.8,6226,4627
73053,38.8,35.4,677,498
73054,37.9,27.9,4636,3465
73055,38.8,32.7,9529,7319
73056,40.2,31.5,431,329
73057,39.2,35.7,2149,1681
73058,44.9,33.5,322,247
73059,38.1,30.2,2677,1987
73061,42.7,32.9,1499,1088
73062,40.9,33.4,1249,925
73063,39.5,30.8,710,543
73064,38.6,26.5,25137,18557
73065,37.7,26.3,9725,7193
73066,41.6,32.6,114,91
73067,39.5,32.5,1783,1387
73068,39.3,30.3,12368,9124
73069,37.5,27.6,26464,21114
73070,53.0,48.4,121,116
73071,37.5,27.1,43379,33843
73072,33.4,23.3,51062,41914
73073,39.2,30.0,610,435
73074,37.2,30.9,1123,847
73075,38.3,35.3,8974,6857
73077,41.8,33.4,6534,5040
73078,38.0,23.4,12069,8230
73079,37.5,28.2,603,486
73080,39.9,32.6,10108,7572
73082,39.5,32.5,2618,1978
73084,44.4,35.1,6595,4929
73086,41.2,34.3,8470,6594
73089,37.4,26.3,13696,10232
73090,40.7,28.9,1008,814
73092,38.7,32.8,831,620
73093,38.0,26.9,3415,2436
73095,40.5,32.7,1831,1413
73096,39.8,29.1,14520,11213
73097,34.1,24.9,290,208
73098,40.1,35.8,3774,2880
73099,38.2,25.6,83213,60781
73102,38.8,27.3,3072,2920
73103,33.3,19.8,5046,4348
73104,33.0,20.7,3545,3008
73105,42.5,33.4,5835,4791
73106,37.8,30.7,12956,10787
73107,39.6,33.0,26318,19974
73108,46.6,47.8,14451,9913
73109,45.1,45.3,20148,14338
73110,40.4,31.9,33156,25209
73111,49.9,44.0,11451,8701
73112,37.4,28.7,31113,25090
73114,41.7,32.1,18694,13601
73115,41.3,34.7,20880,15651
73116,32.2,21.3,9531,7897
73117,51.1,45.2,5859,4420
73118,34.4,23.9,13521,11280
73119,44.8,45.2,31216,21191
73120,35.8,25.5,36530,30052
73121,43.1,34.5,3218,2589
73122,40.8,36.0,13326,10041
73127,43.4,39.2,27007,19288
73128,36.8,27.3,5950,4444
73129,46.1,45.4,19971,13657
73130,37.6,28.0,21536,16304
73131,34.1,22.8,3453,2706
73132,37.1,29.3,28394,21421
73134,33.6,23.8,7078,6040
73135,39.8,30.9,21562,15777
73139,41.7,37.6,18781,14298
73141,41.7,35.4,2671,2070
73142,32.8,21.2,16461,12909
73145,28.6,19.3,2096,1601
73149,44.2,43.6,5726,4125
73150,34.5,24.6,5166,4100
73151,32.0,18.3,1920,1333
73159,39.6,34.7,32981,23973
73160,38.1,27.0,60511,44349
73162,33.8,24.6,28867,23133
73165,37.9,26.6,7791,5939
73169,39.1,26.8,4295,3419
73170,35.0,25.8,41343,31644
73173,35.2,21.8,4363,2934
73179,36.3,26.4,7575,5414
73401,39.7,35.1,36744,28134
73425,41.8,34.5,129,95
73430,39.6,36.3,1323,1048
73432,39.4,36.1,967,749
73433,39.1,34.8,2654,2074
73434,39.0,34.0,558,441
73435,37.1,37.3,92,76
73436,39.8,34.8,113,100
73438,41.4,39.2,2888,2185
73439,38.6,35.1,7267,5871
73440,38.2,35.0,227,198
73441,40.5,34.2,148,105
73442,39.2,34.0,482,370
73443,38.6,31.4,3170,2366
73444,41.8,35.9,126,95
73446,40.3,38.9,7873,5750
73447,40.5,39.5,882,639
73448,39.1,36.7,6145,4653
73449,39.0,32.8,2995,2369
73450,39.4,35.5,1156,887
73453,37.7,32.0,654,510
73455,41.5,39.6,574,459
73456,40.9,38.1,1747,1349
73458,39.4,34.9,734,579
73459,36.6,30.3,1449,1177
73460,39.6,37.4,4661,3647
73461,38.9,35.2,825,614
73463,39.8,36.3,3365,2539
73481,39.7,34.4,899,706
73487,46.7,40.6,187,151
73491,39.4,33.4,704,498
73501,46.8,38.0,19158,15436
73503,34.0,23.2,11796,8989
73505,44.1,35.1,46881,35540
73507,44.1,34.0,21605,16430
73520,40.7,38.4,101,79
73521,40.7,34.8,20209,15198
73523,22.6,15.9,261,256
73526,38.9,30.7,2108,1601
73527,40.9,29.1,5403,3897
73528,39.8,30.8,694,524
73529,38.6,32.9,4721,3592
73530,42.4,34.4,368,310
73531,43.8,35.8,311,229
73532,40.2,35.5,532,396
73533,39.5,35.5,27396,21102
73537,40.5,37.2,459,344
73538,40.3,27.6,6771,4735
73539,37.4,29.2,173,135
73540,38.8,28.9,494,352
73541,41.9,31.3,3362,2514
73542,44.5,38.0,3995,2974
73543,41.0,29.6,1715,1299
73544,41.4,38.2,217,178
73546,44.8,39.2,1114,865
73547,42.7,30.5,1843,1588
73548,40.3,35.4,439,368
73549,37.9,29.4,316,235
73550,42.5,39.3,2149,1596
73552,41.7,30.2,1393,1026
73554,41.8,34.5,3371,2543
73555,41.4,32.5,193,131
73556,39.9,33.3,162,120
73557,38.3,27.4,295,257
73559,41.6,34.3,457,363
73560,41.5,36.1,631,470
73562,42.2,34.7,579,457
73564,42.4,35.4,528,431
73565,41.5,40.0,885,654
73566,41.6,35.7,1514,1144
73567,41.4,32.4,704,545
73568,42.9,36.2,1057,829
73569,41.0,41.9,391,322
73570,45.9,39.0,1052,782
73572,43.2,34.7,3405,2551
73573,40.7,37.1,2226,1670
73601,44.5,37.3,9756,7101
73620,42.3,31.7,1106,822
73622,39.8,34.2,286,218
73624,40.9,33.2,1960,1319
73625,42.3,33.5,431,331
73626,40.5,33.9,1085,803
73627,40.2,38.2,554,453
73628,41.3,33.0,1530,1140
73632,38.8,32.4,3354,2509
73638,40.2,36.5,117,92
73639,42.4,32.8,683,483
73641,39.7,31.8,671,527
73642,39.0,34.6,194,150
73644,39.2,33.8,14198,10243
73645,40.0,35.5,1358,1002
73646,37.7,30.3,363,286
73647,42.4,34.2,598,478
73650,41.4,32.9,1008,729
73651,44.3,39.1,3853,2889
73654,39.5,31.8,754,586
73655,41.9,35.5,809,641
73658,38.4,31.3,236,193
73659,36.8,31.9,150,120
73660,40.6,33.9,373,276
73661,39.6,30.7,421,342
73662,42.0,36.5,6385,5387
73663,38.5,32.0,1282,924
73664,39.3,31.2,981,691
73666,39.6,34.5,344,244
73667,37.4,31.8,451,353
73669,41.8,31.7,1557,1130
73673,38.9,33.1,302,227
73701,45.6,37.9,24744,17620
73703,38.8,28.3,30376,23058
73705,29.9,20.5,313,302
73716,40.9,34.0,476,377
73717,36.5,29.1,6964,5603
73718,41.6,33.6,531,410
73719,37.9,28.1,94,66
73720,39.6,30.7,215,171
73722,36.4,27.2,405,304
73724,36.0,29.9,995,730
73726,40.3,35.5,458,346
73727,39.1,24.8,194,158
73728,38.2,29.0,1840,1363
73729,41.5,34.5,586,445
73730,40.3,29.9,660,483
73731,38.5,32.1,169,141
73733,40.6,29.6,234,164
73734,37.9,35.2,926,681
73735,41.3,29.9,732,535
73736,42.9,35.4,426,331
73737,42.3,34.6,3525,2627
73738,37.4,24.6,1055,777
73739,40.1,34.7,435,330
73741,45.3,34.5,1702,1572
73742,37.9,37.1,3909,2851
73743,38.1,23.9,75,64
73744,36.0,29.9,277,214
73747,40.1,29.3,324,238
73749,37.4,28.9,440,330
73750,37.3,34.4,7232,5332
73753,36.0,24.3,474,342
73754,42.4,32.2,1083,838
73755,37.8,31.1,744,594
73756,37.3,32.8,279,215
73757,38.8,31.7,133,112
73758,36.6,30.5,176,149
73759,35.6,31.7,1364,1068
73760,42.8,34.2,445,339
73761,37.6,35.7,354,282
73762,37.4,29.2,2257,1713
73763,38.0,34.4,1443,1078
73764,36.6,29.8,128,104
73766,38.5,34.5,1064,763
73768,42.5,34.3,1493,1105
73771,34.7,32.3,472,386
73772,40.1,35.9,3574,2610
73773,40.4,29.3,1768,1297
73801,41.9,32.1,15671,11752
73832,36.9,28.8,897,701
73834,39.0,33.8,1403,1070
73835,40.2,33.9,319,222
73838,40.4,29.0,573,422
73840,40.8,33.4,643,470
73841,43.4,25.1,1351,1245
73842,39.2,29.2,353,295
73843,41.6,34.3,785,615
73844,38.8,34.9,192,156
73848,39.2,33.1,1811,1341
73851,39.0,34.8,101,94
73852,39.5,28.0,1985,1431
73853,38.5,27.7,508,377
73855,37.0,32.8,149,109
73857,39.9,27.7,615,469
73858,40.8,35.0,1540,1164
73859,38.8,33.8,1369,1039
73860,39.1,31.6,1150,867
73901,46.1,38.1,148,95
73931,34.2,26.4,399,300
73932,38.2,34.4,1825,1411
73933,39.0,33.2,1574,1169
73937,35.2,28.3,195,147
73938,39.5,35.2,719,549
73939,36.2,25.7,1429,1154
73942,44.8,38.9,14409,9977
73944,40.8,30.1,377,276
73945,43.2,35.6,2745,1935
73947,35.6,26.2,438,347
73949,41.0,31.0,1162,850
73950,40.7,35.7,1771,1206
73951,44.3,37.4,1076,802
74001,43.6,30.7,296,223
74002,46.1,31.5,2001,1551
74003,47.0,36.1,13751,10373
74006,39.6,28.2,27795,21449
74008,32.3,24.2,31745,22727
74010,41.6,34.4,10449,7801
74011,33.0,25.4,31803,23847
74012,33.5,27.9,63918,48520
74014,35.0,26.1,41284,30418
74015,40.1,30.5,8270,6404
74016,44.2,36.2,5919,4588
74017,40.3,29.9,29083,22738
74019,39.6,27.4,20333,15254
74020,39.6,33.4,7207,5574
74021,34.9,27.6,21567,15944
74022,42.7,31.5,1628,1320
74023,41.5,35.8,12117,9521
74026,43.4,32.6,971,722
74027,40.9,36.3,760,619
74028,41.0,33.3,1761,1324
74029,46.8,37.9,4990,3801
74030,41.8,35.5,3529,2682
74032,37.3,29.6,2298,1701
74033,35.1,29.4,13254,9397
74034,41.4,37.8,147,114
74035,50.1,36.1,4288,3503
74036,41.2,31.0,7182,5344
74037,31.9,25.2,23727,16469
74038,40.8,34.5,2172,1608
74039,40.7,32.8,3760,2843
74041,40.0,29.0,2680,1952
74042,42.7,37.2,446,335
74044,38.8,29.6,7363,5631
74045,40.7,34.4,301,235
74046,41.1,31.6,87,71
74047,40.5,31.0,6931,5214
74048,41.0,36.3,5537,4247
74050,43.3,38.4,431,332
74051,42.8,29.4,1928,1447
74052,43.0,37.4,1021,748
74053,41.2,29.3,4962,3613
74054,48.4,37.3,749,581
74055,34.5,25.5,48776,36193
74056,47.7,34.4,4857,3677
74058,39.0,32.5,3727,2872
74059,38.1,30.5,5724,4193
74060,44.6,28.5,463,348
74061,42.9,30.9,2125,1634
74062,38.8,34.4,993,748
74063,36.9,30.2,30630,23531
74066,39.3,30.6,31255,24070
74070,42.6,29.8,15407,11511
74071,42.6,34.9,118,98
74072,38.4,32.7,1651,1240
74073,40.0,30.7,5366,4163
74074,34.2,26.7,32326,26466
74075,33.7,26.9,25033,20998
74077,25.5,20.1,1286,1273
74078,25.8,20.6,450,450
74079,43.7,33.4,4532,3453
74080,42.0,29.8,2713,2074
74081,40.4,34.3,1790,1353
74082,44.3,30.8,144,103
74083,40.2,33.3,1024,807
74084,47.9,36.9,452,342
74085,39.4,35.7,2357,1831
74103,38.2,28.4,3082,2985
74104,33.8,28.2,12395,10814
74105,34.9,28.2,26640,21685
74106,47.3,44.5,16805,11979
74107,39.5,36.5,19453,14646
74108,38.7,37.8,7545,5453
74110,45.7,48.6,15197,10643
74112,38.6,34.6,20810,16530
74114,31.7,23.0,15843,12880
74115,43.8,45.7,24461,16835
74116,41.6,38.9,4069,2924
74117,37.1,35.2,129,100
74119,34.5,26.2,3445,3116
74120,35.6,27.7,5037,4255
74126,48.7,46.8,10338,7364
74127,45.0,37.5,15669,12217
74128,41.4,43.5,12982,9357
74129,40.3,41.1,18755,13549
74130,44.7,44.6,2212,1626
74131,40.6,31.2,2988,2366
74132,33.1,26.3,10968,8569
74133,32.7,27.5,48331,37905
74134,36.9,33.0,23505,16702
74135,33.5,27.3,20173,16379
74136,36.1,32.8,30416,24277
74137,30.7,23.6,28354,21813
74145,36.7,33.1,18055,13910
74146,43.4,46.5,16427,11138
74171,20.7,16.0,1992,1968
74301,43.1,37.7,10612,8464
74330,39.9,32.1,2668,1999
74331,37.4,33.5,6590,5541
74332,40.1,31.9,1874,1445
74333,40.7,33.7,1179,915
74337,40.7,34.3,4671,3498
74338,39.4,37.9,4928,3756
74339,44.4,44.0,2296,1658
74340,45.0,42.0,222,181
74342,39.5,38.9,2647,2147
74343,41.9,36.3,2999,2344
74344,35.9,33.3,14923,12150
74346,39.9,38.8,7679,5922
74347,42.1,39.4,2836,2174
74349,40.7,36.0,805,670
74350,43.6,41.2,790,626
74352,42.6,36.3,6070,4724
74354,41.2,35.9,17281,13227
74358,44.7,44.1,235,187
74359,44.8,40.9,320,200
74361,41.3,34.4,16699,12402
74363,41.8,36.3,2715,2127
74364,41.7,38.3,1811,1380
74365,43.2,37.2,4081,3141
74366,44.1,39.2,1329,1064
74367,45.0,39.8,567,451
74369,41.2,34.6,1767,1335
74370,41.2,35.8,3617,2787
74401,45.4,41.4,16181,12317
74403,40.6,35.9,29419,22518
74421,44.1,34.6,4737,3586
74422,43.0,35.5,733,556
74423,38.3,30.4,905,715
74425,38.7,33.4,932,774
74426,44.3,39.4,9446,7554
74427,43.4,32.6,1250,1064
74428,41.9,37.2,899,673
74429,36.7,28.5,15974,11745
74430,38.8,31.7,463,360
74431,43.6,37.9,886,652
74432,44.2,39.8,9012,7414
74434,40.3,31.5,8889,6587
74435,45.5,36.9,2826,2169
74436,39.3,32.8,4664,3482
74437,45.9,40.9,9098,6963
74438,45.2,38.6,399,293
74441,45.1,34.7,5245,4029
74442,39.3,32.1,803,618
74445,42.4,32.4,2788,2040
74446,40.9,35.2,550,421
74447,46.3,39.0,15534,12240
74450,39.4,33.3,1624,1255
74451,44.7,33.9,3613,2857
74452,44.7,34.1,424,348
74454,37.6,31.3,2839,2188
74455,42.1,38.7,2559,2012
74456,42.2,31.7,123,93
74457,45.3,37.0,479,371
74458,40.2,33.8,213,170
74460,44.2,37.8,374,306
74462,41.8,35.7,7437,5739
74463,42.5,31.0,2138,2102
74464,42.9,31.1,31256,23696
74467,39.1,33.9,13981,10851
74468,38.3,33.5,226,176
74469,39.1,34.9,2402,1943
74470,41.1,37.9,1267,997
74471,44.1,32.0,1463,1144
74472,42.2,32.9,579,419
74501,40.6,34.1,28566,22079
74521,39.1,40.1,58,51
74522,39.9,30.4,138,116
74523,39.4,39.9,5908,4570
74525,41.1,34.9,10314,8138
74528,41.4,34.0,166,108
74530,39.8,37.4,178,150
74531,39.2,33.1,949,727
74533,39.1,32.1,850,631
74534,44.1,39.9,223,180
74535,44.3,39.6,79,64
74536,39.1,39.1,1335,1084
74538,42.4,39.3,3771,2915
74540,41.5,38.6,196,158
74543,38.0,37.7,364,298
74546,40.1,32.9,722,555
74547,39.4,32.8,3196,2486
74549,41.4,40.6,114,97
74552,41.8,34.5,989,748
74553,39.9,34.4,1197,920
74554,38.9,30.5,1831,1411
74555,41.1,37.5,647,524
74556,43.8,39.7,317,236
74557,36.0,37.4,511,430
74558,39.4,40.0,401,321
74560,40.4,34.5,602,489
74561,41.5,36.2,1905,1433
74562,38.7,36.8,746,568
74563,41.2,34.6,1786,1377
74565,37.8,29.5,595,493
74567,38.7,38.3,138,93
74569,40.5,36.8,537,393
74570,39.6,33.0,1084,851
74571,41.9,38.0,3301,2478
74572,42.5,37.5,742,550
74574,41.2,39.8,1067,884
74576,41.1,35.6,181,146
74577,40.4,37.2,235,191
74578,42.8,38.8,5760,4453
74601,44.6,33.8,18962,13942
74604,41.0,29.1,12248,9659
74630,39.8,30.4,785,679
74631,44.1,35.2,6713,5090
74632,41.3,31.5,444,335
74633,44.2,29.8,420,326
74636,34.9,31.2,225,155
74637,46.1,32.6,1619,1260
74640,37.5,25.5,359,256
74641,42.3,32.5,625,526
74643,36.1,30.8,476,365
74644,42.9,35.0,453,346
74646,42.0,34.2,185,146
74647,41.8,31.1,3563,2727
74650,41.5,32.3,583,436
74651,44.5,34.7,741,485
74652,44.7,29.2,758,577
74653,40.6,29.9,3677,2799
74701,39.6,33.3,25823,19551
74720,40.0,35.4,408,322
74722,43.2,34.7,203,161
74723,41.7,37.8,1539,1165
74724,41.1,35.9,191,136
74726,39.9,34.3,2191,1695
74727,44.7,38.0,1984,1516
74728,42.0,36.2,11010,8170
74729,39.1,33.0,2829,2142
74730,39.8,33.9,5191,3947
74731,41.5,39.0,1534,1255
74733,41.8,38.7,2719,2137
74734,38.0,30.1,864,682
74735,41.7,34.9,1821,1440
74736,43.0,38.7,951,718
74737,40.5,31.2,71,58
74738,42.7,33.8,445,347
74740,43.0,36.8,1969,1515
74741,39.4,35.2,850,684
74743,47.0,40.4,8307,6329
74745,44.6,38.7,9609,7061
74747,39.1,33.6,252,208
74748,38.2,32.9,727,565
74750,40.2,37.3,205,147
74754,40.5,38.1,383,303
74755,43.2,32.2,113,73
74756,41.7,33.7,725,578
74759,45.4,37.9,1043,808
74760,41.0,35.2,199,150
74761,43.0,32.6,74,59
74764,42.2,36.0,3252,2501
74766,43.4,39.3,1209,930
74801,42.9,34.5,22000,16414
74804,38.4,29.3,22301,17493
74820,39.7,29.6,31630,24118
74824,44.1,33.5,1221,914
74825,40.3,31.4,2061,1508
74826,41.7,34.2,1196,916
74827,38.8,33.9,376,304
74829,48.3,37.4,1441,1318
74830,43.7,34.8,186,148
74831,41.2,33.4,816,621
74832,43.7,32.8,885,665
74833,43.3,35.0,543,398
74834,44.2,32.4,7011,5384
74836,36.6,32.9,211,158
74837,46.4,39.0,144,85
74839,44.1,40.5,745,551
74840,42.5,33.5,2046,1551
74842,40.7,31.0,192,157
74843,40.8,32.7,260,199
74844,40.1,30.0,255,189
74845,45.8,40.6,422,330
74848,43.0,37.3,8143,6500
74849,44.8,37.8,2898,2225
74850,38.6,32.2,259,221
74851,41.1,31.0,10759,8357
74852,42.0,33.9,1533,1164
74854,42.6,33.8,1783,1350
74855,44.3,34.3,4495,3410
74856,41.4,38.3,710,541
74857,38.0,27.4,9981,7536
74859,46.0,40.4,6074,4651
74860,44.6,39.1,1545,1199
74864,43.3,33.3,5334,4026
74865,40.3,31.3,1760,1316
74867,45.5,38.1,738,570
74868,45.2,37.8,12211,9256
74869,44.8,34.6,644,478
74871,41.4,32.4,2290,1741
74872,40.0,34.8,3379,2518
74873,41.8,33.5,11496,8605
74875,43.9,33.0,1051,793
74878,42.6,34.6,1392,1112
74880,46.1,39.6,1832,1503
74881,44.9,34.1,4556,3484
74883,43.3,39.3,2189,1682
74884,46.6,40.0,5509,4126
74901,42.3,41.9,1832,1371
74902,39.3,36.3,4239,3344
74930,40.3,37.4,1875,1421
74931,45.1,36.7,1251,945
74932,39.2,35.1,2302,1792
74935,38.5,36.4,138,104
74936,45.5,34.0,1084,854
74937,41.0,40.3,5188,3768
74939,43.4,36.8,1428,1321
74940,40.7,38.9,2283,1683
74941,43.5,39.7,2331,1742
74942,38.2,35.0,150,108
74943,38.9,34.8,78,54
74944,42.4,35.7,1002,737
74945,49.9,39.0,186,131
74947,39.0,39.9,132,102
74948,47.1,36.9,11803,9060
74949,37.8,36.9,238,205
74951,39.8,37.3,1332,1000
74953,40.2,37.9,12113,9074
74954,47.5,37.1,4686,3462
74955,48.1,38.9,14340,10892
74956,40.0,36.8,1876,1405
74957,41.0,36.1,1049,814
74959,40.5,39.3,6226,4854
74960,47.5,42.3,11937,8746
74962,47.0,38.1,4641,3613
74963,41.5,35.8,521,404
74964,44.6,39.9,2372,1883
74965,44.5,39.0,4525,3344
74966,39.7,35.5,3607,2675
75001,31.1,20.3,16528,14513
75002,33.3,20.1,69939,50968
75006,33.0,28.7,47811,37507
75007,33.0,23.0,53960,42626
75009,33.5,17.1,21276,14266
75010,29.9,19.3,33186,25771
75013,29.3,17.8,48360,34910
75019,26.4,18.7,44897,33107
75020,35.0,30.0,23782,18488
75021,35.9,30.2,8288,6515
75022,30.0,17.0,26781,19471
75023,32.8,20.2,46777,36630
75024,27.3,17.3,45469,35178
75025,29.0,19.3,53161,39792
75028,31.5,17.6,46830,34816
75032,34.8,20.4,34590,25554
75033,31.3,16.6,45347,30793
75034,31.6,18.3,47734,36446
75035,28.8,17.7,82596,56626
75036,30.0,19.1,35148,25088
75038,30.4,25.0,32928,25195
75039,24.8,16.4,24569,20833
75040,34.6,32.6,64035,48251
75041,38.7,37.8,32219,23073
75042,36.5,38.3,39148,28335
75043,35.3,30.8,63973,47994
75044,30.0,25.8,46094,36640
75048,30.9,21.6,27818,20253
75050,37.4,33.6,43531,32267
75051,39.0,39.0,40243,28368
75052,34.4,28.9,96225,71090
75054,31.2,20.3,15646,10594
75056,32.4,19.6,67570,52351
75057,39.6,28.7,16001,12060
75058,31.1,21.4,3799,2680
75060,36.7,37.1,47955,35127
75061,37.7,37.2,55828,40670
75062,33.4,29.5,50466,37924
75063,22.7,19.3,46598,34234
75065,36.7,24.6,12770,9769
75067,36.1,25.2,68734,52163
75068,35.8,22.1,66248,45840
75069,38.0,27.5,39084,30016
75070,32.4,18.3,57712,41863
75071,34.3,19.9,64449,45777
75072,32.1,17.2,55538,39654
75074,35.5,25.5,53003,40121
75075,32.5,21.4,36600,29630
75076,32.8,26.2,8057,6563
75077,33.4,20.1,38073,29291
75078,33.0,16.5,38980,25346
75080,30.5,23.6,53633,43149
75081,30.3,24.5,37766,29703
75082,28.8,17.7,28063,22917
75087,33.7,18.6,40460,29356
75088,33.0,23.9,26899,21132
75089,32.2,23.0,34608,25928
75090,36.4,32.5,25002,18699
75092,31.9,24.7,27186,21249
75093,30.0,17.4,48081,38244
75094,30.6,21.3,23864,16710
75098,34.6,21.1,67212,46945
75101,37.8,30.1,633,443
75102,37.2,32.5,1501,1114
75103,35.3,27.5,15162,11716
75104,38.2,28.1,49749,36881
75105,36.4,32.8,307,227
75109,37.6,31.6,4766,3735
75110,38.7,34.0,30336,22276
75114,36.8,25.9,6347,4453
75115,40.0,29.7,56164,43282
75116,38.3,35.4,20656,14981
75117,35.3,26.7,4170,3223
75119,38.4,30.5,28973,21123
75124,36.1,30.6,5093,3953
75125,40.2,33.6,7545,5530
75126,36.8,23.5,64573,43631
75127,37.7,33.6,1644,1283
75132,36.1,23.3,135,96
75134,41.2,31.0,20194,14466
75135,35.7,24.7,8065,5778
75137,36.9,30.1,20023,15213
75140,37.9,34.1,7538,5731
75141,44.0,42.6,5173,3469
75142,38.4,31.2,21952,15914
75143,36.1,30.0,15349,12055
75144,38.4,31.8,3462,2726
75146,41.8,32.6,23837,17259
75147,36.9,29.7,7781,5949
75148,35.3,30.1,5796,4613
75149,37.7,33.4,60317,43100
75150,38.0,34.3,64654,47385
75152,37.7,29.3,5820,4213
75153,37.3,33.0,536,410
75154,38.3,26.6,45894,33407
75155,38.4,33.2,3485,2392
75156,36.6,32.2,15708,12661
75157,36.3,26.2,258,200
75158,35.4,26.0,5214,3934
75159,39.4,34.9,22127,16255
75160,39.2,31.7,26632,19876
75161,36.9,28.7,7552,5882
75163,36.3,30.8,2317,1897
75164,36.2,21.5,335,239
75165,36.7,25.9,49805,36791
75166,37.0,22.7,5457,3853
75167,35.5,22.9,12455,9212
75169,36.9,29.6,17017,13149
75172,41.7,38.8,5519,3825
75173,36.9,23.5,7733,5607
75180,38.4,35.3,26860,18427
75181,37.7,30.0,27027,19260
75182,27.1,21.6,7806,5682
75189,36.4,22.9,37777,26586
75201,28.9,16.1,17740,16703
75202,30.5,17.1,2529,2377
75203,42.8,40.9,14710,10841
75204,29.0,17.6,34012,30949
75205,25.1,14.9,26299,21086
75206,27.5,15.6,40386,36023
75207,36.9,26.9,7116,6964
75208,34.9,29.7,29446,23446
75209,30.1,19.4,14740,12293
75210,47.7,45.7,8736,6148
75211,39.4,40.6,70695,51808
75212,40.4,40.7,27329,19427
75214,29.1,17.9,35664,27794
75215,45.8,40.4,18806,14393
75216,45.8,45.4,55759,39881
75217,42.5,43.6,85330,58198
75218,30.1,20.1,23136,18522
75219,28.7,17.7,27885,25849
75220,38.4,38.6,39627,28490
75223,38.4,37.2,13898,10528
75224,40.9,39.2,33766,24461
75225,26.2,16.4,22635,16950
75226,36.3,27.4,4535,4141
75227,41.0,39.2,59103,42213
75228,39.8,37.7,68219,50498
75229,32.1,26.3,33168,24852
75230,28.8,19.4,27810,22677
75231,35.6,30.0,40754,31168
75232,43.2,39.0,30061,22388
75233,43.4,42.5,15104,10891
75234,32.9,28.8,33216,26459
75235,35.1,31.0,19153,16105
75236,40.6,35.3,18385,12985
75237,46.9,39.7,19057,13276
75238,32.9,24.2,32801,23792
75240,36.7,32.3,25839,19295
75241,45.5,39.9,32944,24278
75243,39.3,32.2,62273,47067
75244,29.7,20.4,12576,10222
75246,39.2,34.1,2458,2063
75247,41.1,34.9,830,722
75248,28.8,19.0,38210,30448
75249,39.3,31.0,15291,11109
75251,27.1,16.7,3840,3443
75252,31.6,20.4,27458,23100
75253,40.9,39.8,25867,16865
75254,34.1,25.7,24664,19813
75287,37.3,22.4,53181,43122
75401,39.2,32.4,19550,14242
75402,34.9,25.5,18983,14727
75407,38.9,26.2,25738,17967
75409,36.9,21.6,21292,14825
75410,34.0,28.2,5073,4060
75411,36.9,29.7,1279,1054
75412,35.8,27.6,604,467
75413,38.4,27.6,179,128
75414,32.7,24.2,3507,2588
75415,34.5,25.8,212,179
75416,34.8,25.0,2848,2173
75417,37.0,31.3,2361,1832
75418,41.4,32.5,14775,12106
75420,36.6,27.1,1206,946
75421,38.1,30.3,988,759
75422,35.4,27.3,2902,2274
75423,38.6,30.7,3089,2377
75424,38.1,26.1,4517,3326
75426,41.4,34.8,4717,3840
75428,37.3,29.3,11192,9250
75431,38.9,34.6,2101,1542
75432,37.5,29.9,3361,2589
75433,35.0,25.5,2815,2166
75434,37.6,27.5,81,67
75435,36.2,28.8,994,772
75436,36.1,27.2,2130,1633
75437,37.8,29.2,1199,930
75438,37.2,26.8,963,730
75439,38.2,27.3,923,684
75440,35.7,27.1,6894,5579
75441,33.1,25.6,113,89
75442,38.9,28.5,11241,8317
75446,39.2,30.2,3355,2484
75447,38.3,27.2,1161,907
75448,36.2,26.5,679,527
75449,39.4,28.0,1116,865
75450,35.3,26.2,293,243
75451,37.7,31.1,1256,989
75452,38.3,27.8,4802,3545
75453,35.9,26.8,3737,2867
75454,35.5,19.7,16252,10900
75455,38.9,35.2,27305,19713
75457,35.5,25.6,5991,4643
75459,33.7,26.4,5556,3973
75460,41.9,34.7,22925,17387
75462,35.0,25.4,12016,9302
75468,35.4,28.4,928,732
75469,35.2,28.4,394,317
75470,36.3,28.7,229,185
75471,39.4,34.1,1243,947
75472,36.9,28.9,3849,3041
75473,36.2,27.8,3660,2909
75474,37.1,28.8,16010,12465
75475,43.9,34.9,150,133
75476,38.2,28.3,1214,1000
75477,37.7,29.0,854,668
75478,38.6,33.4,1006,740
75479,38.0,27.8,1861,1478
75480,35.6,25.9,1582,1277
75481,37.7,28.4,389,292
75482,37.8,29.5,25743,19489
75486,38.0,30.7,2698,1976
75487,37.5,30.9,1511,1135
75488,38.0,28.0,1144,896
75489,32.8,24.5,1028,752
75490,38.6,27.2,2809,2132
75491,34.1,25.2,5148,3979
75492,36.6,27.2,562,453
75493,38.1,32.5,497,341
75494,34.8,28.6,11827,9411
75495,32.4,23.2,9061,6722
75496,36.7,28.1,3438,2635
75497,35.8,30.7,3679,3098
75501,41.1,34.6,36423,27527
75503,33.2,24.6,25547,19652
75550,38.2,33.0,602,525
75551,39.4,30.5,10372,7972
75554,36.5,30.3,1530,1236
75555,37.4,27.5,1719,1337
75556,36.3,26.7,1131,842
75558,36.9,32.5,1518,1120
75559,35.3,29.1,5472,4277
75560,43.4,35.2,920,720
75561,36.2,29.3,4875,3714
75562,40.9,34.0,116,95
75563,38.0,29.9,3794,3075
75565,37.2,24.9,106,88
75566,43.2,37.6,676,568
75567,33.9,24.8,3770,2871
75568,40.8,34.5,2939,2309
75569,39.0,31.0,3338,2479
75570,35.9,27.3,11315,9315
75571,39.5,33.6,2607,2089
75572,38.9,29.5,3387,2682
75573,35.4,28.0,275,192
75574,32.6,24.6,1695,1371
75601,37.4,30.3,15813,12215
75602,42.2,36.5,22041,16124
75603,38.6,29.7,5784,4552
75604,36.7,28.6,30752,22684
75605,33.6,25.1,32909,25836
75630,40.0,35.0,2650,2225
75631,38.0,27.7,2461,1787
75633,37.5,29.5,13558,10366
75638,39.1,31.0,5434,4179
75639,39.3,30.1,2716,2134
75640,35.8,25.1,5438,3963
75641,40.8,30.8,139,101
75642,38.0,30.3,194,138
75643,36.0,27.7,2046,1576
75644,39.1,32.3,11720,8871
75645,37.9,29.7,10724,8207
75647,37.2,29.0,13485,10128
75650,35.6,24.4,10139,7213
75651,37.5,27.6,2075,1577
75652,38.1,29.6,15956,13155
75654,36.7,30.0,12045,9053
75656,40.7,33.7,4558,3436
75657,39.1,32.3,7923,6414
75658,36.2,31.0,210,149
75661,39.5,31.4,2381,2026
75662,37.1,30.4,25002,18603
75667,37.3,30.6,1227,976
75668,38.0,30.0,1672,1312
75669,37.3,26.9,589,460
75670,43.9,36.8,16935,12748
75672,38.7,29.5,17285,13451
75681,38.7,31.7,2674,2081
75682,36.5,28.9,563,439
75683,37.7,29.8,3773,2862
75684,38.1,29.7,6744,5140
75686,39.9,33.7,13293,9998
75689,38.3,31.9,212,153
75691,36.8,27.8,4025,3003
75692,38.3,29.7,5098,3965
75693,34.8,26.7,6512,4708
75701,37.1,27.2,34502,27059
75702,46.1,40.0,26777,19278
75703,33.2,21.7,44428,35247
75704,41.0,32.1,10075,7448
75705,45.2,35.9,2141,1600
75706,42.6,35.9,10313,7341
75707,35.4,25.1,16620,13083
75708,41.6,35.4,8294,5846
75709,36.9,24.5,6037,4719
75711,24.9,18.0,135,135
75750,37.1,26.8,3777,2947
75751,35.0,30.0,17100,13122
75752,35.3,30.0,7439,5919
75754,35.8,27.8,6632,5230
75755,38.0,31.1,5250,4006
75756,36.7,30.8,4458,3421
75757,33.5,23.5,13330,9991
75758,34.3,28.1,9890,7932
75759,41.3,34.5,122,77
75760,32.2,26.7,2583,2001
75762,34.7,21.8,13923,10614
75763,35.6,27.7,5663,4509
75764,33.4,30.9,178,136
75765,33.6,27.2,7728,6563
75766,36.7,33.7,25382,18728
75770,33.8,25.7,2893,2324
75771,34.5,24.1,21870,16465
75773,34.7,28.3,13559,10668
75778,35.2,29.0,3467,2762
75779,37.8,25.9,80,53
75780,35.0,32.4,481,314
75782,32.9,23.1,85,53
75783,35.9,31.0,7763,6309
75784,36.1,30.9,542,412
75785,35.7,31.3,10687,8373
75788,32.1,24.7,99,79
75789,36.9,28.7,8045,6106
75790,35.6,27.6,4359,3228
75791,35.3,23.2,14255,10369
75792,41.3,32.0,3595,2787
75801,39.0,31.6,16859,12682
75803,38.5,29.3,22290,18467
75831,38.9,34.3,4865,3685
75833,35.3,28.4,3259,2680
75835,39.0,35.3,11342,8805
75838,37.0,31.9,525,403
75839,37.0,28.3,5282,4033
75840,37.6,28.9,7029,5316
75844,37.1,33.0,5144,4165
75845,37.7,30.9,2784,2160
75846,36.9,31.4,2327,1796
75847,35.5,29.2,1547,1268
75848,37.7,28.6,88,62
75849,34.1,29.1,95,82
75850,35.3,30.2,596,495
75851,39.5,31.4,4869,4329
75852,39.4,31.4,3621,3346
75853,36.9,29.5,970,787
75855,39.9,33.7,2242,1834
75856,35.8,30.6,195,163
75858,37.6,29.5,100,78
75859,36.3,28.5,2212,1851
75860,41.2,32.3,6623,5366
75861,37.8,28.9,1410,1140
75862,38.2,32.7,9364,7656
75884,61.0,56.9,4156,4146
75886,62.1,58.1,2959,2959
75901,41.9,35.5,28373,21490
75903,47.1,47.9,133,121
75904,40.9,33.0,34680,25615
75925,36.1,31.5,3635,2732
75926,37.0,29.3,1066,856
75928,45.9,37.7,1181,961
75929,38.7,32.7,1415,1178
75930,37.6,31.6,1954,1530
75931,36.6,27.9,2446,2044
75932,43.3,39.9,1331,1116
75933,42.7,35.7,1290,1007
75935,41.2,35.4,13060,9753
75936,37.9,32.1,848,663
75937,34.5,32.9,1081,813
75938,38.0,32.5,2432,1909
75939,39.4,35.6,3716,2871
75941,40.8,33.6,8622,6534
75942,43.9,38.7,125,88
75943,31.6,25.3,1300,974
75944,34.1,32.5,1138,955
75946,34.6,30.1,3452,2603
75948,35.7,31.3,5582,4733
75949,39.8,31.6,8052,6112
75951,43.5,35.8,14370,11168
75954,39.9,34.4,3233,2474
75956,42.5,35.7,7435,5627
75959,35.2,29.7,821,683
75960,39.3,34.4,816,659
75961,35.8,32.8,15656,11924
75962,26.3,25.1,2712,2704
75964,36.6,34.5,19986,14358
75965,31.3,26.7,17652,14403
75966,43.3,37.6,4209,3242
75968,37.6,30.2,1819,1322
75969,40.9,33.7,4301,3354
75972,45.2,41.4,5899,4651
75973,41.7,35.6,2290,1820
75974,41.7,34.7,2860,2083
75975,41.5,34.2,3373,2558
75976,37.4,34.3,1047,738
75977,46.4,41.7,570,440
75979,40.4,35.0,10354,8631
75980,38.6,32.9,2453,1999
76001,32.2,24.5,34102,25060
76002,32.7,25.9,35021,24857
76005,26.1,18.0,4412,3462
76006,35.0,26.4,25320,20336
76008,32.2,17.1,21844,15017
76009,34.6,31.3,23376,17457
76010,39.0,41.1,55894,39689
76011,36.9,31.5,23158,17915
76012,32.5,27.6,27080,21106
76013,30.3,26.0,36535,29700
76014,37.0,37.1,35954,25639
76015,34.7,30.0,17185,13153
76016,29.7,22.6,31091,24487
76017,32.4,25.6,45745,35169
76018,33.0,28.5,27784,20557
76020,34.3,26.5,33469,25839
76021,30.2,23.1,35265,28642
76022,32.1,26.0,14692,11434
76023,34.7,27.0,6825,5265
76028,31.4,23.7,74023,54837
76031,36.0,32.3,18398,13902
76033,32.8,28.3,27243,20634
76034,26.4,17.3,25988,20175
76035,34.1,21.1,2649,1870
76036,33.5,26.4,31589,23282
76039,29.8,23.1,39997,31371
76040,33.6,28.7,31899,23953
76041,35.7,27.8,395,293
76043,34.4,26.1,7060,5286
76044,32.2,23.9,5715,4154
76048,34.5,27.6,25764,20720
76049,32.3,22.7,30784,24873
76050,33.7,27.5,7315,5430
76051,29.3,21.0,49969,39522
76052,30.7,19.3,26675,18165
76053,33.3,27.9,31935,23870
76054,28.8,21.8,12120,9692
76055,37.0,30.1,3076,2277
76058,34.3,28.7,20940,15143
76059,33.7,30.5,4928,3796
76060,32.0,25.7,8653,6518
76061,30.8,23.2,192,127
76063,31.7,23.2,76914,55873
76064,34.9,23.5,1929,1408
76065,34.9,21.8,42827,30888
76066,35.7,23.8,3816,2894
76067,40.2,32.1,20473,15447
76070,30.3,20.7,601,468
76071,34.8,27.8,4220,3079
76073,33.0,24.7,6579,4986
76077,35.6,26.9,555,470
76078,34.6,25.7,9979,7248
76082,37.0,26.3,21514,16362
76084,34.6,26.6,11979,8743
76085,37.7,26.9,12249,9341
76086,36.1,26.8,21429,16555
76087,34.7,22.1,33346,25288
76088,36.2,24.2,13794,10700
76092,25.7,16.9,31924,22742
76093,33.9,27.9,2271,1695
76102,33.9,26.4,13236,12228
76103,39.1,39.1,15394,11365
76104,40.3,38.8,21571,15845
76105,42.4,44.7,23445,16297
76106,40.0,45.3,36521,24939
76107,31.1,23.5,31591,26421
76108,32.7,26.3,46170,34501
76109,26.9,18.4,25373,20649
76110,35.1,33.9,29858,22258
76111,36.4,37.8,22512,16236
76112,40.6,36.7,43132,32217
76114,36.2,36.0,26676,20052
76115,39.7,44.8,20956,14144
76116,35.9,31.9,51639,39491
76117,35.4,36.9,33398,24684
76118,32.6,27.7,16537,12511
76119,43.1,45.4,50850,35453
76120,35.8,27.5,19240,14504
76123,34.3,26.9,37981,27045
76126,30.0,21.5,25444,19476
76127,37.4,33.6,2214,2138
76129,21.8,20.2,2579,2572
76131,30.9,24.1,48515,34061
76132,31.5,25.0,26249,21489
76133,34.9,30.4,51811,38846
76134,37.0,33.6,27362,19656
76135,33.8,28.9,22009,16606
76137,31.4,25.3,60555,45396
76140,37.8,33.4,32623,22732
76148,32.2,27.0,23587,17808
76155,33.5,23.3,5647,4802
76164,39.2,45.2,15602,11400
76177,29.7,20.0,23001,16514
76179,31.6,24.1,68333,48654
76180,31.2,26.1,37087,29055
76182,29.7,21.6,31117,24088
76201,34.1,24.8,27610,25198
76203,29.2,22.0,224,221
76205,36.4,24.7,18969,15638
76207,34.4,22.8,16097,13235
76208,37.2,25.8,27084,19856
76209,37.1,25.2,28088,21842
76210,34.3,21.3,46211,34985
76225,33.3,24.7,3789,2851
76226,32.3,16.6,37214,26168
76227,35.9,19.9,47118,33012
76228,35.1,25.7,1001,818
76230,34.9,28.5,9992,7677
76233,32.2,24.4,3719,2838
76234,34.0,26.6,18755,14233
76238,35.6,24.9,447,341
76239,34.5,25.9,1022,818
76240,36.8,29.3,28349,21380
76244,29.7,21.1,77154,52721
76245,34.9,30.5,1954,1680
76247,34.6,19.8,17178,12307
76248,27.7,18.8,40894,30250
76249,35.9,22.2,9411,6859
76250,32.3,21.1,945,693
76251,34.3,25.4,719,570
76252,32.5,21.8,2851,2129
76253,33.5,22.7,191,150
76255,35.9,30.6,5448,4282
76258,35.7,24.4,7409,5708
76259,33.8,19.0,6321,4521
76261,35.3,28.8,242,209
76262,31.1,17.7,42592,30800
76264,34.5,29.0,1497,1205
76265,34.5,27.2,1585,1220
76266,35.7,22.7,16779,12593
76267,33.0,25.5,147,111
76268,31.3,23.6,220,175
76270,34.9,27.6,2217,1797
76271,33.0,24.8,1879,1416
76272,35.9,25.6,5494,4118
76273,34.3,27.5,9857,7573
76301,42.7,38.1,15320,11652
76302,34.5,26.5,12400,9437
76305,35.5,28.0,5151,4160
76306,39.0,33.4,14664,10956
76308,32.7,23.4,20305,16317
76309,36.0,29.4,13053,10164
76310,33.1,23.0,20204,15284
76311,23.2,13.9,6349,5540
76351,35.5,28.4,1817,1394
76354,34.7,26.0,11496,8601
76357,34.9,25.8,685,534
76360,36.5,30.2,2886,2253
76363,37.6,31.7,231,177
76364,37.5,33.9,181,126
76365,35.5,27.0,4775,3758
76366,36.0,27.8,2023,1566
76367,35.8,25.7,13457,11050
76370,37.0,29.3,238,179
76371,37.5,32.8,1513,1123
76372,35.9,26.4,869,649
76373,38.3,32.9,161,131
76374,38.1,29.7,3883,2971
76377,34.7,25.5,592,456
76379,35.6,28.0,519,388
76380,36.1,31.1,3522,2691
76384,39.4,35.8,12374,9542
76388,38.8,35.3,200,164
76389,35.6,27.9,1213,923
76401,33.0,24.6,30144,24169
76402,27.5,22.1,980,980
76424,37.1,30.6,8417,6551
76426,34.6,28.6,11727,8892
76427,36.6,29.4,643,497
76429,33.6,29.4,207,168
76430,33.5,24.4,2317,1745
76431,34.3,27.3,3517,2730
76432,33.5,28.4,1261,1020
76433,32.8,23.1,1998,1532
76435,37.1,33.2,691,544
76436,35.9,27.9,272,207
76437,34.3,27.7,5770,4477
76442,37.3,31.2,7573,5813
76443,36.4,28.7,1685,1325
76444,36.1,30.1,3676,2861
76445,36.1,30.2,323,266
76446,37.5,32.4,8534,6486
76448,34.6,29.0,5417,4314
76449,38.1,27.9,2542,2127
76450,37.2,28.5,13026,9996
76452,39.6,32.7,111,106
76453,36.6,27.3,1177,983
76454,37.4,33.2,1492,1158
76455,36.8,32.4,804,629
76457,35.1,27.0,3770,2969
76458,37.9,30.3,6042,4739
76459,37.2,30.9,184,134
76460,38.5,28.9,394,317
76462,35.7,24.2,3820,2830
76463,34.9,25.0,499,405
76464,33.3,24.9,505,393
76466,33.1,26.3,156,119
76469,36.3,27.6,88,71
76470,36.7,31.7,3072,2473
76471,36.5,32.0,1712,1393
76472,36.0,25.0,1432,1144
76474,35.7,26.8,237,178
76475,38.1,28.7,877,709
76476,34.7,25.2,3056,2267
76481,35.8,28.4,196,159
76483,35.6,29.8,963,769
76484,36.1,24.7,1020,870
76486,37.4,27.6,1273,991
76487,38.5,28.2,3238,2488
76490,35.6,24.8,99,80
76491,35.6,30.1,387,288
76501,46.7,36.5,16987,12784
76502,40.2,26.8,47297,35151
76504,44.6,34.3,24682,19281
76511,38.9,31.5,2451,1871
76513,40.0,27.3,43698,33607
76518,36.1,29.6,1220,920
76519,38.1,27.9,560,446
76520,38.5,33.3,8068,6242
76522,37.5,26.4,41123,29930
76523,38.5,28.5,181,140
76524,37.1,31.1,2700,2102
76525,36.6,27.9,1021,826
76527,35.9,26.8,4688,3558
76528,37.5,29.0,18773,14554
76530,37.6,30.6,2654,2079
76531,37.2,31.6,4695,3695
76534,40.5,28.2,2659,2011
76537,37.4,27.6,10943,7730
76538,36.3,27.9,952,753
76539,36.8,26.6,8960,6926
76541,48.6,38.5,19641,14685
76542,44.2,28.6,53312,37964
76543,46.6,33.5,30545,22443
76544,34.2,22.7,28404,20372
76548,41.9,26.9,32714,23602
76549,45.0,29.5,56199,38855
76550,34.8,28.4,12840,10042
76554,39.2,25.8,2139,1513
76556,36.5,28.6,1503,1164
76557,38.1,29.6,5318,4086
76559,42.2,25.8,6354,4558
76561,35.1,26.1,1062,848
76565,36.6,31.2,73,65
76566,35.1,26.6,355,290
76567,37.9,32.6,9163,6994
76569,40.8,29.1,2661,1945
76570,40.0,36.0,2376,1858
76571,38.0,23.1,8937,6826
76574,38.4,32.0,19366,14820
76577,35.2,26.9,3262,2548
76578,35.3,26.2,1817,1389
76579,41.2,27.6,5120,3646
76596,53.1,48.8,1159,1157
76597,53.7,44.6,3233,3230
76598,51.1,47.5,440,439
76599,50.1,43.1,1367,1364
76621,34.8,25.6,996,761
76622,38.3,30.7,1148,873
76623,37.8,29.2,208,160
76624,32.7,24.6,2487,1905
76626,36.2,29.2,1662,1260
76627,36.2,28.2,1687,1317
76628,36.8,27.1,87,61
76629,35.5,27.3,1980,1517
76630,32.3,23.7,1878,1452
76631,35.5,27.2,394,309
76632,38.1,31.1,1544,1125
76633,31.8,21.1,5665,4242
76634,34.9,28.1,7313,5949
76635,41.4,34.6,1138,828
76636,35.9,27.5,1502,1128
76637,32.6,23.2,485,379
76638,30.5,19.6,3130,2360
76639,37.2,32.4,1621,1268
76640,35.7,27.8,3063,2416
76641,37.2,30.4,1761,1320
76642,37.0,28.6,6641,5237
76643,31.4,23.1,16044,12520
76645,37.3,31.6,11274,8402
76648,39.2,32.9,2520,1908
76649,37.3,30.8,762,594
76651,39.0,29.5,3373,2536
76652,38.1,30.4,1078,868
76653,36.1,28.4,1145,941
76654,33.5,24.2,132,110
76655,32.0,21.8,10227,7527
76656,34.5,25.8,2229,1741
76657,32.6,23.3,11444,8259
76660,38.4,33.3,484,372
76661,43.7,37.0,7982,6466
76664,37.2,30.3,3269,2371
76665,36.9,29.4,2390,1869
76666,34.6,27.4,305,236
76667,42.8,36.6,10801,8177
76670,38.7,29.7,1512,1147
76671,36.4,27.5,1988,1609
76673,39.0,32.2,1176,895
76676,38.8,33.6,315,243
76678,39.8,32.6,111,84
76679,37.5,31.4,1442,1125
76680,37.3,29.7,284,220
76681,37.6,34.1,520,385
76682,35.3,28.0,2798,2147
76685,39.7,33.1,91,74
76686,38.1,30.4,242,197
76687,35.1,27.6,1500,1237
76689,35.1,25.5,3991,3031
76690,37.1,29.3,1473,1103
76691,33.5,26.5,6588,5053
76692,36.2,30.3,10562,8474
76693,37.6,30.1,1866,1420
76701,39.2,33.2,1674,1407
76704,48.8,46.2,7220,5360
76705,38.3,32.5,31736,23776
76706,35.2,30.5,39303,30806
76707,42.2,38.9,16227,11294
76708,36.3,29.3,28499,20726
76710,35.1,27.8,24874,19329
76711,39.0,35.7,9806,7357
76712,30.3,21.7,27800,21357
76798,25.8,25.5,2473,2446
76801,35.6,30.9,25401,19774
76802,33.6,28.1,5503,4317
76820,33.0,24.5,104,95
76821,35.4,30.4,4618,3584
76823,34.6,29.0,2784,2149
76825,36.6,32.6,6592,5080
76827,33.8,27.0,390,319
76828,37.0,30.0,175,138
76832,36.9,31.6,551,448
76834,37.4,31.4,4991,4021
76837,36.6,30.3,2313,2030
76841,34.6,32.6,73,62
76842,34.1,27.0,218,189
76844,33.3,27.1,3334,2639
76845,37.4,28.8,183,134
76848,37.9,30.8,68,57
76849,37.8,32.4,3482,2823
76852,37.4,33.7,215,194
76853,35.2,29.1,1543,1175
76854,36.6,31.4,377,338
76856,33.9,27.0,3574,2865
76857,32.9,27.4,1829,1557
76858,37.4,34.3,213,191
76859,37.4,32.9,1905,1568
76861,34.5,26.7,2116,1579
76862,36.5,32.6,230,199
76864,33.2,27.3,707,601
76865,34.1,27.7,123,108
76866,35.9,33.8,627,505
76870,32.7,27.0,59,57
76871,36.2,31.4,648,530
76872,36.5,33.2,602,517
76873,36.4,30.9,65,53
76875,33.8,28.1,604,465
76877,36.6,32.3,4374,3502
76878,37.5,29.0,1492,1169
76882,35.8,29.0,309,253
76884,37.5,29.2,117,94
76885,34.6,25.8,133,128
76887,34.9,30.7,118,101
76888,37.0,27.9,117,100
76890,32.7,27.7,878,701
76901,37.5,30.0,31084,23652
76903,40.3,36.8,32215,24406
76904,33.0,22.7,36736,28808
76905,38.0,29.9,13635,9699
76908,24.3,16.2,1515,1476
76909,23.5,16.9,195,189
76930,36.0,26.9,115,85
76932,39.0,32.7,3379,2398
76933,36.0,30.6,1319,1043
76934,35.4,27.0,1336,1038
76935,34.4,22.5,1714,1340
76936,36.4,31.1,2357,1785
76937,34.3,25.3,122,83
76940,35.9,26.8,128,98
76941,35.4,26.5,1273,1012
76943,37.7,35.7,3027,2339
76945,36.7,32.8,1745,1398
76950,38.8,36.2,3379,2565
76951,33.3,24.2,1372,1015
76955,33.2,24.8,137,115
76958,36.4,27.2,301,220
77002,33.7,17.5,19844,18984
77003,36.2,21.9,11874,10085
77004,35.9,23.2,37005,32582
77005,25.1,12.6,28241,21998
77006,28.8,12.9,24129,22013
77007,27.8,12.0,42908,37968
77008,30.1,14.3,36631,30662
77009,36.9,27.4,36425,28859
77010,34.5,18.8,883,857
77011,41.4,38.3,16841,12956
77012,42.1,39.0,18397,13500
77013,44.6,39.2,16815,12116
77014,41.5,31.0,35161,25156
77015,41.6,34.2,57106,40419
77016,48.2,40.4,29966,22213
77017,41.1,37.8,31659,23194
77018,33.8,19.7,27870,21244
77019,29.2,14.2,24136,20997
77020,44.5,39.0,24846,18470
77021,43.2,30.6,28055,21896
77022,43.4,38.7,28748,21414
77023,39.4,32.2,26780,20951
77024,27.6,15.7,39565,30772
77025,29.7,17.9,28510,22806
77026,48.7,41.7,23405,17393
77027,28.2,13.6,18987,16872
77028,48.0,39.8,18701,13422
77029,43.7,38.5,17044,12756
77030,25.7,14.6,13221,11078
77031,41.3,35.1,15678,11767
77032,45.3,37.4,13497,9328
77033,49.2,42.3,28369,20851
77034,39.9,33.1,38186,27219
77035,40.6,30.8,37417,27014
77036,41.6,41.6,75870,54918
77037,43.6,42.6,19569,13566
77038,43.0,38.7,30483,21263
77039,44.4,42.1,28740,19894
77040,37.8,29.1,49524,37237
77041,34.6,26.5,35958,27449
77042,37.4,24.3,41177,32167
77043,34.3,24.2,26281,20408
77044,39.2,26.3,55665,37520
77045,43.3,34.5,32411,23601
77046,28.6,14.9,1742,1645
77047,40.1,24.7,32088,23191
77048,45.4,32.4,20536,14615
77049,40.0,30.0,38788,27062
77050,48.3,44.0,5004,3484
77051,49.6,39.4,18323,13242
77053,42.1,36.3,30350,21754
77054,31.9,18.5,24419,21522
77055,36.2,27.0,42766,31321
77056,29.1,15.8,24115,21173
77057,34.2,22.6,43669,35602
77058,32.3,19.8,19442,15988
77059,27.7,15.8,18568,14507
77060,47.1,44.2,42707,29291
77061,41.8,36.4,23398,17156
77062,31.3,19.4,25095,19518
77063,35.6,23.2,38298,31010
77064,35.0,26.4,48243,36586
77065,34.9,23.7,37144,28761
77066,36.8,29.2,34443,25564
77067,43.2,35.2,31729,22191
77068,36.2,24.9,11764,9169
77069,35.3,22.9,19299,15486
77070,35.2,23.7,52943,40678
77071,39.6,28.8,26949,20659
77072,38.7,36.9,56271,41492
77073,41.5,30.4,46071,31657
77074,41.0,37.8,40199,28817
77075,38.6,32.2,38873,27824
77076,45.1,42.7,32349,22869
77077,33.2,19.9,61302,48499
77078,48.3,39.5,14855,10433
77079,30.5,16.5,36404,26697
77080,39.6,34.2,45428,33319
77081,43.5,40.1,48293,34230
77082,37.2,26.2,57493,44332
77083,34.8,32.3,73763,55780
77084,36.5,26.3,109808,81520
77085,42.6,36.0,17785,13108
77086,40.9,35.6,29366,21091
77087,42.0,37.1,34654,25592
77088,43.8,35.5,54320,39512
77089,34.8,26.2,56994,42366
77090,42.5,28.4,42285,30525
77091,46.3,37.5,28020,20389
77092,39.6,30.4,34903,25815
77093,45.6,44.2,47736,33260
77094,28.5,16.1,11150,8264
77095,33.2,20.6,71206,53674
77096,34.7,23.2,34510,25850
77098,27.9,13.0,15717,13760
77099,40.3,36.1,49849,36451
77204,24.0,20.2,4280,4261
77301,36.4,32.7,35923,26155
77302,34.1,27.7,19384,14334
77303,35.8,30.2,20974,15240
77304,30.8,22.4,35969,28088
77306,35.9,32.3,15127,10459
77316,30.5,19.9,30598,22408
77318,31.2,23.7,17518,13745
77320,40.6,30.1,37325,31969
77326,36.7,26.8,137,112
77327,41.4,37.3,32269,22328
77328,38.5,34.2,17071,12570
77331,38.2,30.7,6953,5769
77334,41.8,31.0,139,96
77335,37.0,31.8,1937,1561
77336,37.3,25.0,14881,10992
77338,40.4,27.5,45031,32490
77339,32.4,20.5,43076,32895
77340,36.6,28.5,35020,29839
77345,29.7,14.9,27258,20108
77346,34.8,19.9,71119,50870
77350,42.1,35.5,264,199
77351,39.2,34.1,37353,30516
77354,30.8,21.2,40625,29994
77355,32.7,24.8,29300,21930
77356,30.0,21.2,32136,25850
77357,35.9,30.8,30339,21518
77358,35.9,26.3,4817,3660
77359,37.9,28.1,679,547
77360,38.5,35.2,5603,4524
77362,32.8,24.0,7007,5061
77363,36.0,28.6,3820,2913
77364,38.0,29.5,2312,1979
77365,34.4,28.3,42086,29989
77367,38.6,33.6,287,239
77369,40.0,34.5,736,577
77371,40.2,33.1,7870,5792
77372,35.5,29.8,13306,9528
77373,37.3,24.2,63413,46448
77374,36.9,31.5,407,321
77375,33.6,20.6,65365,46350
77376,37.2,32.5,468,380
77377,31.5,18.4,39711,28395
77378,35.7,29.6,17417,12539
77379,31.8,19.0,84704,62309
77380,29.5,19.6,27651,22058
77381,28.4,18.6,35191,27145
77382,27.3,16.7,37755,27132
77384,28.0,18.5,23952,18568
77385,31.0,21.3,27801,20027
77386,30.9,19.7,66058,45242
77388,33.9,21.5,51483,38667
77389,32.1,17.9,41534,29442
77396,38.3,25.2,61058,43059
77401,25.9,14.0,17219,12497
77406,30.5,20.8,58703,43175
77407,28.5,23.6,74657,51791
77414,40.6,35.0,23416,17516
77415,38.7,31.7,82,70
77417,39.3,38.9,2154,1561
77418,36.5,28.7,10037,7797
77419,40.4,34.8,1332,982
77420,37.3,27.0,2296,1731
77422,38.7,29.4,13731,11066
77423,38.4,28.8,16152,11453
77426,35.8,26.8,2053,1702
77428,34.2,28.7,84,72
77429,31.6,17.8,94176,67787
77430,35.7,26.9,2224,1747
77431,47.0,34.8,84,66
77432,43.7,38.4,138,96
77433,32.2,18.7,106663,73227
77434,37.8,31.0,4411,3316
77435,38.3,28.7,4795,3710
77436,41.2,33.3,131,96
77437,39.7,32.3,17832,13046
77441,28.9,18.5,23111,15458
77442,42.5,38.5,1151,869
77443,39.3,29.1,151,125
77444,34.6,28.4,1057,765
77445,40.3,31.6,14160,10718
77446,34.1,21.9,6236,6007
77447,36.2,23.9,20805,14852
77448,41.4,28.9,459,367
77449,36.8,24.7,128180,91068
77450,30.7,19.3,72977,53933
77451,46.2,45.0,495,392
77453,37.5,27.7,243,170
77454,39.2,30.0,192,135
77455,38.9,29.6,1751,1325
77456,41.1,35.1,1191,907
77457,35.7,29.2,426,393
77458,41.4,35.6,397,260
77459,28.9,22.4,79731,59248
77461,34.2,28.5,11890,8698
77464,39.9,39.9,501,419
77465,36.5,32.4,7137,5361
77466,39.8,32.5,627,415
77469,32.1,25.9,57925,42822
77470,42.3,36.6,276,224
77471,37.0,33.2,42284,30717
77474,38.4,31.4,14164,10654
77475,37.7,33.3,718,572
77476,30.0,19.3,601,482
77477,32.8,29.0,35520,26977
77478,25.4,23.7,24536,20174
77479,23.2,20.5,93180,68409
77480,39.1,29.2,7911,5938
77481,31.9,23.4,132,99
77482,39.2,29.9,2241,1659
77483,35.5,28.6,226,184
77484,37.5,27.4,13449,10081
77485,39.1,34.0,3657,2838
77486,37.8,27.2,7488,5701
77488,42.1,34.4,13861,10732
77489,40.6,31.5,37257,28348
77493,34.7,21.5,51774,36734
77494,28.0,19.1,130872,88170
77498,28.5,26.9,51472,39263
77502,41.4,36.9,37495,26561
77503,38.9,32.2,24956,18085
77504,39.2,32.5,25728,18742
77505,34.6,23.3,23584,18190
77506,43.2,40.5,34431,24115
77507,34.6,22.0,770,710
77510,33.4,25.1,14357,11149
77511,37.8,29.0,51093,38392
77514,37.6,30.8,4926,3749
77515,37.6,26.9,32710,24728
77517,34.9,26.9,6058,4673
77518,39.7,34.9,9689,7124
77519,36.3,31.2,882,679
77520,41.2,33.2,38587,28093
77521,38.0,27.5,65058,46931
77523,34.0,22.8,27638,19385
77530,40.8,33.4,35319,24427
77531,38.2,28.9,15666,11474
77532,36.8,23.9,34679,25146
77533,37.0,27.9,980,683
77534,36.1,25.7,2998,2180
77535,37.9,29.8,36494,27815
77536,34.5,22.3,33693,25181
77538,39.6,37.0,809,600
77539,35.3,27.7,48183,35845
77541,40.8,33.5,16441,12356
77545,38.3,28.7,26563,18661
77546,30.1,19.2,54670,40798
77547,41.0,35.6,9627,6740
77550,37.9,31.5,24247,19936
77551,36.7,29.8,22677,18340
77554,30.2,21.4,8961,8043
77560,39.2,29.1,960,745
77561,39.0,26.8,92,67
77562,38.8,28.3,11861,8900
77563,36.1,27.6,9778,7719
77564,36.9,29.6,2047,1568
77565,32.1,22.0,6966,5711
77566,36.8,26.5,30538,23237
77568,38.5,30.8,20254,15291
77571,36.4,24.6,37018,28217
77573,30.2,19.3,95256,70146
77575,40.3,35.2,15768,11842
77577,36.2,26.2,1250,941
77578,34.6,22.3,25228,18161
77580,35.2,23.5,99,68
77581,33.7,22.5,49198,36738
77582,41.0,37.8,262,203
77583,38.2,26.0,43113,31979
77584,33.3,22.1,93062,67027
77585,36.2,31.4,892,696
77586,32.2,18.2,23503,18538
77587,41.5,37.7,16179,11478
77590,37.4,31.4,30758,23211
77591,40.3,31.8,17347,13001
77597,38.3,27.6,734,576
77598,35.1,22.7,25620,20082
77611,35.8,24.7,9993,7375
77612,39.3,31.7,9311,7186
77613,36.9,25.6,1293,963
77614,41.3,34.0,468,350
77615,36.8,29.2,314,245
77616,40.0,33.7,656,464
77617,37.9,28.0,125,102
77619,37.7,29.2,17349,12947
77622,35.4,24.7,1384,990
77623,35.3,29.0,340,287
77624,41.7,38.8,535,431
77625,35.4,29.4,8599,6644
77627,35.3,25.1,23296,17867
77629,35.8,25.7,868,666
77630,41.4,31.6,29317,22231
77632,37.1,25.9,22487,17350
77640,45.3,37.1,16618,12537
77642,45.5,42.2,39017,28072
77650,36.3,29.9,2304,2056
77651,33.7,22.8,13705,10506
77655,34.9,28.7,291,260
77656,35.7,29.3,17199,13145
77657,32.3,23.8,22161,16518
77659,32.5,24.9,4964,3712
77660,40.2,33.9,1206,941
77661,38.7,31.5,429,290
77662,37.9,27.5,25462,19486
77663,37.0,35.0,1291,1080
77664,36.8,30.1,2934,2261
77665,37.0,29.2,7080,5310
77701,45.6,38.1,13232,9974
77702,40.7,29.7,2682,2081
77703,51.6,44.9,13357,9455
77705,46.5,36.7,37950,31048
77706,34.8,23.2,29910,23580
77707,41.5,31.9,17509,13311
77708,44.9,33.0,12478,9349
77713,37.5,25.8,14408,11172
77801,34.9,33.3,15097,11630
77802,29.1,23.6,25502,20640
77803,38.7,38.1,30533,21656
77807,31.2,25.1,13140,10123
77808,30.5,23.1,15217,11512
77830,33.7,24.8,2836,2228
77831,34.2,26.1,3517,2759
77833,36.1,27.0,29431,23061
77835,34.3,23.2,2463,2020
77836,36.1,29.2,11721,9149
77837,37.7,30.7,1362,1088
77840,29.0,27.0,55180,47790
77843,24.9,25.0,8701,8673
77845,26.4,18.8,70108,53630
77853,41.1,32.7,1116,861
77855,33.2,32.1,159,125
77856,33.8,26.2,5170,3950
77857,36.6,29.4,985,766
77859,41.9,37.3,7131,5284
77861,33.6,24.6,2850,2246
77863,36.8,30.2,64,55
77864,38.6,34.3,7243,5359
77865,33.8,26.6,1571,1225
77867,37.4,32.1,109,83
77868,39.7,33.6,16647,13203
77871,34.4,29.5,3677,2992
77872,33.3,26.9,1992,1517
77873,33.6,25.0,1450,1135
77875,34.9,24.6,63,52
77878,37.1,31.5,602,476
77879,36.2,28.5,4994,4028
77880,37.8,26.5,1922,1529
77901,40.3,37.9,40062,29841
77904,34.1,26.6,29646,22501
77905,36.4,29.4,15282,11871
77950,36.9,34.6,159,138
77951,39.5,36.0,2246,1582
77954,37.9,32.4,11458,8918
77957,38.8,33.0,8730,6567
77961,35.6,28.5,161,129
77962,37.0,30.1,3425,2593
77963,37.2,30.5,5184,4057
77964,36.3,28.5,8233,6441
77968,33.8,24.1,3398,2493
77969,37.6,28.1,206,147
77970,36.1,29.1,283,217
77971,36.3,28.2,829,631
77974,35.0,26.7,455,370
77975,33.7,25.9,1753,1374
77976,31.1,28.1,68,50
77977,36.0,29.9,667,521
77978,33.9,27.1,621,467
77979,35.0,31.7,16782,12752
77982,33.9,27.6,968,872
77983,32.5,27.6,1732,1397
77984,34.7,26.1,4490,3425
77987,35.2,30.3,161,134
77988,36.8,29.9,353,277
77990,38.4,33.8,661,527
77991,38.2,29.7,428,306
77993,35.6,33.4,166,140
77994,36.0,31.9,309,253
77995,38.3,34.5,9821,7420
78002,34.7,34.1,8876,6480
78003,36.4,30.5,9595,8027
78004,32.4,16.8,518,410
78005,39.4,32.9,823,648
78006,33.5,21.2,40979,31405
78007,38.6,33.3,95,83
78008,40.7,36.1,224,178
78009,38.6,28.0,8715,6681
78010,36.4,29.8,3357,2606
78011,43.9,40.7,1943,1445
78012,39.8,33.1,373,280
78013,35.7,26.0,5868,4713
78014,41.4,42.5,5078,3886
78015,29.1,18.4,20764,15154
78016,40.1,32.3,10530,7883
78017,40.7,36.9,5912,4312
78019,39.4,35.5,1483,1304
78021,38.0,38.4,160,126
78022,41.0,38.7,4343,3399
78023,28.8,20.2,30295,22647
78024,33.2,25.2,1083,909
78025,33.4,26.0,5146,4162
78026,41.8,35.1,6181,4579
78027,33.8,22.0,478,390
78028,34.4,28.7,40789,33854
78039,38.3,30.5,1795,1406
78040,46.1,50.4,36688,25978
78041,41.0,38.0,48491,35776
78043,44.3,44.1,43473,29979
78044,40.5,35.9,200,139
78045,37.6,29.0,65354,46298
78046,44.5,43.2,71956,47575
78050,44.9,39.9,583,424
78052,41.2,33.1,7443,5445
78055,35.4,31.6,1574,1355
78056,37.1,23.9,2116,1702
78057,39.4,33.7,1220,944
78058,32.3,22.5,1304,1072
78059,40.4,33.1,5724,4373
78061,41.6,40.9,10569,8045
78063,35.8,28.4,9302,7638
78064,40.3,31.9,15710,11611
78065,43.9,37.6,12048,8790
78066,35.5,22.6,650,495
78067,43.1,47.6,613,447
78069,40.0,36.4,5803,4212
78070,35.2,21.7,20618,16312
78071,39.3,34.2,4124,3489
78072,38.4,36.8,420,338
78073,37.9,38.9,9550,6839
78074,36.0,25.3,101,85
78075,37.7,34.9,103,75
78076,43.9,46.7,13033,8984
78101,33.6,26.2,9104,7095
78102,40.1,34.2,27289,22115
78107,37.0,30.3,309,252
78108,34.1,22.4,44079,30855
78109,34.6,27.6,52093,37329
78112,35.7,34.8,9591,6821
78113,35.8,28.0,2253,1757
78114,36.0,28.7,22178,16932
78116,33.2,26.6,218,177
78117,33.9,26.1,649,526
78118,38.4,35.4,4899,3879
78119,39.4,35.0,7048,5888
78121,33.9,22.8,15206,11336
78122,40.5,36.9,354,287
78123,36.3,29.3,2291,1865
78124,34.2,26.3,6860,5305
78125,36.0,32.2,57,51
78130,34.9,24.0,88349,66916
78132,33.4,18.8,37475,28449
78133,36.5,24.6,20787,17324
78140,40.0,36.6,3607,2578
78141,36.4,33.6,726,556
78142,36.5,29.1,119,103
78143,37.3,33.6,77,62
78145,37.4,34.8,83,62
78146,36.5,31.3,624,485
78147,38.1,31.2,1825,1349
78148,32.3,26.5,21569,16502
78151,40.1,40.1,1299,957
78152,31.3,24.6,3022,2350
78154,32.8,23.0,41533,31266
78155,36.5,31.0,51772,39893
78159,39.4,36.6,793,613
78160,37.3,30.6,4528,3503
78161,36.7,28.7,699,527
78162,37.7,28.5,301,245
78163,34.3,20.5,13960,10818
78164,36.2,32.8,3464,2728
78201,38.7,41.9,42005,33091
78202,39.3,38.6,11422,8415
78203,41.3,43.6,5872,4297
78204,35.8,35.5,11298,9074
78205,33.0,26.6,2339,2213
78207,43.0,50.8,51705,37932
78208,42.2,43.3,3874,2908
78209,28.3,21.0,42456,34128
78210,39.2,41.6,33010,25495
78211,39.6,45.6,29976,21804
78212,32.2,29.1,26738,22696
78213,35.9,35.1,40589,31129
78214,39.5,44.7,22664,16797
78215,31.2,22.8,3644,3408
78216,33.4,28.6,40172,32298
78217,34.6,30.4,33562,26222
78218,36.1,35.8,36137,27238
78219,38.8,38.8,16509,11713
78220,44.4,47.2,17749,12852
78221,37.3,39.8,39779,28948
78222,36.4,34.8,25028,17962
78223,38.6,39.8,55705,40997
78224,37.3,39.9,21759,15411
78225,39.0,43.7,12576,9602
78226,41.8,48.3,7140,5281
78227,37.9,40.0,46594,33257
78228,39.0,43.2,56369,42301
78229,34.1,32.1,33135,26560
78230,30.2,24.7,42145,34405
78231,27.7,20.3,8993,7261
78232,29.9,22.6,35397,28675
78233,33.8,29.3,49442,37852
78234,25.2,18.5,7464,5951
78235,33.8,30.8,2307,1842
78236,22.6,18.1,9869,9053
78237,42.6,50.9,36019,26171
78238,35.2,34.1,26014,19986
78239,34.4,32.3,31554,23831
78240,32.0,28.4,56112,44843
78242,40.4,44.8,33294,22971
78243,23.7,22.6,235,235
78244,35.9,30.4,35801,25629
78245,33.7,28.5,93031,65401
78247,31.7,24.7,50876,39349
78248,27.5,18.9,13825,11043
78249,30.0,24.4,56996,46602
78250,33.3,27.9,54933,41881
78251,32.9,27.3,58836,44768
78252,35.3,31.1,17156,12046
78253,31.4,23.4,66589,46818
78254,30.7,22.2,72791,50957
78255,28.3,20.2,17775,12969
78256,29.2,23.1,13643,11243
78257,27.7,19.5,12173,10003
78258,27.7,19.9,51073,37969
78259,27.9,20.1,29842,22103
78260,29.0,19.7,37037,26424
78261,29.0,19.7,26971,19309
78263,33.2,29.6,4995,4063
78264,38.1,38.7,14705,10647
78266,32.6,20.5,7534,5881
78330,39.3,31.0,780,566
78332,41.8,42.9,27152,19989
78336,40.9,34.7,12009,9500
78339,44.7,41.8,625,500
78340,37.8,33.7,341,277
78341,42.1,44.4,1420,1140
78342,43.4,46.1,318,252
78343,42.0,36.6,4405,3243
78344,44.6,44.9,278,216
78349,43.7,44.5,325,285
78351,41.7,36.9,578,417
78352,42.5,37.1,254,192
78353,43.7,48.2,377,327
78355,42.3,42.9,6982,5196
78357,37.6,35.0,2858,2090
78358,33.1,27.1,1137,1011
78359,50.5,53.9,1920,1393
78361,44.8,47.4,4842,3514
78362,39.6,30.0,10238,7536
78363,38.3,35.3,29391,22458
78368,44.6,42.2,8726,6640
78369,38.9,39.7,249,191
78370,43.8,38.3,4746,3562
78371,44.1,42.7,281,196
78372,36.7,31.7,5550,4074
78373,35.9,24.4,3134,2758
78374,38.2,28.2,20281,14861
78375,41.7,44.9,3109,2267
78376,41.0,45.2,307,244
78377,41.9,38.4,3547,2696
78379,35.9,31.7,1624,1323
78380,42.2,37.4,23386,17635
78382,35.7,30.0,19432,16201
78383,37.1,30.2,3757,3002
78384,44.9,45.1,5653,4285
78385,37.2,40.4,259,196
78387,43.9,40.2,9936,7422
78389,37.9,33.3,1535,1171
78390,43.0,40.0,5447,4153
78391,39.7,34.0,261,190
78393,37.9,33.4,2137,1699
78401,42.9,37.6,4701,4182
78402,43.0,38.5,625,547
78404,42.3,37.3,15339,12267
78405,46.5,47.2,14151,10588
78406,46.5,45.0,1185,799
78407,46.8,45.2,1649,1277
78408,45.5,43.4,11023,8094
78409,42.5,37.1,2570,1927
78410,39.5,29.6,29545,21503
78411,40.8,33.6,26150,20456
78412,37.0,27.3,38783,31176
78413,37.5,27.5,37531,29269
78414,34.7,22.6,46972,34777
78415,43.6,39.3,38722,28659
78416,44.8,43.5,14103,10665
78417,43.5,38.8,4482,3217
78418,37.3,25.7,31787,24817
78419,34.7,19.4,441,296
78501,43.3,36.3,60817,46136
78503,43.3,36.7,23604,17435
78504,39.6,27.4,56830,41457
78516,44.4,39.9,34506,23928
78520,41.0,38.6,64949,46637
78521,42.8,42.3,88708,62472
78526,38.3,31.7,55164,39073
78535,37.9,33.8,679,513
78536,42.1,39.6,322,269
78537,48.5,45.8,51962,33649
78538,46.8,43.4,12278,8248
78539,40.5,29.9,37686,27997
78541,43.8,34.9,48513,34024
78542,46.2,40.1,84678,56150
78543,43.8,36.4,7535,5280
78545,44.0,45.9,762,531
78547,38.3,38.2,413,285
78548,48.4,54.3,1296,993
78549,47.8,44.8,872,604
78550,40.4,36.7,56038,40541
78552,38.6,33.2,38474,28058
78557,43.8,36.0,13986,9807
78558,48.7,45.7,388,308
78559,41.1,38.5,12533,9181
78560,43.7,38.7,4815,3392
78561,41.9,41.9,768,581
78562,45.5,37.8,3081,2493
78563,38.8,32.7,201,157
78564,43.2,46.8,103,68
78565,47.2,45.3,319,242
78566,40.2,35.7,23704,16555
78567,41.8,41.7,544,394
78569,41.8,41.7,3821,2838
78570,47.2,43.5,32950,22308
78572,42.5,35.4,78280,57376
78573,44.5,38.0,42229,28721
78574,45.5,40.4,63627,42009
78575,35.7,27.0,5270,3878
78576,47.0,43.5,13901,8568
78577,44.8,38.4,79937,55180
78578,38.5,33.2,10076,7779
78579,47.0,42.7,2637,1777
78580,44.4,45.6,13208,10220
78582,44.6,46.3,43253,29817
78583,38.4,34.5,5869,4357
78584,46.5,50.8,19373,13823
78586,42.5,41.1,50135,34992
78588,41.7,40.1,168,132
78589,45.2,39.8,38987,27368
78590,41.9,42.4,468,352
78591,42.3,41.9,341,275
78592,41.8,44.7,765,572
78593,42.1,40.2,5541,3928
78594,42.5,45.3,1796,1374
78595,47.4,44.2,6304,4258
78596,43.0,37.0,37329,27358
78597,32.8,21.7,2479,2199
78598,40.0,39.6,319,286
78599,46.1,40.3,32500,21981
78602,39.7,29.0,33759,25931
78605,36.5,27.7,6246,4816
78606,34.2,23.6,5875,4798
78607,34.6,26.1,180,171
78608,38.3,31.0,519,445
78609,37.9,29.7,1827,1626
78610,34.5,22.7,45134,32650
78611,34.5,26.0,14839,11929
78612,41.2,33.0,16265,12047
78613,31.2,20.0,89279,65230
78614,38.8,34.2,459,366
78615,34.0,25.3,1694,1251
78616,43.7,36.6,11605,7983
78617,39.9,35.7,28832,20324
78618,33.9,27.8,256,208
78619,31.8,17.3,5819,4401
78620,31.7,17.8,20493,15432
78621,39.6,30.7,27275,19884
78622,39.3,30.8,340,266
78623,35.7,23.6,1670,1433
78624,33.0,25.8,23080,18919
78626,34.6,24.7,39935,30122
78628,32.0,21.2,40378,30908
78629,39.9,36.4,12046,8967
78631,34.8,26.3,2698,2207
78632,39.0,31.5,990,769
78633,29.4,22.6,27736,24601
78634,35.3,22.9,37951,26832
78635,37.6,27.2,110,97
78636,35.7,26.2,3894,3244
78638,36.6,28.2,2381,1868
78639,38.1,31.2,8365,6824
78640,36.8,26.3,64539,46590
78641,32.3,20.7,83426,59793
78642,33.4,21.1,20385,14555
78643,36.1,27.9,6453,5407
78644,42.0,32.4,20813,15699
78645,30.3,19.3,14051,11600
78648,41.3,33.1,8167,6099
78650,41.3,32.6,1918,1452
78652,30.2,18.3,5831,4715
78653,34.0,23.8,31167,22094
78654,35.5,28.0,19698,15564
78655,44.3,38.9,2910,2256
78656,43.1,34.4,2596,1964
78657,33.1,23.1,6531,5609
78658,37.3,29.4,69,61
78659,39.1,27.7,3911,3093
78660,31.2,21.1,110955,81919
78661,39.5,28.3,304,237
78662,41.1,31.8,2890,2162
78663,33.8,22.8,815,693
78664,35.7,26.0,60287,45031
78665,33.1,21.7,61577,44605
78666,34.4,26.0,86584,72242
78669,29.6,17.5,12415,9793
78670,35.8,29.0,106,97
78671,34.1,28.2,624,533
78672,34.6,25.9,984,842
78674,35.4,26.7,287,177
78675,36.1,28.0,178,153
78676,33.4,22.2,14713,11995
78681,31.7,20.5,57503,41384
78701,28.6,16.1,11625,11202
78702,31.4,19.7,25910,22281
78703,26.1,12.9,22194,18297
78704,28.1,15.2,49197,43016
78705,26.2,23.9,36535,33982
78712,33.9,26.7,351,334
78717,28.1,18.8,36987,26632
78719,36.0,33.3,2004,1450
78721,34.0,23.1,11316,8958
78722,29.9,16.9,6618,5775
78723,32.0,20.6,34522,27834
78724,37.0,29.6,29680,20454
78725,34.1,23.2,10301,7620
78726,27.7,16.8,15618,11921
78727,26.8,16.8,29928,24335
78728,31.5,20.6,25555,20282
78729,31.1,18.9,31829,25716
78730,26.7,14.7,9403,7349
78731,25.9,14.6,27240,21985
78732,26.6,14.9,19128,13221
78733,25.8,14.1,9347,6596
78734,28.6,17.7,22963,18366
78735,27.1,15.7,20983,17081
78736,29.0,17.5,10165,8257
78737,30.3,16.4,20996,15043
78738,26.4,14.6,29529,21175
78739,26.3,13.8,21854,14661
78741,33.0,24.1,49344,41137
78742,41.2,40.1,964,704
78744,34.6,27.6,51048,38209
78745,30.8,19.5,59843,50855
78746,25.4,13.2,29106,21586
78747,33.2,23.7,21891,16618
78748,30.1,18.4,55226,44456
78749,27.6,15.8,35239,27659
78750,27.9,17.5,28348,21900
78751,26.5,14.7,17071,15525
78752,35.2,26.9,19289,15596
78753,34.7,28.0,58761,44149
78754,31.3,23.2,27020,20901
78756,29.5,15.8,8426,7163
78757,29.0,16.6,23847,19226
78758,33.3,25.2,49831,40187
78759,26.2,15.2,42333,34756
78801,40.6,35.5,21051,15719
78827,47.2,54.3,863,664
78828,37.2,35.7,158,131
78829,50.7,57.0,858,657
78830,46.6,53.0,509,363
78832,37.0,32.0,3127,2572
78833,38.0,35.6,817,671
78834,47.5,49.7,7061,5137
78836,47.5,54.7,85,77
78837,37.0,30.4,216,187
78838,39.0,32.1,264,227
78839,48.3,49.9,7364,5216
78840,38.1,37.3,47147,34573
78843,19.5,11.1,168,167
78850,40.4,30.1,1075,871
78852,44.2,43.0,56712,40055
78860,42.0,43.0,237,172
78861,41.2,33.0,13298,10528
78870,39.9,31.8,868,642
78872,43.9,41.0,1491,1080
78873,37.3,34.3,1559,1301
78877,41.0,40.2,936,700
78879,37.7,34.7,307,252
78880,38.4,37.0,1254,992
78881,40.0,34.3,1853,1441
78883,35.1,29.9,257,226
78884,36.6,32.6,949,819
78885,36.0,30.3,129,108
78886,40.1,32.6,463,363
78931,30.5,21.4,231,183
78932,34.2,25.3,897,723
78933,34.0,26.9,1531,1237
78934,35.9,29.7,6770,5351
78935,36.2,29.2,922,753
78938,34.7,25.1,289,231
78940,32.6,24.7,1974,1668
78941,35.2,28.1,3006,2350
78942,41.3,35.3,8973,6644
78943,40.3,35.3,439,288
78944,33.4,23.2,532,439
78945,33.4,25.4,10483,8168
78946,38.6,29.6,1093,864
78947,37.2,26.3,4828,3671
78948,39.4,31.5,912,741
78949,34.1,26.4,529,450
78950,32.5,23.3,2151,1776
78951,36.8,29.4,78,61
78953,39.5,29.2,1350,1039
78954,33.7,27.0,1144,1005
78956,36.2,31.1,5161,4108
78957,39.8,29.5,10214,8040
78959,40.0,35.7,1723,1323
78962,35.3,28.9,4617,3658
78963,33.0,22.5,988,766
79001,36.0,29.0,218,161
79003,36.9,29.8,166,123
79005,37.8,32.4,1693,1207
79007,35.6,29.3,13819,10130
79009,39.5,37.1,1931,1349
79010,36.3,23.8,506,268
79011,35.2,29.3,253,197
79013,44.4,49.8,2995,2035
79014,33.5,25.4,3281,2324
79015,33.5,21.6,21710,16801
79016,24.6,16.0,668,661
79018,33.9,26.1,508,377
79019,33.2,24.7,1713,1315
79021,36.1,35.6,80,55
79022,37.9,32.1,10835,8052
79024,36.0,30.9,388,313
79025,33.6,40.3,73,55
79027,37.1,32.6,4899,3460
79029,38.0,34.2,16230,11413
79031,41.7,40.2,1188,852
79032,35.6,31.8,125,96
79033,39.1,31.4,97,72
79034,36.2,28.7,521,404
79035,35.6,32.2,5266,3692
79036,34.6,26.7,4643,3661
79039,35.2,26.7,772,588
79040,37.2,31.0,1685,1232
79041,38.2,37.6,2880,2157
79042,35.4,27.0,1190,872
79043,43.8,42.9,1278,968
79044,34.2,26.1,517,359
79045,40.6,39.6,18621,12961
79046,34.9,27.8,451,358
79052,42.8,41.4,1102,829
79053,36.6,32.4,92,84
79054,35.6,28.0,505,373
79056,34.5,28.3,93,72
79057,34.8,30.4,966,759
79059,33.8,23.4,764,574
79061,36.7,30.9,275,219
79062,37.0,29.4,227,161
79063,37.6,32.0,667,476
79064,39.8,37.1,2456,1751
79065,38.3,31.7,19750,14966
79068,33.2,22.7,3054,2286
79070,39.8,33.5,9671,6758
79072,39.4,37.0,25590,19032
79078,35.7,30.1,333,278
79079,36.7,30.3,2461,1857
79080,36.0,27.3,528,407
79081,37.1,31.4,3742,2656
79082,40.0,37.0,342,236
79083,36.0,27.3,2321,1744
79084,35.8,28.5,2236,1577
79086,36.9,31.2,2122,1493
79087,35.2,28.0,720,517
79088,40.4,36.7,5331,4047
79091,34.7,20.9,117,84
79092,35.7,29.0,1121,870
79095,38.9,32.8,2293,1717
79096,38.0,32.1,2033,1523
79097,35.6,26.8,1093,838
79098,36.5,29.9,526,383
79101,39.1,38.1,2307,1964
79102,42.2,36.1,9252,6925
79103,42.4,36.7,10532,7438
79104,43.9,40.1,7166,5117
79106,39.6,31.0,27692,21187
79107,46.1,43.3,37480,27172
79108,39.7,30.5,12117,9248
79109,35.5,24.1,42509,32838
79110,36.9,26.4,18285,13511
79111,41.1,32.9,1612,1130
79118,35.9,24.2,27608,20259
79119,32.5,19.1,21147,16090
79121,33.6,22.1,6601,5313
79124,34.4,22.4,11585,8973
79201,36.2,29.2,6702,5353
79220,37.9,33.0,115,88
79225,38.0,31.7,774,596
79226,34.8,28.8,2858,2270
79227,39.5,35.5,1143,932
79229,37.9,31.9,361,281
79230,37.9,33.5,149,101
79233,40.2,35.1,146,109
79234,35.2,29.9,96,76
79235,40.2,37.7,3296,2378
79236,38.9,30.1,202,143
79237,35.3,28.6,405,322
79239,38.3,34.6,103,85
79240,35.0,29.6,62,53
79241,38.0,35.5,2014,1490
79243,38.1,32.5,81,60
79244,34.6,28.9,649,503
79245,39.4,34.5,2192,1693
79248,39.7,35.0,1367,1083
79250,37.9,34.0,1281,960
79251,38.7,32.0,59,50
79252,37.6,30.9,2847,2201
79255,40.1,34.3,477,353
79256,35.1,28.5,287,234
79257,38.6,34.3,948,748
79261,39.1,34.0,384,313
79311,34.4,27.8,3479,2498
79312,41.5,38.5,934,700
79313,36.9,33.0,1394,1044
79316,41.6,38.5,10619,7730
79322,40.9,38.2,1720,1288
79323,37.2,32.2,6541,4647
79325,37.8,34.5,2283,1709
79329,36.2,29.1,3214,2290
79330,35.6,32.2,169,153
79331,40.1,37.8,11825,9016
79336,36.7,33.9,15953,11776
79339,40.8,36.5,6744,4988
79342,37.2,33.2,322,230
79343,41.5,38.1,1325,955
79345,39.2,33.3,857,620
79346,42.6,42.4,2095,1493
79347,38.8,35.9,7169,5031
79350,36.6,30.7,341,244
79351,37.2,33.1,1061,787
79355,40.6,36.0,1867,1340
79356,41.5,37.6,5695,4676
79357,39.2,35.4,1972,1445
79358,33.8,27.5,1335,1014
79359,38.5,35.2,2800,1991
79360,35.5,30.7,17803,11436
79363,34.0,24.4,6259,4406
79364,39.4,35.2,7985,5909
79366,31.8,22.4,1189,948
79367,33.9,28.7,594,450
79369,41.5,38.4,83,59
79370,38.5,33.0,1417,1121
79371,40.6,36.8,1331,933
79372,35.6,30.4,1247,865
79373,40.2,35.2,3068,2181
79377,34.4,30.3,276,172
79378,38.7,31.8,241,156
79379,42.4,40.8,448,313
79380,35.7,28.8,119,92
79381,37.6,29.0,1297,910
79382,34.4,24.2,8449,6097
79383,35.8,32.2,75,65
79401,35.4,30.4,8775,7888
79403,43.9,41.2,15604,11512
79404,43.4,39.6,9956,7594
79406,25.5,22.4,6848,6582
79407,34.3,25.7,23208,18267
79410,34.1,25.6,8615,6949
79411,41.1,36.8,7297,5577
79412,42.0,38.8,14834,10746
79413,35.8,28.6,20962,15881
79414,37.1,29.8,17537,13261
79415,40.1,39.4,17499,13750
79416,34.9,27.1,36251,27947
79423,34.8,24.6,42311,31188
79424,32.3,21.8,53479,40545
79501,37.7,30.9,3594,2769
79502,36.0,31.9,1087,870
79503,39.7,34.4,224,183
79504,36.7,28.6,2980,2351
79505,36.7,32.0,223,166
79506,36.2,30.1,653,545
79508,31.7,20.5,1256,942
79510,36.0,25.7,7985,6200
79511,35.1,27.5,1182,855
79512,39.1,32.2,7974,6422
79517,34.4,24.8,212,153
79518,32.8,24.0,107,91
79519,35.8,27.5,70,56
79520,37.5,30.1,2169,1653
79521,35.3,30.4,3672,2956
79525,35.7,26.2,2902,2187
79526,39.9,34.9,1071,824
79527,35.9,26.2,360,275
79528,31.7,25.3,595,472
79529,38.6,33.7,1272,963
79530,34.8,25.9,587,450
79532,38.1,33.3,796,632
79533,35.4,26.5,417,312
79534,35.2,26.6,208,162
79535,36.9,28.2,165,137
79536,36.5,29.1,5133,3897
79537,35.0,30.0,69,55
79538,36.0,29.1,243,219
79539,39.0,36.5,151,131
79540,35.3,33.0,101,82
79541,35.0,25.9,943,681
79543,35.0,26.5,1005,753
79544,38.7,35.8,434,330
79545,36.4,29.8,1772,1251
79546,37.1,31.5,1798,1431
79547,38.8,35.7,666,521
79548,38.2,35.9,165,139
79549,38.2,30.9,15456,11539
79553,42.8,39.4,3202,2398
79556,40.8,36.6,12644,9512
79560,33.6,27.5,143,104
79561,35.7,28.1,674,498
79562,32.7,21.3,5264,3824
79563,37.4,31.3,1152,893
79565,38.6,32.0,252,182
79566,32.4,27.5,245,201
79567,38.7,35.8,3113,2382
79601,35.6,27.7,26515,22487
79602,34.7,24.9,25389,18955
79603,39.9,35.0,23746,17312
79605,35.0,27.6,30239,22874
79606,31.7,22.2,27818,21526
79607,31.6,18.3,2983,1888
79699,24.6,18.0,169,164
79701,40.8,36.2,29748,21380
79703,36.5,28.3,21205,15372
79705,34.4,23.6,44138,32213
79706,35.4,25.7,31805,22004
79707,33.9,23.6,37632,27987
79713,34.8,28.9,592,420
79714,36.2,30.9,18588,12939
79718,41.3,45.6,668,535
79719,38.5,38.6,300,228
79720,38.6,32.8,31948,24318
79721,44.7,40.0,1660,1660
79730,40.1,39.5,218,168
79731,39.6,36.1,4496,3199
79733,35.7,24.3,225,156
79734,38.4,32.9,1811,1557
79735,40.7,38.2,13088,10069
79738,33.6,24.4,295,216
79739,33.8,23.8,885,643
79741,39.4,32.9,298,225
79742,37.6,35.0,457,338
79743,41.0,36.6,324,215
79744,41.0,37.3,1164,831
79745,37.7,33.6,6857,4941
79748,37.2,29.0,103,77
79749,35.4,27.7,379,245
79752,43.9,42.4,2226,1632
79755,39.9,30.6,160,114
79756,37.9,33.9,10318,7508
79758,36.0,23.6,2898,2162
79759,40.6,35.0,81,57
79761,40.3,33.3,30187,22437
79762,37.9,27.8,40253,30029
79763,42.5,37.5,39767,28409
79764,40.4,33.4,26271,18641
79765,36.3,24.9,21163,14690
79766,40.4,34.7,9688,7018
79772,41.5,41.3,13867,10922
79777,38.4,37.0,105,81
79778,37.5,29.6,892,671
79780,41.5,45.4,101,76
79781,39.9,35.8,222,185
79782,35.7,29.6,4641,3321
79783,34.5,27.5,142,87
79785,38.6,45.4,68,57
79788,37.4,33.0,438,309
79789,36.8,29.0,927,656
79821,35.6,35.5,6416,4846
79830,33.7,25.2,7621,6135
79832,23.2,17.2,471,458
79834,32.5,20.2,150,138
79835,34.9,36.4,12456,9182
79836,37.7,41.8,7217,5067
79837,40.4,40.3,389,334
79838,35.9,41.1,7895,5738
79839,42.1,45.8,1113,798
79842,32.3,24.5,445,376
79843,40.1,36.5,2275,1868
79845,44.6,49.5,3717,2698
79847,40.6,39.4,151,131
79848,34.5,26.7,696,558
79849,38.3,43.4,14310,10070
79851,36.9,32.8,1339,1252
79852,32.6,23.0,712,613
79853,37.8,44.4,3638,2522
79854,38.8,35.0,163,139
79855,40.8,41.0,2071,1623
79901,43.8,57.1,10027,7853
79902,33.0,33.2,20071,16834
79903,36.9,42.2,16425,13373
79904,36.9,39.7,31491,23194
79905,41.3,52.8,22483,16862
79906,32.5,25.3,5336,3091
79907,37.2,42.9,50971,38960
79908,32.5,22.9,3583,1882
79911,29.1,22.6,8023,5788
79912,30.2,26.1,78652,61771
79915,37.9,46.2,35234,27140
79916,24.4,23.0,3800,3713
79918,22.4,17.8,362,344
79922,28.6,23.7,8133,6376
79924,33.9,34.3,58721,44237
79925,32.6,32.8,38422,30744
79927,35.7,39.2,40290,29587
79928,34.4,31.7,78971,52952
79930,37.4,42.4,24553,19520
79932,31.3,27.5,29996,22060
79934,31.0,24.4,29386,20645
79935,34.2,35.2,17534,13489
79936,33.0,31.1,105150,80995
79938,32.1,27.7,96353,66305
80002,24.8,14.9,20267,16474
80003,26.0,16.8,36258,28686
80004,23.0,14.0,36076,29151
80005,22.4,12.2,28742,22599
80007,21.7,10.4,17997,13096
80010,35.1,29.6,42303,30746
80011,33.4,27.5,54254,39327
80012,30.0,23.7,49897,38221
80013,27.7,20.0,75099,56866
80014,25.2,18.9,41711,34450
80015,24.9,15.7,71466,52706
80016,23.6,14.4,65406,47402
80017,29.6,22.5,37637,28298
80018,26.8,17.1,16106,11368
80019,33.8,20.3,3865,2815
80020,23.0,13.9,52141,41115
80021,22.1,11.9,36176,30347
80022,35.3,26.2,57432,40167
80023,22.9,12.9,25964,19044
80024,34.4,26.8,170,123
80025,16.4,8.4,212,178
80026,17.4,11.9,32318,24996
80027,15.9,9.9,34413,26369
80030,33.9,25.4,15885,12346
80031,29.7,19.1,37254,29561
80033,24.3,15.6,26618,22184
80045,31.1,20.7,1278,1208
80101,27.2,20.1,415,315
80102,31.0,20.6,6520,4906
80103,29.1,20.4,2704,2018
80104,26.6,14.4,34727,25927
80105,27.7,20.0,1771,1312
80106,26.7,17.1,4547,3655
80107,24.8,15.6,13766,10737
80108,25.9,13.5,32188,23480
80109,27.0,14.1,27148,19109
80110,27.2,19.5,23279,18875
80111,21.9,12.7,32672,24702
80112,23.2,13.4,35713,28009
80113,24.4,15.3,22821,18820
80116,26.2,14.4,4716,3757
80117,25.2,16.6,2751,2181
80118,25.6,13.5,6057,5024
80120,24.7,15.8,29445,23866
80121,23.2,14.3,18176,14400
80122,23.0,13.6,32336,25107
80123,22.3,14.6,47302,38185
80124,24.5,13.0,22541,17914
80125,26.3,13.4,12482,9471
80126,24.8,12.6,44221,32253
80127,22.1,11.2,44776,34864
80128,22.8,12.4,36699,28805
80129,24.7,13.4,29703,22776
80130,24.7,13.4,27250,19722
80131,25.2,12.5,243,193
80132,26.1,15.0,27533,20712
80133,26.8,16.4,2520,2004
80134,25.5,13.5,76369,55433
80135,26.8,15.5,4100,3414
80136,31.5,20.1,6028,4497
80137,29.2,19.1,1250,955
80138,26.2,15.0,34337,25848
80202,18.7,11.9,19606,19066
80203,19.3,12.1,22883,22139
80204,23.4,20.3,35269,28741
80205,23.1,16.8,34967,29481
80206,19.5,12.5,26108,23128
80207,22.9,17.1,21170,16435
80209,18.1,11.1,27061,23617
80210,18.2,12.0,39394,32933
80211,19.4,13.0,37940,32747
80212,21.3,14.3,20397,17121
80214,25.8,16.9,26493,22029
80215,23.8,14.5,19908,16335
80216,24.6,23.6,15915,12945
80218,19.1,11.6,19484,18051
80219,26.2,29.7,61585,45453
80220,20.8,14.9,37233,29424
80221,32.2,24.2,42224,32456
80222,20.8,15.6,22381,18735
80223,22.8,20.7,19862,15904
80224,21.4,17.2,19199,15476
80226,24.0,16.2,33142,27131
80227,22.9,15.5,35567,28922
80228,22.3,12.2,34836,28450
80229,34.1,25.2,54153,39912
80230,19.5,12.6,9898,7616
80231,24.7,18.6,36014,29224
80232,23.7,16.1,22240,18002
80233,32.5,21.5,48050,36853
80234,30.2,18.3,29660,23175
80235,23.0,16.3,8639,7009
80236,22.7,22.0,16565,12986
80237,19.9,14.8,23108,19589
80238,19.6,11.9,28937,19334
80239,26.0,25.6,46177,32900
80241,30.3,18.0,33097,25444
80246,21.7,14.1,13265,11675
80247,26.2,20.8,29181,23898
80249,23.9,20.7,36794,25938
80260,36.3,29.4,36691,26406
80290,16.6,9.3,446,445
80301,16.7,10.9,25944,21698
80302,17.5,14.1,27322,24854
80303,16.9,13.5,25328,22370
80304,16.9,11.1,27532,22062
80305,15.9,9.9,17283,14234
80310,12.1,10.7,8281,8249
80401,22.7,12.8,41913,35026
80403,21.7,10.9,21335,16849
80420,24.5,15.0,927,785
80421,23.3,15.1,8179,6713
80422,25.9,16.0,4037,3410
80423,25.2,17.8,137,113
80424,23.8,14.1,10474,8852
80425,22.3,12.9,273,241
80426,23.3,17.7,75,71
80427,24.2,15.7,1051,910
80428,26.1,17.8,706,556
80430,29.3,25.7,91,85
80432,22.7,14.0,631,574
80433,23.1,11.4,8209,6648
80435,26.0,16.9,8344,6848
80436,26.9,18.5,541,467
80438,26.6,18.4,534,447
80439,22.1,11.1,24711,19710
80440,23.7,14.4,2564,2119
80442,25.4,17.2,2537,2214
80443,22.6,13.2,4170,3624
80444,26.4,18.6,1171,1012
80446,23.6,14.9,3998,3206
80447,23.0,15.3,2020,1799
80448,22.0,15.2,204,164
80449,25.2,18.8,1134,988
80451,23.8,14.9,755,615
80452,24.6,15.2,3313,2828
80453,21.7,10.3,259,229
80454,23.5,12.2,1437,1145
80455,16.9,10.1,517,437
80456,22.4,14.0,651,583
80457,22.1,9.8,728,583
80459,26.1,19.6,2454,1930
80461,23.6,16.3,7196,5682
80463,24.0,15.9,133,100
80465,23.1,12.4,16196,12904
80466,18.3,11.5,3332,2828
80467,23.3,14.1,2302,1908
80468,26.2,19.9,341,267
80469,23.9,14.7,318,264
80470,23.1,13.0,3684,3016
80473,29.6,25.2,60,55
80474,26.9,16.6,203,167
80475,21.7,15.2,230,191
80476,26.1,18.3,239,198
80478,23.4,14.6,1498,1237
80480,29.9,24.8,1172,954
80481,16.8,10.0,544,474
80482,24.5,16.5,1755,1544
80483,22.0,13.2,576,454
80487,23.6,14.7,18209,14790
80498,24.7,15.7,8405,6788
80501,19.4,16.1,42822,33825
80503,16.7,11.7,35863,28514
80504,24.4,15.2,60183,45179
80510,17.3,12.0,439,386
80512,23.5,12.4,2056,1756
80513,24.4,13.7,15824,12313
80514,33.5,20.5,6350,4618
80515,24.3,14.1,845,727
80516,24.7,12.1,34376,24339
80517,23.8,14.9,9720,8307
80520,35.0,22.4,1933,1478
80521,24.5,16.7,37451,33566
80524,25.2,15.5,39030,31498
80525,23.0,12.8,55901,45228
80526,23.9,13.6,45624,36662
80528,22.7,12.1,23660,17316
80530,33.1,18.7,5428,4089
80532,23.6,15.3,214,183
80534,29.5,15.5,18785,13934
80535,26.0,16.0,2543,2126
80536,24.2,14.2,2023,1727
80537,24.9,16.0,43603,35455
80538,24.1,14.8,49084,39319
80540,19.5,11.5,4710,3849
80542,31.3,16.0,4841,3540
80543,33.5,18.4,8696,6159
80544,16.9,11.8,138,115
80545,24.6,14.1,1051,950
80546,30.9,14.2,306,212
80547,22.3,10.4,6536,4292
80549,25.3,14.0,13530,9735
80550,29.9,14.9,38909,28295
80601,33.4,22.7,40460,29609
80602,29.9,16.8,43375,31164
80603,34.6,21.6,16078,11475
80610,33.8,20.2,3570,2683
80611,36.0,22.8,868,635
80612,34.1,22.0,669,498
80615,32.3,17.8,9486,6943
80620,35.8,24.6,20975,15100
80621,36.7,26.2,13343,9896
80622,37.3,20.7,121,92
80623,36.0,25.3,999,739
80624,36.2,21.6,968,749
80631,37.3,28.8,52336,38898
80634,33.4,21.2,65980,49863
80640,32.0,20.2,13106,9388
80642,34.3,21.6,4139,3224
80643,34.6,21.9,3599,2774
80644,34.5,21.2,3006,2254
80645,35.8,24.1,4245,3193
80648,37.2,22.5,1261,952
80649,32.1,22.0,397,311
80650,34.8,20.7,1884,1362
80651,34.2,21.2,4987,3720
80652,35.0,22.1,563,417
80653,31.7,21.2,757,584
80654,29.8,18.7,3230,2342
80701,32.4,24.4,16101,11661
80705,33.4,26.4,985,716
80720,26.1,19.3,2623,2068
80721,30.3,24.0,155,119
80722,29.4,22.6,370,295
80723,30.4,23.1,7092,5379
80726,27.7,19.5,406,311
80727,29.5,24.3,439,316
80728,28.7,22.9,892,671
80729,34.7,23.1,533,424
80731,28.1,21.6,1526,1137
80733,28.2,17.7,564,423
80734,29.3,25.3,3087,2293
80735,26.9,19.0,467,305
80736,28.4,20.9,619,483
80737,28.1,23.1,1615,1284
80740,26.0,21.3,101,79
80741,29.5,21.2,903,686
80742,35.0,22.5,329,221
80743,27.6,21.1,1119,818
80744,28.5,23.1,433,347
80745,28.5,21.0,117,90
80747,27.4,19.0,488,371
80749,28.7,21.5,344,279
80750,32.1,21.6,391,292
80751,30.1,23.6,17702,14508
80754,35.4,24.3,157,127
80755,27.0,18.9,176,132
80757,28.3,20.3,185,134
80758,26.3,19.2,3784,2788
80759,30.4,25.8,4590,3364
80801,27.8,21.1,151,124
80802,29.8,19.7,234,174
80804,30.7,23.3,357,270
80805,30.7,22.9,416,312
80807,29.8,22.8,4232,3123
80808,29.5,20.6,6990,5300
80809,26.9,17.2,1525,1277
80810,28.5,21.4,1038,823
80812,26.4,21.6,191,159
80813,25.3,18.9,1961,1671
80814,24.9,17.5,3890,3224
80815,29.2,23.1,890,710
80816,24.6,17.3,5794,4976
80817,30.1,20.1,31621,22412
80818,29.5,23.4,386,294
80819,27.1,17.7,800,701
80820,26.4,20.4,780,708
80821,29.7,23.2,1115,838
80822,30.7,25.6,247,199
80823,31.0,22.3,199,149
80824,28.6,25.1,185,152
80825,29.6,20.4,399,286
80826,32.2,20.6,904,904
80827,25.4,19.0,826,729
80828,28.4,22.5,2603,1930
80829,27.4,17.1,5343,4624
80830,26.1,19.7,238,187
80831,27.9,16.4,32823,23348
80832,27.9,20.0,877,661
80833,31.2,24.6,784,598
80834,30.0,22.6,330,256
80835,26.5,19.0,870,675
80836,29.8,22.3,1116,832
80840,25.4,19.3,6609,5769
80860,26.1,18.9,547,458
80861,29.1,22.6,258,200
80863,24.0,16.3,12738,10392
80864,32.0,23.5,1495,1141
80902,29.8,19.1,10926,6172
80903,29.3,20.0,15944,13917
80904,27.6,19.1,20986,18165
80905,30.8,22.6,17592,14235
80906,27.4,18.9,39019,31018
80907,28.9,20.6,28806,24054
80908,26.0,14.8,22811,16948
80909,30.4,22.7,37302,29817
80910,32.3,25.7,30991,23552
80911,30.5,22.0,34577,25756
80913,18.6,11.3,7384,7337
80914,17.4,10.5,696,686
80915,31.0,23.1,22548,17131
80916,32.8,25.7,39990,28444
80917,28.5,19.8,30513,24399
80918,28.1,19.1,47453,37767
80919,25.8,15.4,28909,23009
80920,26.2,15.7,39540,29772
80921,24.8,14.1,25158,18819
80922,27.7,17.5,29392,21606
80923,27.2,16.4,31849,23634
80924,25.3,13.3,15058,10236
80925,28.9,17.2,15061,10216
80926,27.2,17.7,1517,1256
80927,27.4,15.2,7373,4906
80928,31.7,22.1,1129,877
80929,29.0,19.6,503,378
80930,28.4,17.8,1527,1066
80938,27.6,16.6,421,316
80951,28.3,16.6,4588,3151
81001,34.1,30.7,31107,23588
81003,36.9,34.2,15169,12117
81004,35.5,31.8,26005,20111
81005,30.4,25.4,31327,24696
81006,32.1,26.7,11653,9213
81007,29.4,21.4,33263,25384
81008,30.3,24.7,11868,9476
81019,30.3,22.9,2022,1610
81020,34.5,29.9,890,763
81022,32.2,25.5,1463,1138
81023,29.7,22.2,1339,1126
81024,33.8,27.8,277,239
81025,32.5,27.9,950,785
81027,28.8,22.7,110,80
81029,29.3,25.2,329,252
81030,30.0,19.3,173,131
81033,31.3,27.3,182,149
81036,27.4,21.4,991,759
81039,31.7,23.4,1971,1566
81040,26.9,19.4,448,392
81041,31.8,30.4,603,440
81044,33.9,26.7,273,196
81045,27.8,21.8,141,104
81047,29.0,26.5,1577,1157
81049,28.8,23.0,202,167
81050,33.9,26.4,9924,7512
81052,29.6,26.6,9142,6854
81054,36.7,33.5,4823,4119
81055,25.4,19.1,1489,1301
81057,32.6,25.6,355,268
81058,31.8,22.7,844,674
81059,29.8,22.9,125,99
81062,34.0,26.4,2536,2348
81063,31.4,24.8,2724,2391
81064,28.8,23.6,251,191
81067,38.1,33.3,5521,4243
81069,29.6,22.4,1944,1575
81071,26.8,20.2,303,226
81073,29.6,26.2,1817,1433
81076,32.5,30.5,416,339
81077,33.5,24.2,619,495
81081,30.2,23.5,85,68
81082,32.9,25.9,12026,9878
81084,29.6,24.3,116,109
81087,30.3,25.9,135,90
81089,29.1,26.5,4656,3841
81090,29.5,26.1,875,688
81091,33.1,27.3,786,701
81092,27.6,20.6,866,664
81101,31.1,24.4,15657,11946
81120,32.0,29.7,2063,1640
81121,30.1,24.9,284,237
81122,21.9,17.3,9808,7718
81123,30.8,26.5,727,573
81124,31.8,29.7,174,133
81125,31.0,28.8,2989,2160
81126,33.4,32.9,239,213
81128,28.0,21.5,110,90
81129,31.8,27.8,78,63
81130,25.5,17.3,800,721
81131,27.6,21.9,1510,1309
81132,27.4,21.9,2977,2401
81133,30.8,27.0,1009,842
81136,29.6,21.6,190,158
81137,23.9,20.3,5094,3862
81138,31.8,28.9,62,56
81140,29.5,25.3,2154,1596
81141,30.1,26.7,1226,884
81143,27.8,21.7,818,709
81144,29.2,26.2,7347,5495
81146,29.9,21.4,547,429
81147,27.6,19.5,12615,10327
81148,31.1,28.3,302,220
81149,27.5,23.1,829,701
81151,29.9,23.7,1527,1073
81152,32.4,31.7,1294,1054
81154,24.4,16.9,1302,1139
81155,28.4,23.1,189,168
81201,25.2,17.0,9128,7651
81210,24.5,15.2,315,264
81211,27.4,20.5,8224,7004
81212,30.8,23.4,31643,26426
81220,25.7,17.2,225,197
81221,31.1,24.0,334,263
81222,30.5,23.8,333,300
81223,29.5,21.9,2190,1908
81224,23.4,11.4,3941,3176
81225,23.3,11.1,1074,920
81226,32.6,24.6,8585,7426
81230,24.5,15.7,10598,8792
81233,30.6,23.6,881,764
81235,24.2,14.8,728,601
81236,25.3,18.5,1161,1045
81237,25.8,17.3,86,80
81240,29.0,20.2,4366,3598
81241,25.4,17.3,132,104
81242,24.4,15.3,1032,836
81243,25.0,16.4,110,97
81244,31.0,24.6,468,391
81248,27.4,19.0,56,55
81251,25.5,22.3,240,202
81252,26.4,19.1,4252,3627
81253,29.1,22.5,339,267
81301,20.3,15.1,30760,25602
81303,21.4,16.5,8027,6517
81320,28.0,22.1,380,307
81321,28.5,22.7,14402,11241
81323,28.0,21.4,4554,3744
81324,27.5,21.6,1602,1329
81325,28.7,20.9,170,135
81326,20.9,16.8,2545,2050
81327,27.5,20.3,588,475
81328,26.8,18.3,4387,3652
81331,26.8,19.8,512,417
81332,28.4,20.2,296,251
81334,38.8,32.6,1461,982
81335,25.6,22.6,86,71
81401,27.5,21.5,23266,18302
81403,27.5,20.6,11987,9534
81410,25.6,22.0,1780,1446
81413,26.2,22.8,5271,4474
81415,25.7,20.2,1674,1360
81416,28.0,24.8,14304,11058
81418,25.6,21.8,1645,1332
81419,26.6,21.2,3681,2962
81422,30.4,24.7,539,440
81423,29.5,20.3,1409,1131
81424,30.2,25.0,1014,837
81425,28.1,22.4,5120,3927
81426,25.1,11.5,238,167
81427,23.8,14.9,1099,938
81428,26.7,20.4,3635,2985
81429,30.8,26.4,108,84
81430,25.2,12.4,836,651
81431,31.0,24.3,377,326
81432,23.7,15.2,3061,2610
81433,26.6,17.0,652,553
81434,25.3,16.9,158,130
81435,25.6,13.0,5499,4515
81501,30.5,21.5,23935,20255
81503,31.3,21.4,16121,12735
81504,31.7,22.3,31150,23742
81505,28.0,17.6,11791,9271
81506,26.6,18.3,11412,9445
81507,26.8,15.3,16053,12935
81520,32.9,24.9,14042,10454
81521,28.7,18.0,16446,12315
81522,30.2,18.0,107,97
81523,30.2,18.8,892,729
81524,28.8,17.5,2357,1791
81525,28.4,16.9,1058,786
81526,29.4,19.8,5216,4329
81527,30.2,18.7,2034,1692
81601,23.5,17.7,16484,12748
81610,33.2,29.8,350,293
81611,20.9,13.0,9637,8141
81612,22.4,14.6,79,64
81615,19.5,11.6,3083,2541
81620,25.0,15.8,10038,8056
81621,22.8,14.7,6034,4879
81623,23.4,16.2,16110,12654
81624,31.0,21.1,1196,942
81625,28.4,21.7,12560,9391
81630,30.1,20.6,1019,804
81631,24.9,15.9,9017,6616
81632,23.9,15.3,11343,8745
81635,25.6,21.3,7185,5229
81637,26.4,20.4,9845,7072
81638,31.0,27.1,166,134
81639,26.2,18.3,2498,1922
81640,33.1,30.5,204,170
81641,26.6,18.6,3772,2825
81642,21.1,16.4,87,64
81643,31.4,21.8,751,640
81645,23.5,14.3,1033,860
81646,30.8,20.8,189,153
81647,23.8,16.9,7445,5484
81648,26.2,18.4,2677,1998
81649,24.0,15.3,314,254
81650,24.6,20.2,14336,10323
81652,25.0,19.1,5801,4173
81653,24.7,21.4,85,62
81654,21.5,14.7,1249,1051
81655,28.2,22.1,290,228
81656,22.8,15.4,422,342
81657,21.3,11.6,5114,4537
82001,33.9,27.4,37528,28816
82005,22.1,17.3,539,508
82007,38.0,34.7,21249,15944
82009,32.2,24.8,35700,27726
82050,32.5,25.1,366,268
82052,26.8,16.7,64,53
82053,33.7,25.8,1513,1159
82054,34.6,28.2,1132,809
82055,26.4,17.6,284,251
82059,33.2,25.9,212,165
82060,32.1,22.6,420,307
82063,25.2,15.5,122,108
82070,28.4,18.5,20308,16822
82072,27.7,18.4,15719,13125
82073,26.5,18.3,55,52
82081,32.4,24.5,74,55
82082,34.1,27.9,1764,1370
82083,30.1,20.6,334,266
82084,27.9,16.0,89,88
82190,32.7,23.3,392,320
82201,36.2,29.3,6395,5115
82210,34.7,27.2,329,269
82212,35.6,25.6,441,369
82213,36.3,28.0,591,485
82214,35.9,28.2,1270,1001
82215,36.8,28.3,159,138
82217,36.4,23.2,90,59
82219,32.6,23.2,76,69
82221,32.7,22.6,532,424
82222,35.2,29.9,127,104
82223,34.7,23.6,896,726
82225,36.6,29.8,2077,1715
82227,36.7,30.2,154,130
82240,37.9,28.4,9689,7729
82242,33.3,28.7,87,68
82243,37.0,25.2,187,146
82244,35.9,25.3,495,408
82301,39.5,30.7,8539,6477
82321,40.0,33.1,676,485
82322,36.4,30.1,68,59
82323,40.2,33.9,146,106
82324,37.7,32.4,231,186
82325,37.4,28.0,871,731
82327,39.5,32.1,738,567
82329,36.8,30.3,318,269
82331,37.4,28.1,2316,1870
82332,37.4,31.7,73,56
82334,39.6,31.6,441,347
82336,34.7,26.6,243,205
82401,33.8,30.7,7001,5285
82410,33.6,28.7,1815,1449
82411,34.2,27.6,695,455
82412,33.8,27.5,589,415
82414,31.3,24.2,16087,12880
82420,34.0,27.8,912,620
82421,34.3,26.8,447,333
82422,33.8,28.8,88,65
82423,34.4,29.1,201,147
82426,34.1,28.5,2425,1887
82428,34.2,27.8,141,126
82430,35.5,28.6,90,68
82431,33.6,28.1,3595,2628
82432,33.4,29.1,264,212
82433,30.6,23.5,738,608
82434,33.4,28.9,147,104
82435,32.4,25.8,12093,9450
82440,33.1,24.8,145,122
82441,34.7,29.6,223,205
82442,32.1,28.3,742,606
82443,35.1,27.7,4501,3563
82450,31.4,27.9,170,157
82501,34.1,27.8,18523,13997
82510,40.3,33.0,1236,797
82512,38.7,37.1,223,179
82513,32.8,27.1,1816,1572
82514,41.3,36.9,1539,1027
82515,35.0,30.0,550,415
82516,37.4,34.9,393,279
82520,32.6,25.0,12887,9760
82523,33.1,26.0,895,683
82601,36.9,27.0,27180,20596
82604,36.5,26.3,26539,20158
82609,36.2,26.1,18845,14170
82620,36.3,26.5,177,141
82633,36.9,25.8,9764,7278
82635,36.7,27.6,154,114
82636,36.3,24.0,4763,3556
82637,37.6,26.9,3835,2923
82639,34.5,24.5,792,625
82642,35.3,28.2,75,65
82643,37.8,26.6,297,223
82644,36.2,26.5,1861,1375
82649,33.7,28.7,1062,797
82701,35.9,28.1,5309,4169
82710,32.6,25.6,285,223
82711,33.8,24.4,122,93
82712,32.2,25.7,332,262
82716,37.2,28.6,17094,12577
82718,34.8,23.3,25764,18182
82720,32.5,24.4,916,719
82721,32.3,23.6,3108,2182
82723,37.5,31.2,219,190
82725,33.4,22.3,136,121
82727,36.7,26.9,1838,1343
82729,33.1,26.0,2221,1803
82730,36.4,29.1,1450,1132
82731,37.3,29.5,173,109
82732,40.4,31.7,1932,1460
82801,30.5,23.0,25685,20170
82831,31.3,22.6,224,167
82832,31.5,23.2,794,660
82833,30.9,23.8,520,438
82834,36.0,28.5,7471,5908
82835,31.3,22.4,286,224
82836,30.8,22.9,1085,845
82838,31.2,22.2,297,250
82839,31.0,21.0,1454,1024
82842,31.2,23.7,683,589
82845,30.6,21.1,84,75
82901,36.5,27.4,28005,20594
82922,33.5,25.1,304,266
82923,32.5,22.6,545,429
82925,31.8,23.4,299,267
82930,35.2,26.7,13894,10094
82932,36.0,27.0,717,550
82933,34.9,24.8,829,607
82934,39.3,32.9,115,83
82935,35.7,25.8,12324,8924
82937,33.5,23.1,3645,2496
82938,36.5,25.9,144,119
82939,34.1,24.2,1777,1209
82941,33.5,22.4,5066,3745
82943,40.4,31.7,303,246
82944,34.0,27.8,241,175
82945,37.2,28.6,190,161
83001,24.2,18.0,17690,14062
83011,25.0,18.5,262,231
83012,24.8,18.5,236,178
83013,24.4,17.9,378,317
83014,23.8,17.8,3542,2964
83025,23.8,18.6,588,489
83101,36.7,25.6,2808,2064
83110,36.1,25.6,4744,3314
83111,35.8,26.2,467,335
83112,35.2,25.1,804,595
83113,35.0,25.1,2067,1548
83114,34.2,22.6,811,518
83115,35.2,26.1,445,353
83116,36.8,27.4,490,394
83118,35.4,23.9,1257,974
83119,33.7,22.4,243,164
83120,35.3,23.6,551,432
83122,36.9,24.4,412,271
83123,35.2,23.0,507,384
83124,36.8,24.5,99,82
83126,36.2,26.1,479,337
83127,33.5,23.1,3818,2920
83128,34.7,22.4,2216,1782
83201,32.9,21.9,38921,28808
83202,34.1,23.1,24441,17235
83203,47.2,29.0,87,79
83204,34.0,22.7,18408,14241
83209,25.3,16.7,474,454
83210,41.3,29.4,3085,2127
83211,38.4,29.0,6500,4486
83212,36.7,25.7,149,108
83213,35.9,29.2,1380,1036
83214,32.6,22.7,725,465
83217,34.7,23.9,792,579
83218,37.6,23.5,373,279
83220,31.6,25.5,112,93
83221,39.8,25.7,28354,19886
83223,29.4,23.8,197,146
83226,32.1,24.2,2294,1924
83227,31.2,23.6,157,139
83228,35.6,21.7,695,418
83232,34.8,21.8,438,294
83233,34.5,25.6,84,52
83234,33.0,23.3,1127,864
83235,30.3,24.4,83,63
83236,37.8,22.8,2423,1657
83237,36.8,23.5,1559,1030
83238,31.7,26.2,167,111
83239,30.3,22.8,609,421
83241,35.4,24.5,1924,1330
83243,31.9,21.3,117,87
83244,36.4,29.6,281,218
83245,31.7,20.2,2266,1692
83246,33.9,24.4,1038,881
83250,32.8,22.8,1796,1289
83251,31.8,24.6,1100,880
83252,32.5,22.8,4403,3153
83253,29.8,25.8,157,129
83254,31.7,25.3,3803,2746
83255,35.6,28.8,1121,816
83261,30.7,23.0,621,421
83262,37.5,22.5,1401,975
83263,35.6,23.1,9928,6947
83271,35.5,24.2,488,312
83272,30.0,24.9,292,229
83274,37.7,21.6,10673,7216
83276,34.7,23.8,4311,3055
83277,40.4,26.6,155,105
83278,32.1,22.9,416,370
83281,32.0,22.2,83,62
83283,33.3,21.9,143,82
83285,32.7,21.3,80,63
83286,35.4,21.5,1424,909
83287,30.7,24.8,313,282
83301,33.1,27.8,60789,44507
83302,34.2,28.7,159,117
83311,38.4,26.5,560,415
83312,37.8,27.4,171,118
83313,24.7,21.1,3815,2875
83314,32.0,24.2,897,635
83316,34.1,30.8,10295,7733
83318,37.6,27.9,18990,13173
83320,27.9,30.2,1050,737
83321,34.0,29.4,500,374
83323,37.2,23.5,1962,1345
83324,33.5,27.0,694,460
83325,36.2,30.5,995,755
83327,30.5,23.3,944,719
83328,31.9,25.2,6230,4444
83330,35.1,30.8,6720,4818
83332,33.3,29.5,2434,1934
83333,23.4,19.6,11775,8961
83334,36.1,31.6,2152,1590
83335,35.9,30.4,1886,1297
83336,34.5,26.5,5727,4063
83338,35.2,29.8,21486,14909
83340,21.8,17.6,5647,4806
83341,32.9,25.5,8838,5995
83342,37.3,25.5,1169,774
83344,34.8,28.1,1339,868
83346,36.6,26.8,1459,987
83347,34.9,26.7,3275,2335
83348,27.6,32.4,93,82
83349,34.5,27.7,923,654
83350,37.9,30.9,12975,9232
83352,33.8,28.5,3516,2614
83353,21.4,19.4,1774,1579
83355,34.4,30.4,5332,3751
83401,34.2,22.5,47114,31683
83402,34.7,23.2,28452,20541
83404,32.6,21.4,25491,18494
83406,31.4,18.8,19003,12832
83414,23.9,18.9,546,451
83420,31.3,22.3,2445,1786
83421,33.1,23.9,349,255
83422,33.3,21.2,3871,2874
83423,36.1,30.3,678,498
83424,35.0,22.0,260,199
83425,34.6,25.3,597,400
83427,31.8,18.3,2566,1590
83428,30.5,19.0,527,444
83429,30.9,21.4,980,877
83431,33.6,23.2,914,677
83433,30.5,21.0,101,92
83434,32.9,23.2,1693,1202
83435,34.9,26.6,670,400
83436,31.9,21.3,541,353
83438,34.0,25.6,93,59
83440,28.6,22.4,50567,40583
83442,32.9,20.6,23831,15498
83443,31.0,19.8,1154,823
83444,35.9,27.1,1351,929
83445,33.0,24.5,7411,5272
83448,29.1,19.1,2590,1694
83449,31.6,18.9,320,259
83450,35.4,26.1,1055,717
83451,31.0,21.1,987,687
83452,31.8,19.5,1773,1351
83454,32.7,19.7,257,180
83455,31.3,17.1,5675,4153
83462,34.2,30.3,508,425
83463,31.2,30.1,129,105
83464,30.4,26.3,363,277
83465,31.5,26.1,94,81
83466,32.1,28.8,299,270
83467,31.1,26.9,6169,4986
83468,31.4,26.0,222,164
83469,29.7,23.5,53,50
83501,37.1,24.9,36793,28934
83520,33.6,27.9,179,163
83522,32.6,25.4,2166,1746
83523,36.1,28.1,753,580
83524,39.0,27.6,1002,804
83525,32.9,24.8,416,369
83526,33.9,26.7,260,195
83530,30.7,22.9,5713,4353
83533,33.4,26.6,210,148
83535,34.0,22.2,1167,894
83536,34.8,28.6,4216,3408
83537,31.8,21.4,985,820
83539,32.1,26.6,1835,1522
83540,42.2,28.1,2329,1664
83541,36.2,27.9,1161,1012
83542,30.9,25.4,162,141
83543,35.5,27.7,679,496
83544,32.0,25.5,6159,5143
83545,40.1,27.9,427,369
83546,31.6,24.4,503,402
83547,33.7,25.1,291,254
83548,36.8,29.5,134,103
83549,32.6,26.5,836,712
83552,32.1,25.7,1207,1000
83553,31.9,24.9,1057,873
83554,30.1,23.5,547,489
83555,36.2,28.0,519,448
83604,33.8,31.1,676,465
83605,37.5,29.9,38561,27613
83607,35.7,25.5,36024,25307
83610,31.4,25.8,979,814
83611,34.6,26.3,2596,2250
83612,35.8,30.6,2162,1782
83615,35.3,26.2,1927,1479
83616,28.3,17.4,33311,25217
83617,33.3,25.0,17502,13375
83619,31.6,27.3,8638,6158
83622,32.9,24.1,2076,1765
83623,37.1,29.3,1470,1103
83624,33.6,30.1,1072,825
83626,37.2,28.1,1234,892
83627,37.7,29.2,656,491
83628,34.2,31.3,4996,3627
83629,33.1,23.1,1731,1412
83631,33.4,23.7,1317,1087
83632,35.7,30.7,315,256
83633,37.9,28.1,419,342
83634,30.1,18.5,33379,24850
83636,33.6,24.7,211,143
83637,32.2,24.2,270,229
83638,33.8,23.8,7306,5891
83639,32.5,28.7,3170,2266
83641,34.5,26.5,3627,2637
83642,28.7,17.9,55465,40570
83643,34.9,31.4,105,90
83644,34.3,22.1,14568,10104
83645,31.6,25.6,621,498
83646,28.7,17.6,69818,49356
83647,34.8,25.0,22592,16949
83648,26.9,15.1,3191,2303
83650,33.4,30.5,587,480
83651,35.2,26.5,34509,25364
83654,32.8,24.2,1752,1465
83655,30.1,22.9,4843,3492
83656,36.6,28.9,566,418
83657,32.4,24.9,194,148
83660,36.6,28.0,6317,4619
83661,32.0,28.7,10537,8009
83669,30.8,19.7,13647,9978
83670,33.4,24.3,521,434
83672,34.0,30.3,8892,6719
83676,35.9,27.1,4950,3619
83686,34.0,23.1,55343,40600
83687,34.9,23.7,37254,26627
83702,29.0,16.8,23951,19336
83703,28.7,17.4,18163,14515
83704,30.5,21.3,42430,33853
83705,30.7,20.5,27756,22603
83706,28.2,19.0,34446,29462
83709,29.6,19.3,59461,44644
83712,27.1,15.2,8908,7218
83713,28.6,18.3,30056,22707
83714,29.1,18.9,26181,20895
83716,27.2,16.0,21583,16151
83801,32.3,20.5,7501,5949
83803,31.7,21.6,764,657
83804,36.0,28.9,1617,1337
83805,33.3,26.1,8412,6405
83806,30.5,20.0,257,206
83808,37.3,29.5,143,106
83809,35.8,29.3,510,414
83810,32.6,20.4,1114,917
83811,33.0,24.9,1521,1245
83812,36.1,29.9,64,54
83813,32.5,23.5,1189,998
83814,31.4,19.6,26966,21968
83815,30.5,18.4,39412,30043
83821,31.5,23.4,437,381
83822,34.9,26.9,2026,1628
83823,30.6,19.7,1450,1100
83824,37.0,28.1,348,265
83825,30.8,21.4,396,344
83826,34.4,28.3,100,81
83827,32.5,25.0,164,141
83830,36.9,31.5,702,585
83832,32.2,20.1,1701,1240
83833,30.9,19.7,1492,1302
83834,31.3,20.5,252,209
83835,30.1,18.4,23157,18116
83836,33.4,25.7,1041,917
83837,36.6,29.1,3206,2516
83839,36.5,29.3,1288,1057
83840,32.0,23.3,556,428
83841,33.7,24.0,652,561
83842,31.2,20.0,173,155
83843,29.7,18.2,26739,21535
83844,20.4,13.4,2165,2132
83845,33.7,26.0,1795,1386
83846,35.7,27.9,708,576
83847,33.7,26.5,1685,1336
83848,31.8,23.7,216,195
83849,35.6,27.5,1954,1530
83850,35.6,29.0,2397,1964
83851,36.6,28.8,1828,1339
83852,31.7,22.9,1279,1020
83854,33.6,21.8,49040,36576
83855,31.1,20.1,2115,1624
83856,32.8,24.8,6429,5238
83857,31.4,19.8,783,587
83858,31.7,19.5,17113,12993
83860,31.4,21.9,7021,5773
83861,35.9,29.3,6581,5176
83864,31.5,21.5,19414,15179
83866,37.8,33.2,321,259
83867,36.0,28.7,616,490
83868,37.2,28.7,923,737
83869,32.2,20.5,5488,4246
83870,36.8,29.1,325,268
83871,31.0,19.3,2015,1533
83872,32.5,20.3,793,589
83873,36.5,27.4,1587,1308
83874,37.0,29.9,60,60
83876,34.0,21.6,1670,1313
84001,31.0,25.0,719,494
84002,32.0,24.6,280,206
84003,29.1,13.3,52970,35284
84004,28.5,12.3,10259,7058
84005,31.0,13.4,43113,23828
84006,28.1,15.7,829,620
84007,30.9,24.1,530,379
84009,28.0,14.6,38347,25367
84010,31.7,16.8,48439,34862
84013,31.7,15.7,1090,737
84014,31.3,15.5,16870,12105
84015,34.3,19.6,68548,46668
84017,22.1,18.7,4076,3042
84018,23.9,13.8,236,120
84020,28.6,15.3,51017,36424
84021,32.4,25.7,3198,2261
84022,43.0,28.8,423,328
84023,34.8,22.5,228,164
84025,31.4,14.6,24596,16036
84026,41.2,26.4,910,645
84027,33.7,27.2,604,472
84028,33.5,19.9,955,683
84029,37.5,20.9,13269,8854
84031,31.9,25.9,278,204
84032,24.8,17.5,24766,16859
84033,21.0,18.0,1150,766
84034,40.9,27.7,181,127
84035,35.0,22.3,722,513
84036,22.5,16.2,8300,6214
84037,31.2,14.5,39763,25624
84038,33.1,19.6,439,306
84039,36.7,23.4,1065,754
84040,31.8,16.3,26687,19140
84041,33.5,18.4,55289,37457
84042,29.6,14.0,11330,7770
84043,29.3,12.5,76954,46613
84044,32.7,22.6,29284,20282
84045,29.6,11.9,36898,21116
84046,33.1,22.4,698,545
84047,30.3,19.3,37146,28746
84049,22.9,14.4,6655,4684
84050,25.3,15.2,12059,7876
84051,31.1,25.5,390,256
84052,32.8,25.2,1257,862
84053,31.8,25.3,850,576
84054,32.6,16.5,21552,14909
84055,21.3,16.6,1473,1054
84056,31.8,15.6,4088,2558
84057,31.4,16.8,38401,27235
84058,30.0,15.7,33734,25777
84059,29.1,12.6,15567,10364
84060,20.2,14.6,8621,7010
84061,21.4,16.1,514,375
84062,29.9,14.0,47771,31872
84063,38.8,26.2,477,302
84064,33.3,19.2,744,521
84065,28.8,15.9,49295,33341
84066,32.6,23.6,13287,8756
84067,33.9,19.7,39194,27710
84069,36.2,19.3,492,359
84070,29.9,19.2,30885,23306
84071,36.8,18.4,1946,1324
84072,32.1,25.8,402,282
84073,29.5,25.2,211,154
84074,37.3,20.6,55001,36717
84075,32.3,15.7,32274,20554
84076,37.1,23.0,383,236
84078,34.9,20.7,29172,19446
84080,36.0,20.1,328,233
84081,30.0,17.4,51426,33942
84082,24.1,17.5,832,585
84083,45.0,34.2,1115,838
84084,30.6,19.6,32568,23688
84085,40.5,26.1,419,280
84086,33.4,18.6,359,228
84087,33.1,16.5,16217,10797
84088,30.5,19.8,37856,27454
84092,27.3,14.7,29492,22024
84093,27.7,15.6,23609,17410
84094,28.9,16.7,28751,21336
84095,27.0,15.1,39278,28576
84096,28.9,15.3,69086,43166
84097,29.4,14.4,23038,16372
84098,19.5,12.3,20573,15483
84101,29.7,17.0,8140,7374
84102,28.1,17.3,18857,17399
84103,27.2,14.4,22788,19679
84104,35.9,28.4,23487,16694
84105,27.7,14.0,22856,18834
84106,27.8,15.3,35892,28905
84107,29.7,18.4,37713,29840
84108,26.0,14.1,21261,16491
84109,26.1,13.4,24768,18726
84111,30.1,18.2,12162,10701
84112,22.4,15.5,3302,3241
84113,25.6,17.3,173,145
84115,32.4,22.5,27588,22288
84116,32.9,24.0,35327,26439
84117,27.7,16.8,25675,20264
84118,32.7,24.0,41493,28836
84119,34.6,27.2,54143,39360
84120,33.2,25.7,51212,36377
84121,27.7,15.9,41628,32729
84123,31.2,21.1,39489,30084
84124,26.9,14.9,22872,17120
84128,32.3,22.9,31406,21784
84129,31.2,21.7,37421,27985
84301,33.4,20.3,900,628
84302,32.3,19.5,26564,18565
84305,29.0,16.2,823,568
84306,33.5,20.6,575,364
84307,33.3,20.7,1592,1106
84308,29.8,17.1,302,195
84309,33.4,21.4,654,476
84310,32.2,15.8,4907,3775
84311,33.3,21.1,872,571
84312,32.9,20.4,4483,2993
84313,33.3,20.5,93,68
84314,33.1,20.5,1157,799
84315,33.9,18.0,9635,6509
84316,33.6,21.5,240,159
84317,32.5,16.1,2523,1908
84318,27.6,13.8,5296,3449
84319,28.7,15.5,9570,6160
84320,28.1,14.8,2411,1638
84321,28.5,16.8,49550,37605
84324,30.6,16.7,1128,761
84325,27.8,13.5,2476,1593
84326,27.6,12.6,2420,1545
84327,28.8,16.2,947,668
84328,28.1,14.7,1829,1290
84329,34.6,21.2,222,142
84330,33.2,20.6,505,349
84331,33.4,21.2,348,228
84332,28.0,14.7,8238,5361
84333,28.0,14.1,3207,2101
84334,32.0,21.4,249,166
84335,27.9,14.0,15504,9982
84336,32.1,21.1,281,211
84337,32.8,20.4,13880,9091
84338,29.0,15.9,512,376
84339,28.3,14.2,5847,3824
84340,30.8,16.5,3834,2669
84341,28.7,17.2,24181,17780
84401,36.0,22.1,42968,31810
84403,33.9,20.3,37847,28511
84404,35.5,21.8,66382,47033
84405,33.7,19.7,34285,24934
84408,20.5,10.7,367,362
84414,33.0,18.0,32471,22714
84501,35.4,22.5,13111,9664
84511,30.4,19.9,4603,3123
84512,37.6,30.5,920,694
84513,30.1,18.9,1554,1102
84516,32.5,23.9,186,135
84518,30.1,19.4,861,586
84520,35.9,23.6,1225,916
84521,30.5,20.2,686,483
84522,32.2,23.4,336,245
84523,32.2,22.3,1625,1153
84525,32.6,23.1,968,703
84526,34.5,21.1,3888,2960
84528,30.2,19.9,2358,1655
84529,33.4,21.9,205,158
84530,30.0,19.8,560,409
84531,39.7,32.1,448,311
84532,28.9,20.1,10203,8035
84533,36.9,20.9,105,89
84534,40.5,33.4,2653,1921
84535,30.1,20.4,2323,1666
84536,41.1,34.7,1637,1156
84537,29.8,18.4,1285,920
84539,35.5,23.6,335,261
84540,25.0,19.3,70,56
84542,33.8,20.0,1629,1219
84601,32.7,18.4,33986,24431
84602,31.0,21.4,2366,2327
84604,28.9,15.6,45503,35842
84606,31.3,17.6,33791,28014
84620,37.1,21.9,1169,866
84621,32.2,25.5,137,119
84622,30.9,25.4,1527,1090
84623,30.0,22.8,307,174
84624,34.9,23.4,5836,3911
84626,34.3,18.3,338,230
84627,27.3,18.1,5882,4272
84628,33.2,20.8,697,545
84629,29.6,21.8,2583,1837
84630,31.2,25.1,265,181
84631,34.1,23.8,2985,2094
84632,28.9,21.3,1263,879
84633,34.0,18.7,1082,725
84634,32.6,22.8,3630,3004
84635,34.3,24.0,764,554
84636,34.2,23.1,570,382
84637,33.9,23.6,688,509
84638,35.8,22.8,308,209
84639,33.2,20.8,998,681
84640,33.4,24.1,117,83
84642,28.3,19.9,3494,2368
84643,28.9,21.0,633,492
84644,33.6,24.0,381,261
84645,33.2,19.1,3117,1792
84646,29.4,21.9,1902,1254
84647,29.3,21.8,4549,3085
84648,32.0,18.2,6830,4633
84649,35.6,22.9,789,540
84651,31.0,15.8,28416,18748
84652,37.3,21.4,850,602
84653,30.0,13.8,11103,7240
84654,37.2,21.2,2584,1844
84655,31.8,15.8,15287,9400
84656,33.5,23.8,364,267
84657,34.0,19.1,452,321
84660,30.9,14.7,45959,29182
84662,30.1,22.9,1403,1043
84663,31.1,15.5,35647,23594
84664,28.9,13.3,11365,7332
84665,28.9,19.4,571,436
84667,29.0,21.4,423,282
84701,36.1,20.8,8883,5985
84710,33.8,22.4,162,112
84711,35.4,19.3,895,630
84712,29.5,23.1,190,138
84713,28.7,18.9,4316,3037
84714,34.2,18.8,828,578
84715,34.7,21.9,416,325
84716,29.6,20.0,317,277
84718,29.1,19.4,190,133
84719,40.5,22.4,195,145
84720,32.8,16.7,23607,17810
84721,36.6,19.3,27329,18600
84722,32.6,16.2,681,553
84723,33.3,26.0,552,403
84724,37.4,23.1,1213,881
84725,32.1,14.5,2298,1418
84726,29.3,20.5,954,748
84728,33.6,24.4,131,97
84729,34.2,22.3,328,225
84730,35.3,19.5,554,412
84731,29.2,21.7,186,134
84732,33.4,24.6,72,52
84733,31.5,15.0,127,99
84734,34.4,23.4,192,149
84735,28.9,19.8,262,222
84736,29.0,19.9,236,159
84737,34.2,17.4,21212,15625
84738,32.0,16.0,9064,7160
84739,37.1,23.3,408,310
84740,33.3,24.7,212,153
84741,33.1,19.0,6034,4673
84742,33.0,16.9,545,393
84743,31.9,24.4,134,110
84744,34.9,21.1,334,239
84745,37.5,20.7,4347,3021
84746,32.9,17.7,1162,960
84747,34.0,21.5,969,704
84749,33.0,22.4,212,178
84750,33.0,27.3,390,316
84751,29.5,20.5,1662,1134
84752,29.3,20.0,891,599
84754,37.0,22.9,4004,2849
84755,33.6,19.4,83,75
84756,34.6,18.7,447,280
84757,33.3,17.4,1653,1272
84758,34.7,21.8,588,422
84759,27.9,19.4,2064,1524
84760,38.1,22.4,824,614
84761,37.6,22.5,3210,2352
84762,35.5,24.4,393,339
84763,35.9,20.9,226,209
84764,31.1,20.8,357,304
84765,31.0,13.7,7593,5238
84766,36.5,21.9,166,127
84767,35.4,20.6,648,578
84770,33.6,18.4,44505,34045
84772,37.8,23.1,178,153
84773,35.8,23.8,250,200
84774,33.6,17.0,1865,1380
84775,34.7,23.7,430,380
84776,29.5,19.6,488,343
84779,36.4,21.3,730,537
84780,32.2,15.4,28025,19944
84781,31.9,16.6,257,228
84782,32.7,15.3,907,682
84783,32.6,16.2,907,785
84784,33.9,16.8,1127,631
84790,32.4,16.6,52982,38426
85003,33.9,21.6,11042,9597
85004,29.3,18.1,8833,8142
85006,36.0,28.0,23797,18073
85007,36.8,29.0,14442,11023
85008,35.4,27.1,59047,43559
85009,39.7,37.1,50439,35938
85012,28.3,15.9,8201,7191
85013,30.7,18.7,21970,18562
85014,30.8,18.9,26381,21897
85015,35.4,27.0,41436,30460
85016,29.4,17.4,37326,31456
85017,35.9,31.5,45279,33629
85018,28.4,15.8,37944,30471
85019,37.2,33.3,27677,18991
85020,30.2,19.5,34534,28241
85021,33.0,23.1,40943,30690
85022,30.5,19.5,51314,41484
85023,31.4,21.0,35241,27106
85024,28.5,16.3,26021,20431
85027,30.5,19.6,38343,30386
85028,27.7,15.7,19888,16304
85029,33.3,24.6,47101,35896
85031,37.1,33.0,31162,21204
85032,31.1,21.0,68710,54005
85033,36.8,32.4,57980,38504
85034,36.0,27.4,5033,3869
85035,36.8,31.7,51441,34557
85037,34.0,26.0,50929,35251
85040,37.7,31.6,33993,23767
85041,36.4,29.0,64639,44905
85042,33.6,24.2,45433,34202
85043,35.1,27.8,35800,23781
85044,29.0,16.7,39559,32130
85045,26.5,13.4,8090,6119
85048,26.9,13.9,34524,26872
85050,26.7,14.8,31591,23771
85051,33.7,25.5,46123,33927
85053,32.4,22.2,30136,23374
85054,27.0,14.5,8849,7815
85083,26.9,14.3,20898,15041
85085,26.7,13.8,27875,20702
85086,28.2,15.8,43223,33613
85087,29.8,18.2,9853,7520
85118,34.1,22.5,13044,12298
85119,36.7,25.2,22069,18802
85120,36.7,27.4,30605,25645
85121,48.8,37.1,2802,1831
85122,39.9,29.1,55063,41105
85123,38.8,27.3,9965,7665
85128,43.0,31.7,15764,11128
85131,43.8,33.6,16723,14068
85132,38.9,24.3,38848,32968
85135,37.7,40.8,519,381
85137,38.7,27.9,2021,1558
85138,38.4,23.0,46914,33803
85139,39.9,26.0,18137,13066
85140,36.2,20.2,45381,31209
85141,38.3,28.0,416,347
85142,31.2,17.1,80734,55347
85143,37.5,21.9,41720,29118
85145,37.4,22.1,2572,1738
85147,49.3,38.7,5390,3605
85172,42.8,34.5,1132,850
85173,40.8,32.7,2458,1975
85191,37.9,22.9,187,154
85192,39.7,33.9,1367,1113
85193,41.9,32.1,4450,3330
85194,38.0,27.0,7592,6366
85201,32.7,23.2,51187,38845
85202,31.8,20.8,39626,31342
85203,32.0,21.4,37962,27495
85204,33.6,24.6,63808,46462
85205,30.2,21.1,44137,35651
85206,28.6,21.0,36713,30354
85207,29.5,18.6,50108,39672
85208,31.4,23.8,36820,29322
85209,28.6,19.9,44192,34968
85210,32.8,23.1,40351,30587
85212,28.1,15.1,48422,33815
85213,29.9,18.8,36572,27349
85215,27.4,18.1,16461,14137
85224,28.6,17.4,46919,37375
85225,31.3,21.2,73551,55591
85226,27.4,15.7,40689,32084
85233,28.2,16.4,39006,30110
85234,28.2,15.9,51051,37261
85248,25.7,18.1,38567,32562
85249,26.3,15.4,47414,34472
85250,27.0,15.0,16501,14389
85251,26.6,14.7,40073,35327
85253,25.3,14.3,17358,14397
85254,26.0,14.4,46352,37015
85255,25.6,13.9,44976,37028
85256,40.4,31.0,4857,3121
85257,28.2,17.0,29187,25289
85258,26.2,15.6,25203,21813
85259,25.1,13.6,22548,18628
85260,25.5,14.4,37967,31722
85262,27.1,15.8,13366,12314
85263,26.2,20.3,3382,3285
85264,37.3,27.6,1421,1018
85266,25.1,14.0,11971,10601
85268,26.9,16.9,24031,21659
85281,26.3,17.2,69218,61670
85282,28.1,17.4,52351,43731
85283,29.8,18.8,45736,36580
85284,25.5,13.5,18638,14883
85286,26.7,15.5,49407,35796
85295,27.4,14.3,51587,36145
85296,27.5,14.6,50418,35677
85297,28.0,15.0,36076,23836
85298,27.1,15.0,41816,29085
85301,38.2,33.2,67380,46664
85302,32.8,24.6,41369,31917
85303,34.6,27.6,34252,23874
85304,30.9,21.0,28125,21999
85305,30.6,20.6,14055,10640
85306,30.1,20.0,25663,20335
85307,31.8,21.2,10742,7693
85308,29.3,17.8,66540,53016
85309,20.5,12.0,985,959
85310,27.9,15.1,19315,15077
85320,31.6,23.7,800,587
85321,32.1,25.3,3663,3052
85322,32.7,25.1,585,441
85323,34.4,26.1,44632,30308
85324,29.9,26.3,2720,2370
85325,31.3,28.8,847,759
85326,34.0,23.7,72959,52065
85328,41.8,36.8,208,199
85329,38.8,39.1,2438,1665
85331,27.3,14.7,31038,25128
85332,26.7,24.5,1912,1745
85333,34.0,23.4,428,336
85334,41.9,37.5,775,654
85335,33.8,25.0,35815,24643
85336,42.5,35.9,7810,5315
85337,39.5,37.0,2473,1612
85338,31.3,19.7,59313,43610
85339,33.1,22.2,50447,34527
85340,29.9,18.6,33778,24644
85342,30.6,22.1,1478,1253
85343,32.9,24.9,164,126
85344,36.2,29.5,9137,6893
85345,33.0,24.0,61024,46388
85346,34.2,33.2,2803,2617
85347,41.5,33.5,310,246
85348,29.9,27.4,2083,1893
85349,40.7,31.2,28039,20652
85350,41.0,32.5,18486,12619
85351,28.5,27.2,29795,29552
85352,41.9,35.2,388,295
85353,35.0,27.5,42936,28326
85354,33.4,24.9,7200,5314
85355,31.0,18.2,12930,9276
85356,36.3,28.2,3487,2959
85357,33.1,29.1,438,328
85360,33.7,30.3,222,180
85361,32.2,22.2,6954,5477
85362,28.0,24.0,569,535
85363,32.6,26.0,7056,5260
85364,39.2,29.6,73550,53808
85365,35.0,23.4,50166,38191
85367,34.2,25.8,21303,18806
85371,41.7,33.9,266,162
85373,27.5,22.0,19629,16869
85374,28.1,21.8,41182,35319
85375,24.9,22.6,27944,27783
85377,25.9,15.7,3515,3293
85378,33.2,25.7,9368,7182
85379,30.0,17.7,49441,35067
85381,28.4,17.7,27008,21463
85382,28.1,18.9,42576,34125
85383,27.7,14.9,69617,50984
85387,28.9,19.7,16331,13441
85388,30.0,17.6,30611,21499
85390,29.1,22.6,9102,7902
85392,31.9,21.4,40363,29880
85395,28.4,18.4,37157,30297
85396,29.6,18.0,32990,24422
85501,30.7,26.1,12473,9811
85530,46.8,38.1,2104,1385
85531,32.7,19.7,761,493
85532,33.0,29.1,412,318
85533,33.0,23.6,2949,2203
85534,33.8,25.1,2522,1928
85536,32.8,22.8,369,293
85539,33.2,29.4,3618,2756
85540,32.3,20.6,4026,2653
85541,29.4,24.4,22974,19555
85542,44.9,37.7,3172,1970
85543,33.7,22.6,4283,2908
85544,28.3,23.2,2905,2660
85545,32.7,30.6,523,489
85546,35.3,25.3,20100,15015
85550,41.0,35.8,4934,3166
85551,35.8,28.0,396,289
85552,31.9,20.9,6887,4849
85553,29.7,27.3,1491,1379
85554,32.6,28.8,735,651
85601,31.8,26.1,644,580
85602,30.7,25.5,10198,8394
85603,33.8,29.4,6342,5416
85605,35.7,34.1,629,497
85606,29.9,24.2,977,846
85607,37.7,39.2,17738,12577
85608,39.4,31.9,1983,1979
85609,29.4,21.7,325,279
85610,32.5,26.9,1053,859
85611,29.2,20.9,1017,867
85613,23.9,13.9,5239,3905
85614,27.2,23.3,25789,24221
85615,30.1,22.0,9073,7535
85616,33.4,26.8,5110,4198
85617,32.8,28.5,1086,916
85618,43.7,37.0,1271,1028
85619,26.9,16.3,113,85
85620,36.3,35.8,734,485
85621,36.4,37.2,21730,15801
85622,25.9,23.2,6583,6488
85623,38.3,27.5,4974,4434
85624,28.9,22.7,1222,1047
85625,30.3,26.0,1871,1664
85626,35.6,37.7,1006,761
85627,30.4,23.8,472,390
85629,31.4,20.0,29824,20785
85630,28.5,20.4,2585,1999
85631,42.0,33.0,3179,2477
85632,33.3,30.0,812,702
85634,44.8,38.1,5864,4070
85635,30.4,23.7,35095,27501
85637,28.8,20.7,1264,1092
85638,29.5,23.4,1886,1668
85639,46.7,40.5,240,176
85640,31.8,25.3,339,272
85641,29.4,16.0,29538,21446
85643,32.6,27.5,8208,6407
85645,31.7,24.1,1917,1530
85646,29.2,24.9,1653,1588
85648,34.8,29.9,20720,14748
85650,28.0,20.7,14857,11999
85653,33.6,22.5,19885,14598
85654,32.2,18.7,94,72
85658,28.2,16.7,15791,13017
85701,33.2,22.3,5132,4423
85704,27.4,17.9,34430,29175
85705,36.9,30.1,56711,45148
85706,38.6,35.5,54853,39267
85707,20.9,12.9,734,703
85708,28.8,15.7,3837,2398
85710,31.5,22.5,57381,46954
85711,35.2,26.5,41518,33249
85712,32.4,22.5,33108,27824
85713,36.6,31.6,46810,36319
85714,38.6,36.8,14232,10895
85715,29.1,19.1,18561,15534
85716,34.0,23.3,31521,26649
85718,25.4,15.1,28706,24699
85719,30.0,21.2,46242,41324
85723,32.4,40.1,132,129
85730,33.0,23.9,39258,30836
85734,36.5,24.3,4855,4795
85735,32.7,24.9,10522,8477
85736,35.9,30.2,4569,3646
85737,26.9,16.3,22212,18441
85739,30.1,20.5,18878,16973
85741,30.2,19.6,34131,26988
85742,28.9,17.0,30057,23407
85743,30.0,19.4,30441,23971
85745,31.6,22.6,36774,30532
85746,35.3,28.6,43278,32420
85747,29.7,16.4,27703,19708
85748,28.5,17.4,18816,15625
85749,27.1,15.7,19009,15971
85750,25.5,14.7,25007,21517
85755,25.3,16.1,18277,15372
85756,34.5,27.2,35345,26181
85757,35.1,26.3,21712,15224
85901,33.0,21.3,18701,14839
85911,40.5,27.6,1915,1195
85912,33.5,22.1,269,207
85920,29.0,22.7,677,595
85922,31.3,22.5,68,60
85923,32.1,18.7,499,410
85924,31.3,24.9,2851,2457
85925,29.1,20.9,4332,3068
85926,47.3,38.6,435,280
85927,29.9,23.2,176,149
85928,32.6,21.4,752,576
85929,33.2,22.1,8040,6499
85930,36.6,24.4,1122,685
85931,24.0,15.9,178,161
85932,29.0,22.0,481,399
85933,32.6,22.5,3639,3148
85934,32.0,20.0,601,499
85935,31.2,18.8,3945,3205
85936,27.5,18.6,4217,3102
85937,32.9,20.7,8434,5935
85938,29.0,21.6,2100,1608
85939,32.5,19.8,4213,2874
85940,27.5,19.3,1580,1370
85941,45.0,37.1,10575,6882
86001,21.7,14.8,37093,32160
86003,33.6,28.2,113,100
86004,23.4,14.8,38451,29594
86005,22.1,12.6,16343,12664
86011,21.4,18.9,3499,3472
86015,21.0,11.1,1186,831
86017,23.2,14.7,1131,1001
86018,23.0,13.8,1121,926
86020,33.9,30.1,1852,1430
86021,32.0,26.4,4133,2103
86022,27.8,21.5,2058,1512
86023,26.9,18.0,2420,2096
86024,23.2,16.1,643,607
86025,37.8,25.8,5358,4000
86029,36.5,26.3,178,138
86030,47.0,38.7,1037,789
86031,46.4,39.1,1705,1267
86032,35.5,25.2,1411,978
86033,42.8,31.7,7734,5351
86034,43.6,33.5,2116,1603
86035,32.2,27.7,1694,1260
86036,30.1,25.9,195,149
86038,23.8,14.5,117,94
86039,46.4,38.0,1438,1135
86040,26.3,18.8,10179,7507
86042,43.3,31.4,1493,1096
86043,43.7,34.0,1559,1106
86044,35.5,31.3,4127,2954
86045,32.5,27.0,10445,7460
86046,23.7,16.6,6310,5074
86047,39.0,28.1,14168,10568
86053,33.8,30.5,2025,1299
86054,42.5,33.3,1841,1329
86301,24.6,20.5,25115,22220
86303,26.0,20.4,18201,16228
86305,24.7,18.9,19555,17423
86313,29.4,31.6,92,92
86314,28.1,23.8,39461,31229
86315,26.0,19.7,10354,8667
86320,28.8,23.4,2111,1772
86321,28.4,20.4,2234,1559
86322,29.8,26.2,12696,10152
86323,28.2,23.5,18422,15005
86324,30.6,26.2,4544,3776
86325,25.6,20.6,5472,4812
86326,28.3,24.3,24465,19782
86327,26.9,23.6,11530,9861
86329,29.2,25.3,1288,1006
86331,28.9,21.2,515,473
86332,27.6,22.9,1716,1495
86333,31.3,29.0,5886,4954
86334,28.5,23.4,5261,4182
86335,28.9,23.3,5229,4201
86336,24.6,18.7,11125,10249
86337,29.9,25.9,1312,1164
86338,24.9,17.3,587,498
86343,27.4,22.0,88,86
86351,24.6,19.9,6398,5988
86401,32.1,26.7,27684,22103
86403,32.3,27.9,17787,15004
86404,31.2,26.9,18312,15975
86406,30.5,25.4,24935,21291
86409,34.3,30.9,28860,23422
86411,31.6,25.6,202,191
86413,35.8,33.7,13436,12110
86426,32.6,29.1,15953,13219
86429,33.1,29.9,7708,6841
86431,35.4,36.5,417,385
86432,34.0,34.3,3158,2681
86433,34.6,32.8,127,114
86434,41.7,38.6,1424,913
86435,28.1,19.4,224,165
86436,31.9,28.9,1938,1726
86437,33.8,28.7,92,77
86438,35.5,34.2,945,838
86440,33.5,29.1,7310,5946
86441,37.8,35.3,1919,1686
86442,34.8,33.2,34171,28441
86444,33.2,31.5,1491,1419
86445,34.8,31.0,354,321
86502,39.9,35.0,1032,818
86503,38.6,32.2,9851,6938
86504,37.5,29.6,5723,4106
86505,40.8,35.3,6605,4877
86506,39.1,34.6,1415,1057
86507,39.5,32.9,1912,1390
86508,38.6,33.5,606,478
86510,45.9,38.0,4815,3457
86511,37.1,30.0,3603,2732
86512,40.5,35.2,2146,1621
86514,37.5,31.6,2399,1863
86515,37.4,28.3,3634,2714
86520,44.4,38.8,2361,1665
86535,40.1,34.0,1051,781
86538,40.0,34.2,2355,1640
86540,40.7,35.9,1099,748
86544,37.5,31.6,1060,826
86545,37.2,31.1,1414,1009
86547,39.0,32.6,1094,795
86556,35.5,29.3,2398,1761
87001,38.5,28.4,3785,2722
87002,36.3,31.4,21225,16340
87004,35.5,28.9,10859,8610
87005,33.1,22.1,613,498
87006,36.1,32.0,705,574
87007,41.4,32.2,1214,931
87008,30.9,18.3,2449,1973
87010,24.6,17.5,1165,1047
87012,41.6,35.1,256,224
87013,43.3,37.2,4445,3306
87014,36.6,30.0,584,489
87015,28.3,20.4,12833,10232
87016,35.0,31.2,3091,2474
87017,39.5,34.6,367,289
87018,45.7,41.0,560,442
87020,37.4,28.6,11471,8810
87021,38.6,29.5,2811,2234
87022,37.8,27.9,678,552
87023,35.1,28.5,560,446
87024,38.8,27.9,2372,1804
87025,31.4,19.3,1212,1058
87026,42.6,33.5,3991,2975
87027,38.5,32.1,237,202
87028,38.6,36.1,113,98
87029,38.0,26.0,217,177
87031,35.7,28.8,45208,34011
87032,34.7,30.9,347,264
87034,40.7,28.0,3190,2307
87035,35.0,30.6,7285,5698
87036,33.4,30.8,1745,1450
87037,42.0,35.6,1170,862
87038,41.7,32.2,513,367
87040,42.4,31.8,474,379
87041,36.8,30.2,734,568
87042,32.5,23.9,3364,2696
87043,29.6,18.7,5090,4692
87044,34.2,24.1,378,294
87045,46.0,40.9,2184,1527
87046,36.8,28.5,153,141
87047,28.6,16.5,5460,4505
87048,29.6,18.9,8888,7624
87049,35.4,26.5,143,106
87051,34.5,25.7,866,693
87052,38.6,28.5,3102,2192
87053,33.5,20.1,967,707
87056,24.2,18.1,995,820
87059,32.1,19.4,9366,7687
87061,36.5,35.9,295,230
87062,38.2,33.7,1709,1252
87063,33.4,32.2,248,198
87064,39.5,31.5,161,134
87068,35.0,26.4,4938,3898
87072,38.1,25.2,635,478
87083,34.1,27.4,448,395
87102,36.2,27.4,20610,17535
87104,32.7,22.3,12537,10174
87105,37.3,32.1,54151,41734
87106,32.0,21.7,26987,22938
87107,34.1,25.2,30340,24743
87108,37.4,29.2,36773,29744
87109,31.6,21.9,40740,33322
87110,32.6,22.3,38441,31922
87111,28.5,17.2,56121,46388
87112,31.5,21.0,42487,34498
87113,29.1,18.1,16380,12638
87114,31.5,19.9,69402,52531
87116,27.8,14.3,4578,3239
87120,32.4,21.5,64643,50766
87121,37.3,30.4,77802,54436
87122,26.0,14.4,18225,14351
87123,33.7,24.9,44110,34604
87124,31.8,21.5,59781,45529
87144,32.0,19.8,46333,33983
87151,41.2,32.6,1297,1296
87301,37.7,28.1,22438,16252
87305,39.9,29.9,2698,2044
87310,44.0,34.6,835,662
87311,43.5,34.8,5120,3593
87312,41.1,31.6,575,426
87313,42.1,32.2,5383,3878
87315,32.7,22.8,235,204
87316,41.5,31.3,1596,1116
87317,45.1,39.6,1594,1192
87319,44.0,35.7,2965,2161
87320,42.7,32.3,717,564
87321,39.3,30.2,1964,1537
87322,40.7,29.3,826,572
87323,41.5,33.9,4050,2906
87325,41.5,33.1,2032,1546
87326,43.4,36.4,2437,1868
87327,41.8,31.2,7454,5427
87328,43.3,35.0,2965,1872
87347,38.6,28.8,343,292
87357,42.4,32.4,1459,995
87364,41.1,34.1,1553,1182
87375,44.1,35.3,4235,3093
87401,34.7,26.0,44724,32509
87402,30.0,19.5,11646,8537
87410,33.0,24.6,16064,12180
87412,34.7,29.5,766,653
87413,36.4,29.7,14652,10663
87415,32.8,24.4,1708,1334
87416,40.1,32.2,5310,3833
87417,35.0,24.6,5838,4269
87418,34.8,25.3,1052,810
87419,33.6,27.4,296,258
87420,39.3,30.1,10462,7649
87421,35.2,25.2,1717,1262
87455,41.0,34.7,1641,1283
87461,40.6,34.9,1313,1018
87499,41.2,37.3,602,470
87501,23.1,17.1,15116,13744
87505,24.4,19.3,32078,27762
87506,25.9,21.2,15253,12865
87507,28.2,24.8,51338,39488
87508,24.1,18.3,19156,16435
87510,38.9,31.1,1207,1022
87511,39.3,29.8,2821,2220
87512,29.1,26.0,213,183
87513,27.7,23.2,1143,967
87514,25.4,18.8,1748,1512
87515,39.5,32.0,279,221
87516,42.6,35.0,132,116
87517,27.6,22.3,460,416
87518,39.3,28.9,103,81
87519,29.7,26.9,399,329
87520,37.8,28.0,1448,1204
87521,32.9,30.4,899,724
87522,39.4,34.0,3463,2849
87523,42.7,39.5,380,320
87524,30.1,26.3,203,163
87525,23.7,15.1,91,75
87527,39.6,32.3,990,875
87528,43.4,29.8,3641,2477
87529,26.6,21.2,4846,4076
87530,39.2,30.2,916,775
87531,34.5,27.4,310,259
87532,36.5,29.6,19017,14917
87535,28.1,20.7,1350,1107
87537,39.0,29.4,2486,1919
87538,36.2,25.8,439,372
87539,38.3,27.3,287,235
87540,22.7,16.1,1052,945
87543,28.5,25.4,251,224
87544,25.6,13.9,13548,10464
87547,24.9,12.6,5873,4588
87548,38.4,26.9,650,531
87549,36.7,26.8,1216,980
87551,38.6,28.8,347,300
87552,36.8,29.2,3308,2684
87553,30.5,30.9,1023,810
87556,28.4,26.2,2259,1798
87557,29.3,26.4,6481,5129
87558,26.4,20.7,724,636
87560,38.9,34.8,1202,939
87562,38.0,31.9,505,424
87564,27.2,23.4,389,333
87565,37.0,29.6,317,256
87566,41.5,29.9,3377,2529
87567,28.2,26.4,1270,982
87569,38.6,35.3,340,285
87571,29.0,26.0,11650,9616
87573,37.6,30.0,79,66
87575,39.2,28.8,618,496
87577,29.5,24.1,546,475
87578,42.4,35.5,531,442
87579,29.4,28.8,795,639
87580,25.3,18.3,453,381
87581,36.7,25.0,85,67
87582,38.2,29.0,1432,1137
87583,39.7,36.1,245,200
87701,37.7,31.6,18387,14675
87710,30.8,23.8,1616,1375
87711,40.1,36.8,590,439
87712,34.3,29.7,232,187
87713,35.1,30.1,223,190
87714,32.1,26.6,917,714
87715,34.3,31.7,636,519
87718,30.5,24.2,642,534
87722,33.7,30.4,535,440
87723,33.6,30.9,294,241
87724,36.9,32.0,98,71
87728,31.6,25.2,379,290
87729,32.1,23.6,78,70
87731,28.5,19.8,437,407
87732,33.7,30.8,1064,920
87733,36.1,32.3,138,124
87734,32.7,27.0,148,129
87736,33.8,29.5,269,219
87740,33.0,29.5,7138,5755
87742,33.4,26.4,497,414
87743,36.3,33.1,312,267
87745,33.1,25.9,714,591
87746,36.5,34.3,126,104
87747,31.8,26.5,1516,1285
87749,30.7,23.2,67,62
87752,33.6,30.6,378,315
87753,33.1,30.0,182,153
87801,34.1,27.8,9934,7981
87820,35.0,33.1,137,118
87821,30.2,24.2,640,573
87823,37.0,33.1,589,465
87824,32.7,30.2,219,184
87825,41.5,36.7,2802,2125
87827,30.0,23.8,354,333
87828,38.4,34.7,279,217
87829,30.0,23.1,856,768
87830,34.0,31.6,854,768
87831,35.4,29.2,180,147
87832,37.1,33.0,520,419
87901,38.2,31.6,6515,5454
87930,40.7,34.2,834,629
87931,38.6,32.2,633,562
87935,32.7,24.1,1817,1636
87936,41.9,42.1,433,339
87937,41.5,40.7,3009,2073
87939,38.8,28.7,107,97
87940,42.2,41.1,450,322
87941,43.3,41.5,959,617
87942,37.6,29.4,1040,867
87943,37.6,32.2,235,197
88001,38.0,30.9,36831,28924
88002,30.7,15.8,940,618
88003,29.7,21.8,495,487
88004,29.5,11.9,605,592
88005,37.0,28.6,26997,21389
88007,35.5,26.6,24803,19074
88008,38.4,27.7,10239,7225
88011,30.3,18.9,32885,26628
88012,35.3,24.6,32550,23640
88020,32.3,24.8,704,556
88021,41.0,38.4,16431,11876
88022,31.5,28.3,1098,876
88023,37.9,36.3,2206,1653
88024,43.3,40.4,469,303
88025,31.3,22.2,227,185
88026,34.0,30.7,1590,1256
88027,37.7,31.8,683,539
88028,30.7,23.2,481,389
88029,35.8,36.4,1591,1165
88030,36.1,36.0,23831,17951
88034,35.5,39.4,81,60
88038,32.1,25.7,380,330
88039,33.8,31.1,402,367
88040,33.6,25.2,96,78
88041,34.4,29.9,954,844
88042,38.2,31.6,353,316
88043,35.5,30.6,1525,1183
88044,38.9,33.2,3289,2537
88045,36.0,33.3,3222,2453
88046,34.2,27.8,718,602
88047,37.4,30.3,1897,1437
88048,41.9,40.4,3931,2768
88049,32.0,26.1,973,844
88051,30.7,23.6,112,94
88052,41.4,34.0,291,240
88053,31.7,25.8,269,244
88056,30.1,25.8,237,210
88061,32.9,27.4,17429,14216
88063,42.6,40.2,11408,8147
88065,32.1,22.9,715,537
88072,44.2,44.0,2563,1856
88081,41.9,34.5,18079,12940
88101,39.9,29.6,45651,33435
88112,36.6,23.1,128,108
88116,34.9,31.8,460,323
88118,36.0,33.7,216,154
88119,33.2,28.2,1582,1274
88120,36.9,23.6,217,165
88121,35.8,26.4,135,114
88124,40.2,27.7,1043,807
88130,32.9,26.7,18027,13583
88132,32.7,26.0,229,178
88134,35.5,28.0,92,66
88135,39.3,29.4,1576,1099
88201,37.3,26.9,26471,19862
88203,41.8,34.2,30162,21642
88210,39.8,26.3,18571,13457
88220,39.5,26.5,40762,30326
88230,42.3,34.8,4658,3378
88231,39.5,32.3,3339,2382
88232,40.1,30.2,3026,2472
88240,36.6,29.3,42386,29650
88242,35.1,25.7,8126,5811
88244,37.8,24.8,1247,1247
88250,38.3,24.8,300,238
88252,36.9,30.2,2327,1698
88253,38.4,29.5,961,719
88254,37.8,26.7,183,140
88255,39.4,23.0,79,55
88256,42.6,32.0,1974,1399
88260,38.5,32.6,15569,10847
88263,44.2,30.8,169,112
88265,36.2,28.1,252,198
88267,34.5,26.5,1074,799
88301,32.7,30.2,1341,1140
88310,36.0,23.4,35935,28205
88311,35.0,22.4,951,793
88312,28.7,23.3,2735,2364
88314,44.4,37.7,215,173
88316,28.0,21.0,2304,1930
88317,36.5,22.0,1953,1623
88318,33.1,29.3,352,301
88321,31.6,32.0,146,114
88324,36.2,30.5,100,89
88325,35.8,23.1,949,810
88330,31.4,17.7,3810,2954
88336,34.2,33.0,313,238
88337,36.3,24.2,2325,1871
88338,29.6,26.5,189,177
88339,36.2,22.1,768,647
88340,43.9,29.4,4022,2719
88341,29.7,21.9,650,550
88344,37.4,27.4,145,108
88345,30.6,25.0,8423,6974
88346,32.7,27.6,3128,2341
88347,36.7,27.8,149,126
88348,34.1,31.6,394,319
88350,38.1,29.8,349,310
88351,31.1,27.6,165,146
88352,39.8,29.1,4747,3724
88353,37.1,36.2,305,239
88354,37.6,30.2,103,87
88355,34.9,29.5,152,117
88401,38.5,32.7,6813,5230
88410,33.9,26.4,92,74
88411,36.8,24.7,78,75
88415,35.3,28.4,3194,2583
88416,37.7,33.5,206,190
88417,35.9,31.7,80,69
88418,34.6,28.6,303,229
88419,33.8,27.3,183,134
88424,35.6,26.6,121,87
88426,36.1,28.4,1204,1022
88427,34.6,26.7,150,107
88430,36.8,27.0,90,73
88434,36.3,27.8,303,234
88435,37.8,33.2,3593,2914
88436,33.7,27.0,134,112
89001,32.1,24.4,876,619
89002,29.6,21.5,37603,28154
89003,43.7,35.9,902,723
89004,29.2,21.4,266,237
89005,29.1,22.8,14941,12564
89007,29.5,23.1,1142,759
89008,31.5,25.2,1242,935
89010,36.8,32.7,333,275
89011,29.9,23.3,34456,27378
89012,27.4,20.3,35211,28090
89013,35.1,31.2,261,214
89014,30.5,23.8,40761,32559
89015,32.1,26.8,41203,32205
89017,31.8,25.7,187,142
89018,34.1,32.0,1026,750
89019,32.5,26.9,2501,2062
89020,43.6,37.0,1158,853
89021,29.7,21.3,3270,2152
89022,36.2,28.0,133,105
89025,34.6,29.2,1194,857
89026,35.2,29.2,161,161
89027,29.8,27.5,17547,14748
89029,33.2,31.6,8927,7774
89030,39.2,40.5,56399,39563
89031,32.5,26.3,73386,54570
89032,33.8,29.2,47324,35263
89034,28.1,26.9,2900,2863
89039,33.1,35.1,242,220
89040,30.2,25.0,3265,2408
89042,30.4,23.2,938,655
89043,32.0,23.0,1250,1058
89044,26.4,19.8,27576,22015
89045,39.1,27.4,1574,1212
89046,33.4,33.8,562,468
89047,38.1,29.0,121,94
89048,39.7,32.6,25166,21171
89049,44.3,33.2,2499,1947
89052,27.0,21.0,59987,48173
89060,40.8,33.2,11857,10071
89061,37.0,28.4,7891,6715
89070,37.4,29.1,5192,5192
89074,28.6,21.6,52243,42392
89081,32.7,26.7,40772,29528
89084,30.2,24.3,31369,23875
89085,29.2,20.1,4261,3007
89086,33.1,25.2,6149,4384
89101,38.9,39.1,42465,32349
89102,34.8,34.3,36035,27770
89103,33.4,31.6,49461,40084
89104,36.0,35.7,41662,32346
89106,41.3,40.1,27695,19772
89107,34.8,33.3,37665,28425
89108,35.3,32.3,73637,55360
89109,34.5,31.3,7728,6795
89110,36.4,37.1,73954,52513
89113,27.4,23.7,35829,28937
89115,38.8,37.4,67043,45566
89117,29.6,24.8,57497,47619
89118,31.4,27.4,22588,18613
89119,34.4,31.3,48895,39362
89120,31.1,26.4,24813,20027
89121,35.4,34.0,68692,54009
89122,33.3,32.1,55522,43038
89123,29.3,23.8,55584,46021
89124,30.4,22.2,671,555
89128,30.5,24.9,37882,30483
89129,29.6,22.3,54067,42361
89130,31.4,25.1,34212,27211
89131,28.9,19.9,49985,37530
89134,25.6,23.3,24024,21370
89135,26.2,20.0,31763,25683
89138,25.1,16.2,21504,15486
89139,26.8,23.4,44960,34224
89141,27.1,20.4,37437,28442
89142,33.8,33.2,36108,26302
89143,30.1,21.3,13249,9415
89144,27.6,20.4,19533,15152
89145,31.5,26.9,24886,20155
89146,32.1,29.4,19777,15938
89147,29.2,26.5,55642,45216
89148,27.3,22.5,61281,47436
89149,29.2,20.9,41805,32048
89156,34.5,31.4,30067,21598
89158,25.0,18.1,477,464
89161,27.5,18.7,332,277
89166,28.6,18.4,26038,18562
89169,37.8,34.5,25938,20438
89178,27.3,21.2,42157,31414
89179,27.5,21.4,11852,8657
89183,28.9,22.9,40517,31173
89191,18.7,11.8,658,636
89301,34.5,25.7,6879,5433
89310,34.1,26.4,558,474
89311,37.2,31.5,169,134
89314,42.9,32.6,168,117
89316,38.1,31.2,1085,827
89317,32.2,25.4,381,285
89318,35.9,30.0,1035,815
89319,33.7,25.8,371,299
89402,23.6,13.2,221,202
89403,32.9,24.0,16824,13377
89404,34.5,22.1,65,58
89406,37.7,26.7,25204,19508
89408,35.0,26.0,23201,17275
89409,39.2,27.8,195,157
89410,27.9,22.4,11169,9256
89411,24.4,16.7,1342,1208
89412,28.9,20.2,257,214
89413,23.9,15.3,792,730
89414,38.5,28.7,290,218
89415,37.7,33.4,3534,2871
89418,35.9,27.1,381,293
89419,36.7,26.0,5157,4292
89421,39.0,27.4,458,333
89422,37.0,36.6,138,129
89423,26.7,20.8,11050,9308
89424,36.9,29.4,563,378
89425,35.3,25.8,371,278
89426,35.4,27.1,162,133
89427,42.4,36.0,809,564
89428,34.9,32.4,160,136
89429,37.6,31.2,8132,6633
89430,36.9,30.6,468,401
89431,31.6,28.1,40219,30733
89433,33.1,30.3,22065,16000
89434,27.1,20.4,28154,22540
89436,27.0,18.4,47393,36306
89439,28.0,19.7,2154,1762
89440,32.1,21.8,908,785
89441,27.4,18.0,13887,10721
89442,35.5,29.0,1212,911
89444,32.4,27.9,2939,2524
89445,36.3,26.6,16896,12422
89446,36.7,20.2,112,111
89447,38.4,33.9,8305,6552
89448,26.4,18.4,1905,1697
89449,27.0,17.1,2896,2527
89451,25.6,16.3,9531,8095
89460,27.8,21.9,13461,10908
89496,29.7,17.6,157,154
89501,32.6,26.7,3948,3687
89502,31.5,27.3,47062,36693
89503,28.0,21.0,28737,24572
89506,30.2,23.9,43321,32469
89508,29.6,21.3,13394,10315
89509,26.7,18.8,34817,28808
89510,29.2,21.9,1874,1492
89511,25.8,17.2,29143,23833
89512,30.7,27.3,30148,24214
89519,23.9,15.4,9610,7832
89521,26.3,17.3,39119,30170
89523,26.1,17.7,36646,29272
89557,28.4,23.9,1023,1010
89701,33.5,24.9,29213,23537
89703,29.5,20.3,10370,8769
89704,27.8,19.9,4503,3756
89705,27.9,21.5,5266,4193
89706,34.9,28.9,20778,16469
89801,37.9,25.8,26250,18994
89815,37.1,22.6,15856,11095
89820,36.3,28.8,5226,3846
89821,39.2,30.8,700,566
89822,37.0,23.5,1982,1502
89823,38.3,28.6,177,118
89825,39.6,30.9,884,672
89828,36.7,26.3,329,259
89830,39.5,31.5,130,99
89832,41.3,31.3,1338,918
89833,39.0,29.6,164,124
89834,37.7,28.6,136,101
89835,39.7,29.4,1689,1286
89883,41.5,33.5,4683,3082
90001,34.3,39.2,55859,39428
90002,35.1,38.5,53150,37021
90003,35.9,39.7,72764,50744
90004,25.8,27.9,58585,48418
90005,25.3,30.7,37987,32095
90006,29.6,36.7,58229,46560
90007,28.8,32.3,40944,34684
90008,33.0,27.3,33041,27049
90010,19.6,26.3,5400,4886
90011,35.8,42.3,102308,72347
90012,24.0,27.5,33851,30850
90013,33.6,31.6,15589,14945
90014,28.9,26.9,9254,8839
90015,27.2,26.4,27324,23679
90016,30.9,28.2,46512,37478
90017,30.3,34.0,27295,22670
90018,31.8,31.9,50179,39845
90019,27.9,27.7,62002,51384
90020,22.9,27.0,38694,32773
90021,37.0,35.9,5192,4697
90022,32.0,36.5,64517,48333
90023,33.1,38.8,45939,33467
90024,19.3,19.3,52862,48979
90025,21.1,15.4,45466,40134
90026,25.9,24.2,63329,53782
90027,24.6,19.3,44471,39492
90028,26.4,21.0,32330,29992
90029,27.4,28.2,34695,29382
90031,27.4,33.3,37333,29935
90032,28.1,31.0,43506,34843
90033,32.2,38.6,46081,34748
90034,22.6,16.9,57152,49546
90035,23.0,15.9,30294,24357
90036,22.4,15.3,39549,33603
90037,35.0,38.8,63706,46919
90038,28.8,27.3,27414,23650
90039,23.8,20.1,28059,23846
90040,30.7,34.1,12089,9222
90041,21.8,20.7,26654,22497
90042,25.9,24.4,58295,48003
90043,33.6,28.8,46179,37096
90044,35.9,37.2,94354,68059
90045,21.9,15.8,41035,34909
90046,24.0,15.7,49987,46030
90047,34.4,30.6,50154,39372
90048,22.6,15.1,22604,20223
90049,20.4,13.2,36980,31097
90056,28.1,20.0,8184,7038
90057,30.3,38.0,45510,35867
90058,35.5,42.8,3751,2640
90059,35.3,37.1,43551,30451
90061,34.6,35.1,29570,21399
90062,33.5,34.0,32524,25206
90063,31.4,36.0,50227,37769
90064,20.9,15.5,27553,22610
90065,25.8,25.4,44328,36302
90066,22.6,17.5,55304,46668
90067,19.9,18.7,3344,3130
90068,23.5,14.9,24361,22013
90069,23.6,14.7,20584,19632
90071,36.5,29.2,907,840
90073,37.1,50.9,936,845
90077,20.6,14.9,8874,7187
90089,27.6,28.7,5172,5114
90094,20.2,12.3,12746,10618
90201,34.1,39.6,95810,69899
90210,21.6,16.0,21134,17489
90211,21.8,15.9,8260,6728
90212,22.0,14.9,11451,9473
90220,34.0,33.8,50412,36887
90221,33.6,35.9,52561,37775
90222,32.7,32.7,32397,23289
90230,23.2,19.4,32743,26229
90232,22.2,16.9,16452,13697
90240,26.6,25.2,26495,20655
90241,28.0,27.5,44921,34865
90242,27.9,26.8,42939,33417
90245,22.0,14.3,17272,13722
90247,26.3,28.9,48543,38802
90248,24.3,26.7,11295,9184
90249,27.3,26.7,27125,21581
90250,30.6,28.8,97653,74716
90254,21.7,12.7,19736,16281
90255,32.8,37.9,71157,53319
90260,29.0,29.4,33338,26015
90262,32.7,35.5,67099,49547
90263,12.3,10.7,1972,1959
90265,22.5,15.6,15186,12874
90266,20.4,12.8,35506,27257
90270,32.8,38.3,25113,18357
90272,20.7,13.7,22849,17822
90274,18.6,15.4,25307,20292
90275,18.5,16.7,42452,34101
90277,22.2,14.8,37856,31802
90278,21.9,15.8,42188,32414
90280,31.0,33.9,92678,69893
90290,23.7,15.4,6640,5427
90291,23.8,14.9,28442,25030
90292,22.4,14.4,27681,25172
90293,21.6,13.4,12633,11327
90301,32.8,31.8,36270,28387
90302,31.9,27.1,29264,23040
90303,33.3,32.1,24490,18693
90304,32.0,35.3,26058,19356
90305,32.3,24.3,15367,12812
90401,23.9,16.3,8167,7534
90402,20.5,13.9,12295,10040
90403,22.5,15.4,25278,21981
90404,24.3,19.2,21995,18878
90405,23.0,15.5,27966,24090
90501,24.2,24.7,43990,34595
90502,21.9,24.7,18977,15905
90503,19.4,18.7,45386,36194
90504,20.8,22.1,32503,26354
90505,19.8,18.4,36643,29276
90601,27.7,26.1,32625,25936
90602,29.6,29.0,25521,19642
90603,25.1,21.4,21174,16450
90604,26.8,24.7,40110,30826
90605,28.0,26.8,40189,30904
90606,28.9,29.3,32078,25021
90620,23.7,26.6,46564,36907
90621,23.5,27.7,36972,28637
90623,19.6,24.0,15906,12945
90630,21.1,21.8,49965,39156
90631,26.0,25.7,69533,54272
90638,22.9,22.9,46967,38424
90639,13.2,11.3,1511,1509
90640,27.5,31.0,62678,49356
90650,26.9,28.4,102891,80246
90660,29.1,31.3,62013,48819
90670,28.3,29.8,17761,14163
90680,26.0,32.5,30045,23432
90701,21.7,27.4,16434,13325
90703,16.7,21.1,49735,40882
90704,28.7,26.6,3715,2917
90706,28.7,28.9,79179,60613
90710,25.7,26.1,26605,21001
90712,24.0,20.6,32332,25694
90713,24.5,20.2,28755,22772
90715,24.0,24.9,20999,16363
90716,29.0,33.2,14098,10534
90717,25.4,24.0,22044,17834
90720,23.6,20.6,22955,17608
90723,31.4,32.9,53770,39803
90731,29.3,27.8,61270,48323
90732,24.6,21.0,21397,17780
90740,21.3,21.3,24769,21737
90742,23.1,16.4,748,691
90743,22.1,16.7,466,422
90744,32.6,36.6,53074,38921
90745,23.9,28.5,59937,48719
90746,29.5,24.8,27147,22378
90755,24.7,21.6,11923,9495
90802,28.0,22.1,41686,36840
90803,23.1,15.9,32192,28633
90804,28.1,27.1,39370,31568
90805,30.7,31.3,95350,71345
90806,29.0,31.5,41611,31783
90807,25.3,21.8,32412,26218
90808,23.5,18.1,39747,31588
90810,26.7,30.0,38529,29864
90813,31.5,35.1,54565,40576
90814,25.2,18.2,19042,16352
90815,23.1,18.3,41837,34361
90822,36.2,39.9,54,51
91001,25.8,19.9,36578,29591
91006,17.2,21.9,31949,25635
91007,16.5,21.9,33804,27196
91008,19.4,18.8,1010,848
91010,25.0,26.6,26730,21824
91011,18.5,15.1,20588,15697
91016,24.4,21.8,41852,33717
91020,22.3,19.9,8439,6688
91024,21.5,15.6,11268,9143
91030,19.4,15.9,26927,20702
91040,25.9,22.6,21588,18073
91042,26.3,23.5,28036,23187
91046,19.0,21.8,141,134
91101,23.5,20.6,20583,18338
91103,29.2,28.8,26887,21521
91104,25.7,21.8,34707,28275
91105,20.0,15.3,13869,11862
91106,22.4,18.7,24172,20724
91107,21.6,18.7,33729,27924
91108,14.9,16.4,12777,10113
91125,18.5,14.6,161,140
91201,26.6,24.2,22608,18962
91202,23.8,20.2,22875,19036
91203,24.3,21.3,16930,14488
91204,25.7,26.0,17302,14739
91205,26.6,26.3,36693,30820
91206,24.2,21.7,33252,27872
91207,23.7,19.9,10369,8651
91208,21.9,17.3,16776,13615
91210,25.0,21.9,555,459
91214,20.4,17.0,31097,24293
91301,22.2,15.5,24790,19534
91302,21.7,14.9,25468,20085
91303,28.4,28.2,28457,22254
91304,25.9,25.0,52386,41353
91306,26.7,28.2,46669,36985
91307,22.4,18.5,24855,19805
91311,23.2,20.5,39014,32098
91316,23.8,18.0,28777,23866
91320,22.7,18.0,44462,34665
91321,26.0,23.8,33560,25795
91324,24.5,23.7,29500,24074
91325,24.8,23.3,35250,28742
91326,20.2,18.5,38041,30393
91330,20.5,19.0,2273,2209
91331,30.8,35.2,100720,76200
91335,27.0,27.3,76650,61254
91340,30.0,32.0,34610,26247
91342,28.9,29.7,96429,73907
91343,27.4,29.0,62595,47911
91344,23.8,21.9,52481,42392
91345,26.9,28.3,18895,15202
91350,24.2,19.1,41514,31332
91351,26.4,23.3,34684,26772
91352,29.3,31.4,47274,37021
91354,22.4,17.1,33962,25205
91355,23.3,18.3,32886,26578
91356,23.7,18.2,30664,24884
91360,23.4,20.2,43046,35062
91361,22.3,17.1,20262,16744
91362,23.0,18.0,35803,28646
91364,23.2,16.4,27071,21910
91367,23.0,17.8,46498,38295
91377,21.4,15.3,13898,10683
91381,21.9,17.6,20862,15793
91384,25.9,21.6,28585,23208
91387,26.0,22.3,45749,34378
91390,24.3,18.2,20128,15555
91401,27.9,25.2,39621,32036
91402,29.4,34.3,70140,53099
91403,22.7,15.0,25329,21324
91405,29.3,29.1,55319,43347
91406,28.9,28.1,53252,42112
91411,28.2,26.2,24984,19847
91423,23.4,15.4,32635,27603
91436,21.8,15.9,15189,11884
91501,25.2,20.8,21157,17424
91502,26.0,23.5,11665,9911
91504,24.5,20.3,26678,21427
91505,24.0,18.4,32371,26755
91506,24.1,19.2,19338,16008
91601,26.1,20.0,39429,34184
91602,24.4,16.3,19647,17251
91604,22.7,14.5,30947,25943
91605,28.6,29.7,54341,42921
91606,28.7,27.7,43955,35666
91607,25.5,18.6,30502,25436
91701,29.1,19.8,38778,30727
91702,26.9,27.6,62328,48898
91706,27.3,33.0,73313,56682
91708,28.3,20.4,14381,10467
91709,24.9,19.8,78530,61511
91710,30.9,25.2,82576,64884
91711,20.8,17.2,38122,31836
91722,26.0,26.3,36111,28528
91723,26.3,24.7,19653,15425
91724,25.2,23.9,27180,21726
91730,31.7,22.5,68883,53007
91731,26.1,35.4,28197,22082
91732,26.5,35.7,60137,46147
91733,28.3,37.8,41990,31939
91737,29.3,20.5,24568,19245
91739,28.4,19.0,42411,31978
91740,25.5,22.9,26644,21328
91741,23.0,18.8,26999,21389
91744,27.7,31.8,81817,62998
91745,21.6,26.5,54280,44116
91746,27.7,31.8,29509,23102
91748,19.0,27.8,44737,36734
91750,24.1,21.1,33376,26864
91752,35.9,27.8,38610,28761
91754,19.1,29.8,33300,27522
91755,18.6,33.0,27637,23021
91759,31.1,20.7,432,372
91761,32.4,25.8,60306,45997
91762,33.5,27.9,62524,46768
91763,34.1,30.7,37631,28399
91764,35.1,29.5,55322,41235
91765,18.3,21.9,46449,37980
91766,28.7,31.0,70701,53233
91767,29.0,29.7,51654,39980
91768,27.6,28.8,35568,27835
91770,20.2,34.2,59360,48779
91773,24.4,21.8,34592,27935
91775,18.6,22.5,24252,19499
91776,19.2,30.5,38031,31682
91780,18.4,25.5,35751,28869
91784,27.1,18.1,26718,21799
91786,31.4,23.1,55763,43112
91789,16.9,22.4,41235,34038
91790,24.8,27.7,46364,37006
91791,23.0,25.2,34267,27597
91792,21.9,26.6,30683,24763
91801,20.0,26.4,53669,45047
91803,21.0,28.4,29374,24311
91901,27.2,20.1,17688,13882
91902,24.5,20.5,17902,14293
91905,32.7,29.2,1799,1459
91906,30.3,25.6,3904,2929
91910,27.7,25.4,79613,62146
91911,29.1,28.7,85442,65503
91913,23.4,19.9,55923,40480
91914,23.6,19.3,17522,12844
91915,24.0,18.4,33218,23871
91916,26.6,20.3,1720,1375
91917,28.3,25.6,1126,869
91931,26.5,19.1,481,414
91932,29.0,25.4,26013,20129
91934,32.5,30.0,693,555
91935,25.8,20.0,8841,7124
91941,26.1,19.3,33895,26938
91942,26.2,19.4,40813,33464
91945,28.7,25.1,27814,21642
91948,28.1,23.2,87,71
91950,28.3,30.9,57849,44397
91962,26.7,19.9,1860,1477
91963,31.4,27.9,1101,789
91977,27.8,23.3,60795,46100
91978,27.6,22.0,9949,7598
91980,30.2,27.7,145,114
92003,25.5,19.1,4781,3829
92004,25.6,22.8,3414,2923
92007,24.3,15.5,10981,8922
92008,24.6,16.6,27282,22509
92009,22.7,14.8,44816,34107
92010,23.9,16.7,18887,14520
92011,22.6,14.5,23757,18593
92014,20.8,12.5,13203,11084
92019,26.7,20.7,45108,35217
92020,29.4,25.4,60454,46033
92021,29.4,24.6,70584,53498
92024,23.2,14.8,51190,40881
92025,29.5,27.2,51586,38153
92026,26.1,22.5,52797,41603
92027,28.3,25.9,56840,42907
92028,27.1,22.8,51614,40557
92029,24.1,18.7,21236,17117
92036,25.3,18.3,3735,3146
92037,21.3,15.4,41260,34943
92040,27.7,21.3,43640,33590
92054,28.1,22.2,38667,31440
92055,18.2,14.1,9684,9604
92056,24.7,19.5,53750,43745
92057,25.8,21.7,57844,45170
92058,24.8,20.6,45389,35326
92059,29.2,22.2,1872,1265
92060,27.7,21.8,288,246
92061,27.2,22.5,2246,1778
92064,23.0,17.0,48884,37605
92065,27.0,20.8,37047,28659
92066,27.9,23.4,330,279
92067,21.4,14.0,9344,7559
92069,26.6,22.7,49407,36813
92070,27.5,21.0,1093,895
92071,26.2,19.5,60163,46771
92075,22.8,14.8,12051,9859
92078,23.8,18.4,52347,39776
92081,25.5,19.1,28745,23402
92082,26.7,20.8,20860,16321
92083,28.2,24.3,39219,29619
92084,27.9,24.4,49941,38225
92086,27.2,23.7,1490,1349
92091,21.2,14.2,1571,1386
92092,15.5,17.2,5251,5230
92093,18.6,15.1,5076,5020
92101,25.8,17.6,47505,44665
92102,30.0,26.7,39783,31260
92103,24.0,15.0,33311,30378
92104,25.8,16.8,44265,38347
92105,29.1,30.5,66579,50254
92106,22.7,14.9,20214,16731
92107,23.9,13.8,28684,24616
92108,24.3,16.3,24266,21817
92109,22.5,12.6,44671,39752
92110,24.2,17.4,31048,26805
92111,24.0,20.5,46686,37758
92113,33.8,34.2,50457,36565
92114,27.1,27.2,66248,51273
92115,26.3,22.9,64251,52752
92116,25.2,15.5,31523,27755
92117,24.4,18.2,51505,42766
92118,22.0,14.4,20629,16940
92119,23.8,16.6,24298,19319
92120,23.7,16.2,30768,25121
92121,19.5,15.4,4658,3949
92122,19.8,16.7,45646,39578
92123,23.5,17.5,30937,24946
92124,24.0,16.0,30530,22267
92126,19.2,19.7,74788,60837
92127,19.6,14.3,52274,36551
92128,20.6,15.9,49083,39898
92129,20.0,16.0,52415,40024
92130,19.6,13.2,61595,45215
92131,20.0,13.9,36394,27343
92134,16.5,12.4,396,370
92135,18.0,12.6,1610,1591
92136,33.9,33.1,7014,6976
92139,24.3,24.6,35771,27681
92140,17.5,14.8,2183,1940
92145,16.7,12.8,6057,6057
92147,16.1,9.6,256,255
92154,28.0,27.1,84027,65288
92155,17.1,9.6,210,210
92161,23.9,17.1,66,61
92173,31.6,33.4,29703,21867
92179,33.4,25.5,3824,3824
92201,39.7,33.3,66989,49557
92203,34.8,24.4,31366,24191
92210,30.3,22.4,4757,4442
92211,31.2,24.0,26403,23610
92220,38.1,32.5,32947,26168
92222,36.8,37.8,64,50
92223,36.0,25.4,59924,44298
92225,44.0,35.2,21104,17108
92227,35.0,35.5,27492,19414
92230,39.0,29.3,2650,1940
92231,34.9,37.9,39542,29539
92233,38.6,37.9,7019,5727
92234,37.8,29.9,51509,40408
92236,40.7,36.1,42220,28597
92239,43.3,39.5,292,240
92240,41.1,32.8,40920,29616
92241,39.6,33.0,9270,7526
92242,34.6,29.3,1231,1095
92243,35.0,35.7,49149,36222
92249,35.2,35.1,6975,4883
92250,34.0,34.3,7883,5840
92251,34.2,30.5,25851,19176
92252,33.8,23.8,8463,6966
92253,34.7,24.3,37422,31090
92254,43.3,41.4,12414,8183
92256,36.7,27.1,3517,2949
92257,37.3,41.4,1676,1380
92258,41.3,34.4,1236,911
92259,34.7,39.8,328,274
92260,34.3,25.5,31641,27363
92262,36.9,25.1,26593,23263
92264,33.7,22.1,19254,17982
92266,39.2,43.9,198,190
92267,32.8,28.7,86,70
92268,34.8,26.4,489,478
92270,31.9,24.4,16999,15686
92273,35.4,34.5,1694,1236
92274,42.0,41.8,19251,12866
92275,34.2,37.0,1390,1024
92276,39.8,33.1,7953,6308
92277,33.1,23.2,23988,17851
92278,26.3,17.0,6371,6371
92281,39.4,45.2,2122,1458
92282,42.3,32.2,1350,1071
92283,38.5,37.9,2695,1904
92284,34.4,26.4,25931,20463
92285,36.1,29.1,2769,2469
92301,38.3,31.8,38912,26466
92305,31.1,20.0,581,457
92307,34.5,26.0,41649,30904
92308,34.4,27.6,42469,32295
92309,39.3,33.0,452,302
92310,28.8,16.5,8102,5580
92311,37.1,29.8,34524,24168
92313,31.6,23.7,13150,10319
92314,32.6,22.5,10411,8413
92315,31.7,22.3,5148,4294
92316,35.3,30.1,31463,22959
92317,30.4,18.1,1089,902
92320,35.6,24.9,10036,8021
92321,32.8,23.3,1310,1057
92322,31.3,21.5,1441,1197
92324,35.2,29.6,58626,43124
92325,31.3,20.1,9892,8039
92327,39.5,32.9,484,397
92328,29.8,21.6,640,597
92332,37.1,32.5,97,83
92333,31.4,22.5,510,464
92335,36.2,31.8,96605,69193
92336,31.2,23.1,100594,73657
92337,33.0,26.0,36394,27173
92339,31.7,19.6,1053,874
92341,36.2,26.0,458,394
92342,31.0,21.3,6955,5405
92344,33.1,24.6,23166,16516
92345,36.4,30.3,86499,62275
92346,33.1,26.3,57812,43233
92347,35.7,28.6,888,685
92350,24.3,19.1,258,246
92352,30.7,19.9,7038,5754
92354,26.8,22.2,22626,18112
92356,37.5,32.1,6050,4742
92358,31.5,20.9,834,695
92359,32.5,23.0,8900,6806
92363,38.4,32.6,5634,4353
92365,37.2,31.9,2214,1808
92368,36.3,30.9,858,636
92369,52.6,51.4,1481,1476
92371,34.6,27.3,16345,12494
92372,36.1,29.6,5594,4398
92373,27.3,17.9,35348,28385
92374,30.1,22.0,43587,33395
92376,36.6,31.2,84548,60707
92377,33.6,24.1,20734,15721
92378,34.1,23.3,677,525
92382,32.5,20.8,5721,4560
92385,31.1,19.7,221,190
92386,33.5,22.7,2477,2058
92389,31.1,26.0,123,118
92391,33.3,22.4,2239,1766
92392,35.5,28.3,62294,43652
92394,37.0,29.1,41057,28724
92395,36.7,30.4,47556,34243
92397,30.0,18.8,5485,4345
92398,33.2,24.3,1234,955
92399,31.5,22.1,55794,42746
92401,42.4,41.6,2016,1415
92404,37.0,31.3,64270,45745
92405,38.0,32.0,32165,22844
92407,34.5,27.2,67814,49387
92408,35.0,33.0,13488,9796
92410,39.5,37.1,51651,35906
92411,39.1,36.8,27014,18592
92501,38.5,27.8,22017,17107
92503,37.6,29.2,90011,67299
92504,36.7,27.4,54642,42050
92505,37.6,29.3,50919,38519
92506,34.5,22.0,45185,35745
92507,36.1,27.7,63191,50100
92508,33.5,21.3,35415,26297
92509,38.9,31.2,78166,57484
92518,39.0,39.9,806,711
92530,38.5,28.6,59098,42908
92532,35.6,23.9,27560,19605
92536,36.6,27.0,3737,3120
92539,37.7,28.8,4966,4125
92543,42.3,36.2,39323,29259
92544,39.9,30.7,50007,37036
92545,37.8,31.1,44072,34719
92548,41.1,34.7,7408,5425
92549,34.3,20.9,4234,3606
92551,39.9,30.6,34294,24362
92553,41.4,33.7,76761,54607
92555,37.1,26.4,43580,32230
92557,38.8,28.2,54549,40805
92561,36.8,24.8,1648,1412
92562,33.7,21.5,64270,48450
92563,32.8,21.1,73224,52927
92567,39.6,31.2,9729,7249
92570,40.4,33.3,59015,42289
92571,40.0,31.7,59450,40833
92582,38.5,28.8,21161,14766
92583,41.3,33.6,34674,24827
92584,34.5,22.0,55517,40668
92585,37.8,27.8,24887,18361
92586,36.5,30.8,22188,19303
92587,36.5,24.3,17529,13423
92590,36.4,25.3,4840,3870
92591,33.4,21.0,42021,31616
92592,32.6,19.4,79740,58599
92595,36.3,25.4,34405,26181
92596,34.1,21.3,31081,21803
92602,18.1,17.1,29581,21760
92603,19.5,17.3,20137,15441
92604,19.7,19.1,27151,21575
92606,19.8,19.6,23383,18455
92610,20.9,16.2,12545,9654
92612,20.5,20.4,31822,27779
92614,20.4,18.6,28456,22997
92617,20.6,21.6,25232,23790
92618,18.8,17.0,57488,43450
92620,17.7,18.0,64424,47892
92624,24.7,20.0,7170,5909
92625,21.5,15.8,12017,10424
92626,24.3,20.8,50885,41887
92627,27.0,23.2,61764,49066
92629,24.1,18.6,25939,22124
92630,24.0,21.5,66359,52477
92637,19.3,27.7,17644,17539
92646,23.2,19.4,56788,46328
92647,25.1,23.3,60455,48507
92648,23.9,19.5,46691,39084
92649,23.5,19.3,34082,28647
92651,23.1,16.6,24096,20612
92653,23.4,20.3,30077,24206
92655,23.3,36.0,8878,7037
92656,23.2,17.5,53473,41702
92657,20.4,15.6,10294,8144
92660,22.2,16.6,36259,29458
92661,22.3,16.1,3457,3068
92662,20.9,15.5,2490,2249
92663,23.4,16.7,20812,18108
92672,24.1,18.7,41067,33719
92673,23.7,17.7,29642,22094
92675,25.6,22.5,35203,27658
92676,25.8,19.4,1997,1692
92677,23.3,18.3,64355,52656
92678,25.0,19.3,651,549
92679,22.8,16.1,31016,24272
92683,22.2,32.6,90946,73539
92688,24.2,18.9,44688,34125
92691,24.4,21.1,47918,38500
92692,22.7,19.0,46434,38050
92694,22.5,15.4,36637,24876
92701,32.3,36.6,48789,35028
92703,29.0,35.9,65621,49488
92704,27.3,32.4,82841,63105
92705,25.1,23.0,45902,35561
92706,28.7,31.8,35621,26748
92707,29.0,31.7,56456,42989
92708,20.6,23.5,57192,46543
92780,26.5,26.6,56034,43207
92782,20.0,17.9,29266,22465
92801,28.0,32.0,63163,48027
92802,28.4,33.0,41914,31849
92804,26.7,31.8,86127,66973
92805,28.8,30.9,74633,56893
92806,26.5,26.6,40649,32102
92807,23.1,20.9,37627,29908
92808,22.2,18.9,20056,16129
92821,22.8,21.4,41335,32653
92823,18.9,18.8,6010,4673
92831,24.3,23.4,38953,31929
92832,27.9,28.5,26277,20789
92833,22.7,25.2,52598,40842
92835,21.4,21.3,25450,20359
92840,23.5,29.9,54365,43271
92841,22.9,31.7,34376,27228
92843,23.4,33.7,45480,35470
92844,21.8,34.6,23668,18831
92845,23.2,20.6,16520,13051
92860,36.6,24.3,26376,21581
92861,21.7,20.4,5843,4789
92865,24.9,22.1,20859,16186
92866,26.8,25.5,15935,12873
92867,24.7,23.0,44927,35172
92868,26.0,24.8,27127,22348
92869,23.8,21.6,36349,29203
92870,24.2,23.4,52749,40945
92879,36.2,27.7,47243,35602
92880,31.3,22.1,75365,54312
92881,33.3,22.4,31590,24098
92882,35.5,25.7,67894,51178
92883,34.2,22.3,34836,26033
92886,22.2,19.4,50001,39005
92887,21.5,18.0,20770,16539
93001,27.2,23.0,33859,27203
93003,25.6,21.7,50558,40670
93004,25.1,21.3,31942,25095
93010,23.9,20.6,46223,36766
93012,22.4,19.2,37550,30556
93013,25.5,21.3,16299,13134
93015,28.5,28.0,18789,13813
93021,23.8,19.1,38103,29229
93022,26.4,21.4,6172,4902
93023,25.7,22.5,20937,17255
93030,28.7,31.1,59011,43288
93033,29.8,35.1,79539,56470
93035,25.5,23.0,28070,23111
93036,28.0,28.5,48656,36358
93040,28.8,28.5,1927,1373
93041,27.8,26.9,22918,17471
93043,18.8,14.2,523,509
93060,30.0,32.0,33859,24987
93063,24.1,20.8,55076,44257
93064,21.9,18.5,57,51
93065,24.6,20.8,73943,58157
93066,24.5,21.2,3141,2504
93067,23.6,17.6,734,637
93101,28.2,24.4,30513,25330
93103,26.0,21.5,20029,16549
93105,23.0,18.0,26003,21941
93106,14.5,14.3,5203,5149
93108,21.1,16.0,11243,9634
93109,24.2,18.3,11041,9404
93110,24.0,19.8,16317,13392
93111,23.5,19.6,18468,14987
93117,23.3,22.1,53430,45436
93201,38.8,40.9,1260,796
93202,35.9,33.4,4154,2911
93203,41.0,43.9,20777,13344
93204,40.5,40.0,13720,10473
93205,37.0,31.7,2081,1778
93206,39.0,38.5,1940,1319
93207,33.1,28.9,311,273
93208,33.5,30.0,135,125
93210,41.5,33.6,18581,14440
93212,40.6,38.3,23138,18495
93215,37.0,38.3,53626,39527
93218,34.4,34.5,979,689
93219,37.6,42.1,9324,6172
93220,34.5,28.2,214,158
93221,33.3,28.3,15024,11100
93222,32.1,24.2,2192,1907
93223,39.2,40.9,10487,7092
93224,35.6,32.9,388,297
93225,36.4,29.6,4775,3844
93226,35.3,31.1,297,240
93227,35.2,38.8,137,90
93230,33.5,29.1,68412,49514
93234,45.4,45.8,6745,4341
93235,38.5,41.5,4651,3199
93237,31.3,24.8,169,153
93238,35.6,29.1,1603,1369
93239,39.2,41.9,1376,933
93240,41.4,39.2,5691,4567
93241,43.8,49.1,15707,10357
93242,39.4,32.6,3073,2253
93243,37.6,30.9,1386,1106
93244,30.9,22.3,229,178
93245,31.9,26.1,38045,26757
93246,21.9,15.4,941,907
93247,38.0,39.1,18210,12216
93249,40.0,40.9,2590,1658
93250,41.2,42.7,14892,9806
93251,37.2,35.4,250,175
93252,36.5,33.9,1499,1153
93254,30.2,27.1,780,559
93255,36.2,28.9,630,521
93256,36.2,36.0,5754,3697
93257,35.7,34.9,79569,54353
93258,32.9,37.1,1921,1302
93260,33.6,28.8,221,206
93261,40.3,46.5,2513,1626
93263,38.3,35.9,22341,15090
93265,32.5,26.9,4117,3312
93266,39.0,41.4,1521,1088
93267,38.6,39.5,6119,4155
93268,37.1,32.4,18502,13490
93270,34.6,33.6,5637,3964
93271,27.8,19.3,1930,1644
93272,39.1,41.0,3468,2293
93274,35.3,32.5,78493,54518
93276,35.7,31.6,177,123
93277,32.1,26.5,53196,39797
93280,38.8,36.7,28182,20158
93283,37.3,32.6,1880,1557
93285,35.5,32.6,2457,2149
93286,37.5,38.4,9735,6858
93287,36.5,32.3,221,181
93291,32.1,27.5,63366,43740
93292,32.9,28.1,43316,31506
93301,40.0,35.9,14518,10702
93304,40.3,38.8,50837,35341
93305,41.9,41.9,38392,25783
93306,36.8,33.5,74623,52240
93307,40.2,40.6,88338,58839
93308,35.3,28.4,56037,41615
93309,35.6,30.6,61079,45587
93311,29.0,21.6,52466,38461
93312,30.6,21.3,58714,42772
93313,32.2,28.1,58322,41287
93314,30.7,21.3,33619,24035
93401,25.8,17.9,29877,25047
93402,25.5,18.2,14500,11981
93405,26.6,22.3,23331,20324
93407,26.9,27.1,462,462
93409,39.2,32.5,3806,3803
93410,24.7,23.7,7929,7917
93420,25.3,18.3,30540,24920
93422,27.7,20.3,33041,26192
93424,23.3,15.6,1256,1161
93426,29.5,22.8,1260,1058
93427,25.6,19.2,5864,4530
93428,26.0,21.4,5951,5279
93429,32.3,30.7,153,114
93430,25.2,18.3,2849,2484
93432,26.9,19.4,1174,961
93433,29.1,24.3,12643,10263
93434,32.9,37.5,8120,5584
93436,29.1,27.9,56730,43129
93437,21.6,13.2,3560,2342
93440,26.7,21.5,2048,1564
93441,24.4,18.8,1295,1036
93442,26.0,19.3,11390,9873
93444,27.1,21.7,22293,17575
93445,31.0,26.8,7040,5547
93446,28.4,22.2,45979,35584
93449,25.1,17.8,8096,7076
93450,31.1,24.5,541,372
93451,29.4,22.7,4820,3441
93452,28.0,22.5,522,397
93453,26.9,18.7,3045,2421
93454,29.4,30.3,40994,29366
93455,25.9,22.3,45282,34818
93458,31.4,36.2,59927,40341
93460,25.6,20.6,5728,4750
93461,29.1,22.0,1503,1061
93463,24.2,20.6,8731,7291
93465,25.8,17.2,10121,7752
93501,39.0,36.1,5772,4155
93505,39.6,33.4,14880,11306
93510,26.4,21.3,7591,6264
93512,33.9,22.3,243,200
93513,29.9,23.7,1870,1445
93514,28.3,22.0,14361,11395
93516,38.2,33.2,2114,1565
93517,31.2,22.5,768,648
93518,34.7,27.9,1138,934
93519,37.4,36.4,64,57
93523,33.0,23.5,3293,2186
93524,23.8,14.2,80,74
93526,29.3,24.3,628,528
93527,32.3,23.0,2315,1869
93528,36.4,37.4,113,104
93529,32.7,21.8,619,510
93530,30.2,27.1,71,66
93531,30.0,20.2,531,435
93532,26.5,20.3,2373,1923
93534,31.6,30.4,43906,32639
93535,32.1,31.1,82149,57721
93536,27.8,23.6,74283,56504
93541,32.6,23.7,488,383
93543,32.4,34.6,14132,10375
93544,29.0,27.2,1126,978
93545,30.8,26.6,2072,1643
93546,31.1,19.8,8545,6750
93549,31.0,26.5,235,203
93550,32.3,33.0,82379,58357
93551,26.6,23.0,56001,42533
93552,30.6,30.3,42468,30405
93553,28.7,26.4,1921,1579
93555,32.0,23.3,32810,24673
93560,35.8,28.9,21581,15559
93561,31.9,23.4,31091,23780
93562,35.8,27.0,1633,1227
93563,27.8,20.8,143,110
93581,37.8,27.3,3660,3650
93591,33.1,34.9,7450,5420
93601,32.7,25.1,1858,1529
93602,35.0,22.9,3402,2651
93603,28.7,24.0,280,225
93604,30.6,23.3,627,564
93605,35.6,23.7,144,101
93606,41.2,38.7,1352,861
93608,46.0,45.7,1173,811
93609,40.0,35.3,5694,3966
93610,39.3,33.0,23859,18374
93611,31.8,21.0,47041,35516
93612,36.7,28.4,37368,28137
93614,31.0,22.4,11574,9315
93615,40.6,44.4,5373,3531
93616,39.6,36.2,2225,1645
93618,38.4,38.0,30709,20902
93619,31.0,19.1,50032,35929
93620,37.9,37.9,10311,7296
93621,34.8,23.0,520,402
93622,45.6,46.1,9884,6789
93623,33.4,24.4,75,67
93624,48.3,47.6,806,527
93625,38.5,34.2,8194,5956
93626,32.8,21.4,2132,1670
93627,45.3,43.0,188,116
93628,35.3,20.6,329,249
93630,40.8,37.6,21103,14620
93631,35.7,27.7,16843,12381
93635,34.5,33.5,48510,33567
93636,32.0,24.2,14004,10701
93637,35.9,31.9,40202,28058
93638,39.9,39.6,51106,34045
93640,46.2,45.9,13865,9271
93641,35.1,24.2,587,488
93643,31.7,21.9,3130,2489
93644,32.2,24.5,7751,6400
93645,30.6,22.0,297,231
93646,45.1,44.9,10492,6876
93647,39.2,44.6,11143,7612
93648,44.6,43.0,15393,10267
93650,39.9,33.5,3744,2641
93651,33.3,21.0,1445,1200
93652,43.0,41.2,410,274
93653,33.3,24.6,1050,841
93654,40.3,36.3,30620,21924
93656,39.9,36.0,6459,4479
93657,38.4,31.9,37464,26913
93660,45.5,45.1,4173,2677
93662,39.8,35.0,30774,21947
93664,36.3,25.4,614,521
93665,41.8,42.0,537,363
93666,43.4,44.7,668,423
93667,35.0,21.9,2294,1785
93668,45.0,45.3,1054,716
93669,30.2,20.8,316,274
93670,40.5,43.1,80,57
93673,41.1,43.5,667,452
93675,36.2,25.3,3820,3089
93701,44.2,42.1,12037,8008
93702,43.3,43.3,45741,30924
93703,42.5,40.7,34840,24026
93704,37.4,27.1,28573,22148
93705,41.4,35.2,38125,26387
93706,44.9,43.5,40965,28009
93710,35.9,27.9,30552,23882
93711,32.1,21.8,37901,30951
93720,30.7,20.0,47814,37510
93721,45.7,41.0,7899,6826
93722,36.5,29.7,87364,62397
93723,33.4,27.6,12037,8841
93725,38.4,35.4,26162,18022
93726,39.4,34.0,42366,30772
93727,34.2,29.4,83212,58138
93728,41.2,33.8,16191,12317
93730,29.4,18.4,13687,10268
93737,29.3,21.2,6596,4639
93740,29.6,23.1,1213,1180
93741,39.7,30.5,84,76
93901,30.4,24.9,29700,22382
93905,35.8,37.1,64209,43229
93906,31.2,28.3,66381,47901
93907,31.3,27.7,23315,18007
93908,26.4,17.6,13188,10407
93920,29.9,19.7,1140,965
93921,23.5,15.9,2956,2651
93923,24.1,16.8,12338,10604
93924,25.7,15.6,6609,5471
93925,34.1,33.0,1515,1079
93926,35.6,34.6,9187,6363
93927,35.6,35.3,19976,13040
93928,30.9,22.2,259,193
93930,35.8,35.3,16206,11061
93932,30.7,23.3,533,426
93933,28.2,22.1,27218,20796
93940,26.1,17.4,30454,26135
93944,21.2,14.1,3395,3368
93950,25.8,16.9,15082,12425
93953,23.3,15.7,4271,3611
93954,35.3,33.5,371,243
93955,31.4,26.0,32703,24642
93960,36.1,32.3,26093,19630
93962,33.4,29.0,692,497
94002,21.3,16.2,28513,22338
94005,23.1,20.3,4836,3939
94010,20.9,16.0,44045,33883
94014,21.5,26.0,48677,39933
94015,19.1,22.9,63489,52907
94018,25.7,16.5,3513,2908
94019,25.8,19.4,15483,12489
94020,27.2,20.2,1732,1504
94021,27.8,20.5,171,149
94022,19.7,16.0,20842,16241
94024,19.7,15.7,23263,17696
94025,22.5,15.7,42354,32496
94027,19.6,14.3,7270,5886
94028,21.6,15.4,6904,5504
94030,19.1,20.6,23212,18676
94037,25.4,17.8,2811,2291
94038,25.5,18.2,3176,2575
94040,20.9,16.9,36501,28829
94041,23.0,18.3,15604,12775
94043,21.0,17.2,31414,25699
94044,23.7,18.5,38675,31323
94060,28.1,21.0,1513,1216
94061,25.3,19.6,36704,28961
94062,23.1,15.0,26689,21494
94063,28.3,25.2,35836,28417
94065,18.7,14.1,12781,9887
94066,22.8,20.8,44147,36092
94070,22.2,15.2,31585,24199
94074,27.1,20.1,282,218
94080,22.3,23.4,66592,54174
94085,20.9,19.8,24031,19873
94086,19.4,18.2,50175,40939
94087,18.7,17.4,58344,44101
94089,21.0,20.7,23255,19617
94102,22.7,26.8,39432,36054
94103,19.3,19.2,37843,34617
94104,19.4,23.9,576,530
94105,14.9,12.5,14841,13582
94107,16.5,14.9,34012,30623
94108,16.7,28.2,13097,12100
94109,17.8,17.8,58501,54684
94110,19.7,18.0,68336,58938
94111,15.7,20.7,4306,3927
94112,16.7,24.5,79314,66486
94114,17.7,12.1,33683,29894
94115,17.8,16.2,35853,31725
94116,14.4,19.3,44092,37155
94117,18.0,12.7,38451,34265
94118,15.5,15.2,42356,36589
94121,15.6,17.9,43115,36908
94122,15.1,17.6,57160,49331
94123,16.1,10.5,26131,23387
94124,23.1,29.7,39445,30973
94127,16.3,16.4,20686,16891
94129,16.6,9.9,3647,2896
94130,27.0,29.7,2747,2364
94131,17.3,13.9,28810,24283
94132,16.6,20.4,27723,23814
94133,16.6,24.5,26751,24311
94134,16.9,27.4,41695,34434
94158,16.0,15.4,11327,9945
94301,20.9,16.1,17299,13964
94303,26.2,22.3,48281,36046
94304,19.2,16.2,4569,3830
94305,22.3,17.6,20961,19956
94306,20.7,17.6,28659,22362
94401,25.6,23.2,35249,28467
94402,21.3,16.2,25879,20329
94403,22.0,18.4,45057,36063
94404,18.0,15.9,37323,29607
94501,22.2,17.9,64116,51577
94502,17.7,15.8,14164,11094
94503,25.1,24.6,22069,16759
94505,29.8,21.4,15445,11980
94506,23.1,17.2,25361,18964
94507,24.0,15.7,15495,12042
94508,25.7,18.7,3233,2750
94509,34.2,30.4,69931,52403
94510,29.0,19.9,27174,21810
94511,32.4,27.5,2131,1843
94512,31.4,24.7,86,73
94513,28.7,22.7,67394,49878
94514,33.7,27.9,1248,967
94515,29.0,24.7,6834,5531
94516,26.0,13.5,212,185
94517,26.7,18.5,12525,9966
94518,28.5,23.2,27209,22056
94519,29.8,24.7,18677,14893
94520,31.6,28.8,38383,29596
94521,27.2,21.5,42885,34396
94523,26.4,19.3,35272,28403
94525,30.2,21.9,3288,2819
94526,25.0,16.8,33064,25255
94528,25.1,15.0,1054,827
94530,24.5,19.9,26360,21625
94531,30.8,26.1,45342,34815
94533,33.3,28.4,77380,58348
94534,28.3,21.1,42296,32950
94535,26.3,14.7,4259,2909
94536,19.1,18.5,73172,56357
94538,18.4,19.3,66424,51746
94539,14.3,16.2,54026,41003
94541,26.9,24.7,69736,54364
94542,23.1,20.2,15691,13119
94544,25.7,25.8,79769,61594
94545,22.6,24.2,33786,27282
94546,23.4,20.2,46687,36568
94547,24.5,23.9,26016,21055
94548,30.4,23.9,420,319
94549,24.6,15.9,28637,21809
94550,23.2,16.1,49959,39048
94551,24.1,17.8,40358,31360
94552,19.7,17.7,14721,11556
94553,28.6,20.9,49756,39909
94555,15.9,17.6,36887,27389
94556,23.6,16.9,16134,12428
94558,28.8,23.0,65473,52227
94559,30.3,23.7,28137,22738
94560,20.9,20.2,47533,37746
94561,31.1,24.8,44545,32684
94563,23.6,15.9,19496,14646
94564,27.4,25.0,19024,15627
94565,32.0,30.3,100341,75348
94566,20.4,16.1,45055,34603
94567,31.0,24.2,633,511
94568,18.6,15.5,72590,53504
94569,30.1,20.3,210,191
94571,30.8,25.4,10439,9172
94572,30.0,28.1,9622,7496
94573,28.4,21.7,96,83
94574,26.8,20.3,8317,6822
94575,15.9,11.0,933,915
94576,27.4,22.1,141,118
94577,24.6,23.4,48868,39601
94578,27.4,27.0,40957,32125
94579,20.8,25.1,21869,17811
94580,24.1,25.1,29590,23409
94582,19.6,17.6,49311,34788
94583,22.9,17.8,38444,28905
94585,31.8,26.1,29764,22858
94586,21.3,14.0,943,806
94587,19.0,22.1,70121,56727
94588,18.7,15.5,36398,27391
94589,31.5,28.7,32290,25137
94590,35.3,28.8,39981,31507
94591,29.4,25.5,56305,45504
94592,27.3,22.2,1082,882
94595,22.1,20.4,17716,15780
94596,25.3,16.6,22861,18935
94597,26.3,18.7,23661,19313
94598,23.7,17.0,26826,21248
94599,24.2,27.2,3540,3335
94601,30.4,30.5,54166,41277
94602,25.0,19.6,29702,24130
94603,33.5,31.8,36681,26637
94605,30.8,23.8,44294,34661
94606,25.6,25.9,40768,33794
94607,27.2,23.1,31067,26673
94608,25.4,17.0,33073,28752
94609,26.1,15.9,23578,20164
94610,23.7,14.9,31261,26774
94611,21.9,13.8,40262,33305
94612,26.7,23.1,19773,18093
94613,18.6,13.4,346,334
94618,21.5,12.7,16946,13920
94619,25.4,20.1,24867,19993
94621,34.7,33.2,35816,25787
94702,25.2,17.8,17637,14385
94703,23.6,15.2,20805,17709
94704,21.3,21.9,25259,23869
94705,22.1,14.6,13591,11709
94706,20.1,15.0,21134,16582
94707,21.3,13.5,12781,10488
94708,21.4,13.9,11553,9645
94709,19.2,14.7,12514,11561
94710,25.4,16.5,9552,7952
94720,19.5,21.5,7478,7337
94801,35.9,34.2,33486,24775
94803,28.5,24.4,26457,21604
94804,34.0,30.8,45108,34863
94805,28.9,23.9,14958,12106
94806,32.2,31.0,64589,49994
94901,23.7,22.9,43338,34165
94903,21.2,19.8,30514,24685
94904,20.2,16.1,12718,9945
94920,19.0,14.0,13010,10108
94922,25.1,17.9,176,139
94923,24.8,20.1,1287,1164
94924,21.5,16.8,1507,1290
94925,20.7,15.5,10204,7626
94928,25.4,20.4,47062,38228
94929,21.7,18.1,227,212
94930,22.3,16.8,8729,7083
94931,26.2,19.2,9119,7380
94933,22.0,16.5,1226,1045
94937,20.9,16.9,935,802
94938,21.8,15.7,683,574
94939,20.2,14.7,7465,6051
94940,22.4,17.8,319,239
94941,19.9,14.8,31480,24362
94945,21.9,19.0,17876,14307
94946,22.7,17.5,624,530
94947,22.5,20.5,24870,19906
94949,22.2,19.7,17588,14021
94951,26.0,18.9,4172,3434
94952,25.3,18.3,33619,27205
94954,25.4,19.8,38301,30301
94956,21.8,17.8,1684,1452
94957,19.5,14.0,1858,1330
94960,20.5,14.4,15920,12265
94963,22.0,16.6,506,399
94964,28.0,21.7,4264,4213
94965,21.9,17.3,11447,10007
94970,21.4,16.9,620,571
94971,22.0,18.1,372,322
94972,26.1,17.7,146,119
94973,21.6,16.8,1516,1269
95002,27.9,30.6,2039,1644
95003,24.4,16.6,24706,20456
95004,29.6,21.9,4348,3542
95005,25.2,15.9,6551,5361
95006,25.5,16.5,9454,7856
95007,26.2,16.4,883,745
95008,23.9,19.5,49038,39270
95010,26.5,20.3,9080,7780
95012,32.9,31.5,11858,8155
95013,31.4,29.3,108,82
95014,16.3,17.6,62585,47531
95017,26.4,18.9,969,784
95018,24.8,15.4,8003,6672
95019,30.4,29.6,6603,4681
95020,28.9,26.3,68090,50477
95023,31.8,25.6,56973,42179
95030,23.0,15.9,13585,10829
95032,22.4,16.5,28109,21532
95033,24.4,15.3,9565,7674
95035,17.8,22.1,80440,63507
95037,26.4,22.1,53126,40650
95039,34.6,33.1,1617,1245
95041,24.6,14.0,602,469
95043,28.5,19.0,709,520
95045,29.4,21.4,4323,3461
95046,28.4,24.5,6361,5044
95050,23.2,20.8,39031,31805
95051,19.5,18.5,61466,49216
95053,16.4,14.8,2582,2569
95054,18.4,18.4,25024,20029
95060,25.3,18.4,47931,41022
95062,26.4,19.0,36268,30584
95064,19.3,18.4,8806,8508
95065,25.6,18.7,8444,6893
95066,24.0,16.2,15483,12222
95070,17.8,17.7,32419,25903
95073,24.8,17.5,10549,8763
95075,28.2,19.6,470,356
95076,31.1,30.3,84433,62287
95110,29.0,26.6,20495,16810
95111,26.0,32.3,60593,46597
95112,27.3,27.3,60754,51292
95113,25.9,23.6,2658,2402
95116,28.3,33.6,51222,38807
95117,25.4,23.4,30137,23441
95118,25.0,20.7,32764,24883
95119,23.6,19.8,10050,7721
95120,20.2,17.5,38341,29397
95121,21.0,28.5,37609,30125
95122,26.7,34.1,54056,41632
95123,24.8,21.9,70040,55060
95124,23.6,18.8,50054,37250
95125,25.9,21.3,54000,42496
95126,25.9,21.3,37372,30869
95127,27.0,30.4,63749,49365
95128,25.8,22.2,34776,28396
95129,17.6,19.4,41819,32037
95130,22.2,19.2,13584,10410
95131,18.4,23.3,30975,25347
95132,19.0,24.9,40426,32258
95133,20.9,29.3,30080,24267
95134,17.6,15.2,29746,25476
95135,17.9,20.5,20734,16553
95136,24.3,22.9,45971,36660
95138,21.5,23.6,19530,14974
95139,24.6,20.8,6764,5230
95140,27.0,22.7,276,234
95148,20.1,26.5,45819,36335
95202,40.8,38.8,6949,5338
95203,37.7,33.9,18064,13217
95204,32.0,25.6,30719,23672
95205,37.4,36.4,40720,27740
95206,34.0,33.0,69350,48065
95207,33.3,28.6,52465,38707
95209,28.6,23.5,44660,33027
95210,30.8,31.9,41378,29521
95211,19.0,10.8,1832,1815
95212,26.0,24.6,30111,22149
95215,35.0,30.6,27118,20380
95219,28.4,21.3,29392,22532
95220,31.3,23.0,7241,5643
95221,29.9,23.8,549,452
95222,29.2,23.9,4888,4046
95223,26.5,19.2,4050,3458
95224,27.2,18.7,367,301
95225,29.1,23.5,605,487
95227,29.8,21.7,1009,846
95228,28.5,22.1,4571,3779
95230,31.3,23.9,786,606
95231,33.5,27.5,4808,4016
95232,35.4,30.3,170,147
95233,27.3,19.3,363,315
95236,31.4,22.4,4476,3405
95237,31.3,22.4,3259,2523
95240,32.2,27.8,49102,36292
95242,28.6,20.1,27341,21368
95245,32.9,28.6,2126,1817
95246,32.0,28.7,1307,1149
95247,27.6,21.8,3963,3395
95248,33.6,32.0,266,235
95249,32.2,27.8,3983,3209
95251,28.5,21.4,753,559
95252,30.1,24.5,14260,11415
95253,33.8,25.9,286,209
95254,28.9,23.9,525,420
95255,33.5,30.4,1956,1654
95257,33.3,29.4,454,394
95258,29.9,20.7,4054,3172
95301,33.9,31.9,40886,29516
95303,32.7,28.1,722,528
95304,29.5,21.2,16210,12922
95305,29.9,21.9,416,365
95306,29.8,21.8,936,756
95307,37.8,34.5,46346,32921
95310,30.4,26.3,1794,1525
95311,32.2,27.0,1997,1732
95312,36.2,36.7,251,173
95313,36.8,31.4,1351,975
95315,34.5,33.8,12875,9070
95316,34.2,24.9,7206,5385
95317,35.8,33.4,750,529
95318,32.6,22.0,413,347
95319,40.8,36.2,2130,1609
95320,31.6,22.3,13148,9868
95321,27.9,22.4,3745,3329
95322,35.3,34.6,10381,7412
95323,34.3,24.5,1266,935
95324,32.6,28.5,7148,5328
95326,35.2,27.9,10429,7645
95327,32.1,25.9,8837,7684
95328,39.0,36.1,3925,2724
95329,32.2,26.5,2747,2264
95330,28.7,25.1,29065,20695
95333,37.0,38.7,2752,1999
95334,31.9,36.6,16594,11918
95335,27.8,21.0,412,350
95336,31.5,25.1,47281,35992
95337,29.5,23.1,44476,32795
95338,30.5,23.8,11019,9040
95340,32.6,29.7,38606,29299
95341,36.4,39.1,33194,21885
95345,31.7,22.9,633,518
95346,25.8,16.8,1106,954
95348,31.0,30.0,35066,25704
95350,36.4,29.8,55344,41992
95351,40.6,39.9,48668,34121
95354,38.4,32.5,26765,19998
95355,34.5,26.7,62337,47638
95356,33.8,26.8,33070,25631
95357,35.8,28.8,12692,9479
95358,38.8,34.9,32131,23204
95360,38.3,33.3,13892,9743
95361,34.9,26.2,35019,26367
95363,37.1,31.4,29309,20938
95365,37.3,40.3,4502,3110
95366,29.9,20.3,18239,13427
95367,36.9,30.4,25421,18305
95368,34.3,25.8,13896,10089
95369,34.2,30.1,816,627
95370,29.2,23.4,28090,22973
95372,28.1,20.7,1838,1449
95374,38.6,38.6,1856,1317
95375,28.6,21.4,113,94
95376,30.9,25.1,53781,40030
95377,26.3,20.4,34590,25333
95379,28.5,20.5,3816,2997
95380,36.8,31.9,42912,31229
95382,32.4,24.5,38702,29977
95383,26.7,19.0,4157,3475
95385,36.4,29.8,515,378
95386,36.8,30.0,10750,7610
95387,38.0,31.3,739,456
95388,34.9,35.4,13878,9424
95389,31.4,21.9,594,498
95391,22.0,17.3,24709,16148
95401,27.9,24.4,37272,29395
95403,27.0,22.8,44705,35162
95404,25.7,20.0,38034,30657
95405,25.0,18.3,22015,17862
95407,29.5,27.7,42504,31495
95409,23.2,18.7,27741,23102
95410,26.2,19.4,974,859
95412,27.6,20.3,275,250
95415,29.5,24.2,1496,1165
95417,31.7,30.6,168,140
95419,23.0,15.8,192,161
95420,27.5,23.8,396,344
95421,26.6,19.9,1409,1236
95422,37.2,34.3,17017,12760
95423,34.7,30.3,4232,3624
95425,26.2,21.5,11252,9000
95426,29.7,20.4,1921,1557
95427,29.0,22.2,492,405
95428,34.9,32.4,3017,2283
95429,31.4,31.4,106,84
95432,26.9,20.1,443,379
95436,25.5,17.5,5265,4439
95437,29.6,26.0,14608,12029
95439,26.6,20.9,747,615
95441,25.8,19.8,1915,1608
95442,26.0,18.5,2955,2471
95443,31.3,26.7,134,124
95444,26.0,19.6,710,576
95445,27.0,21.7,2362,2033
95446,27.2,19.8,4690,4014
95448,26.3,20.9,16245,13431
95449,30.1,27.8,1422,1141
95450,25.8,19.8,372,329
95451,32.1,26.7,11747,9424
95452,23.7,17.2,1141,1024
95453,31.4,25.7,11978,9731
95454,32.6,28.5,2796,2301
95456,25.7,20.2,798,716
95457,31.1,23.8,3231,2626
95458,33.3,28.1,3394,2764
95459,26.7,22.1,581,482
95460,26.1,20.8,2364,2066
95461,30.7,23.3,2689,2169
95462,26.9,19.7,1249,1123
95463,27.0,21.2,218,195
95464,32.6,27.3,2725,2190
95465,25.0,17.8,1959,1719
95466,29.4,23.7,1219,983
95467,29.7,21.3,6031,4649
95468,27.4,21.1,1398,1149
95469,28.9,21.8,1855,1460
95470,33.7,30.0,6041,4747
95471,27.4,18.3,677,583
95472,25.4,18.9,28430,23896
95476,25.7,21.1,34575,28498
95482,29.3,26.2,33276,25520
95485,33.3,26.6,2671,2138
95486,27.0,18.8,71,63
95488,32.2,30.5,240,204
95490,28.7,23.7,14227,11137
95492,26.3,20.8,27819,21689
95493,31.7,27.4,218,186
95494,28.8,25.8,291,238
95497,23.8,20.3,1159,1099
95501,33.0,25.4,23323,18815
95503,31.4,24.4,24488,19497
95511,35.7,29.2,268,211
95514,34.9,27.6,228,192
95519,30.8,21.0,18421,14592
95521,30.0,21.2,21581,18648
95524,29.8,19.8,1691,1368
95525,30.4,19.8,1701,1403
95526,33.6,25.7,520,432
95527,34.2,27.5,556,468
95528,31.6,21.8,996,800
95531,30.8,24.4,23223,18397
95536,31.5,24.9,2753,2187
95537,35.1,29.4,313,250
95538,30.1,24.2,635,510
95540,31.7,25.2,14055,10840
95542,35.5,29.3,2519,2117
95543,30.2,24.5,738,631
95545,32.8,25.8,170,147
95546,38.2,30.0,3641,2490
95547,31.3,22.5,1270,959
95548,35.7,31.2,1205,939
95549,30.3,20.1,898,710
95550,30.7,20.5,151,105
95551,32.9,25.7,1871,1464
95552,34.9,32.7,552,457
95553,35.7,29.8,1054,864
95554,34.8,28.9,297,260
95555,30.7,19.9,415,348
95556,34.1,25.5,650,490
95558,32.6,24.1,548,460
95559,34.1,28.7,163,144
95560,37.8,33.3,1548,1242
95562,35.7,29.1,3475,2695
95563,34.1,28.6,589,488
95564,30.5,19.4,438,364
95565,36.1,28.7,875,612
95567,30.7,24.8,1931,1566
95568,33.1,25.5,164,134
95569,37.2,28.6,211,173
95570,29.7,19.7,2543,2144
95571,36.8,27.6,297,244
95573,33.3,25.6,1750,1398
95585,32.5,27.5,471,396
95587,30.9,28.4,144,125
95589,34.8,29.2,1648,1414
95595,34.1,31.5,146,134
95601,29.9,21.6,284,247
95602,28.0,20.9,18364,15130
95603,29.7,22.2,28021,23107
95605,31.5,29.7,14204,10951
95606,29.4,26.0,243,197
95607,30.0,25.5,311,266
95608,29.1,19.5,65367,52023
95610,30.7,19.9,46592,36701
95612,26.4,20.7,1317,1008
95613,28.9,19.9,135,115
95614,28.1,18.9,3891,3217
95615,32.4,23.2,762,590
95616,23.4,21.1,51003,44937
95618,23.3,19.1,27472,21962
95619,30.6,24.0,4816,3852
95620,32.8,25.0,21439,16191
95621,30.6,20.6,42941,34285
95623,28.8,20.9,4267,3562
95624,26.8,20.5,66575,50370
95625,29.5,20.1,175,155
95626,30.9,21.7,5766,4620
95627,30.3,26.2,3899,2866
95628,28.0,17.1,42824,34842
95629,29.2,21.9,1036,894
95630,25.2,14.9,74787,56968
95631,30.8,21.6,6362,5222
95632,31.3,22.3,31470,23507
95633,30.5,22.0,3017,2493
95634,30.5,22.2,3109,2563
95635,30.2,22.6,1236,1034
95636,28.3,17.6,1109,905
95637,30.1,26.5,322,258
95638,30.7,21.2,2295,1831
95639,32.6,23.7,273,206
95640,31.4,22.7,12831,10881
95641,34.0,24.5,2266,1931
95642,28.5,23.0,7544,6165
95645,32.4,29.3,1715,1280
95646,28.7,19.2,188,176
95648,27.7,21.1,54483,42039
95650,27.3,17.3,13446,10420
95651,28.1,20.3,763,634
95652,37.4,27.2,914,618
95653,31.3,27.7,579,403
95655,29.1,17.3,4767,3482
95658,27.9,18.3,6532,5297
95659,29.2,23.5,724,603
95660,34.8,27.0,35368,25503
95661,27.7,20.2,32847,25998
95662,29.5,18.4,32688,25972
95663,28.0,18.2,2905,2224
95664,28.0,18.3,1329,1099
95665,30.0,24.4,4657,3894
95666,29.5,23.0,5398,4683
95667,29.2,21.6,37283,30482
95668,28.7,22.1,872,670
95669,30.1,24.7,2431,1981
95670,29.5,20.5,57988,45091
95671,34.4,21.2,5667,5629
95672,26.5,16.7,4700,3682
95673,31.7,22.3,16290,12224
95674,30.8,22.9,855,654
95675,29.5,22.3,390,304
95676,33.0,27.8,120,83
95677,28.2,19.3,28351,21725
95678,28.2,19.3,45136,34922
95679,28.0,26.9,91,78
95680,33.2,22.5,121,78
95681,28.9,19.2,1324,1013
95682,27.5,18.3,30233,23795
95683,26.3,15.4,6550,5361
95684,30.4,21.8,3283,2769
95685,29.0,22.5,4542,3738
95686,35.4,31.9,1338,1019
95687,31.8,23.1,69837,55686
95688,31.0,21.7,39571,30435
95689,28.9,22.1,1274,1155
95690,31.1,23.7,2270,1760
95691,28.2,23.7,39849,29803
95692,30.7,24.1,4975,3699
95693,29.1,18.4,7549,5911
95694,29.1,23.0,9629,7329
95695,29.6,26.4,38956,30143
95697,31.9,30.8,396,299
95698,29.4,26.8,213,183
95699,28.8,22.0,175,154
95701,31.6,22.2,986,814
95703,28.7,19.8,1943,1599
95709,29.3,21.7,4874,3978
95713,29.5,20.4,9156,7469
95714,30.7,23.1,360,318
95715,31.6,22.9,98,80
95717,30.3,22.7,243,198
95720,26.8,19.8,133,107
95722,28.0,18.2,4682,3841
95726,30.5,22.1,8985,7297
95728,29.2,18.6,457,380
95735,26.4,19.0,87,78
95736,24.3,16.7,339,273
95742,24.4,14.9,16260,11512
95746,25.5,16.1,22166,17225
95747,26.3,18.6,75019,56000
95757,25.1,19.7,55257,39793
95758,26.8,19.6,64517,49094
95762,25.1,16.2,47354,35482
95765,25.6,16.5,43120,31214
95776,27.2,24.2,26612,19665
95811,32.8,19.5,12463,11139
95814,33.6,23.5,12208,11368
95815,35.8,28.5,27838,20813
95816,27.7,14.4,18606,16705
95817,30.7,19.0,14270,11944
95818,27.6,15.7,22375,18202
95819,25.7,13.8,20812,17688
95820,32.6,24.5,36848,28565
95821,33.1,24.8,39310,29623
95822,30.0,23.7,45215,34522
95823,33.0,29.9,81212,58325
95824,34.1,34.1,31524,22513
95825,31.7,23.6,36081,28816
95826,29.7,19.7,39902,32238
95827,31.5,22.1,21566,16499
95828,29.2,28.2,63116,47154
95829,26.9,23.4,32123,23862
95830,26.9,19.2,1015,825
95831,25.8,19.1,43099,35543
95832,31.8,29.3,11930,8213
95833,31.3,21.7,40195,30979
95834,28.6,20.5,35617,26666
95835,25.7,17.5,41399,31134
95837,28.2,18.2,242,211
95838,33.6,27.8,41340,29125
95841,31.9,21.0,21873,16908
95842,34.0,24.8,34196,25178
95843,29.9,20.6,48234,35146
95864,27.4,16.7,24249,18994
95901,31.7,27.6,35840,26360
95903,24.2,15.0,2412,1798
95910,34.0,25.2,64,58
95912,35.5,30.8,4942,3507
95913,28.5,22.7,369,264
95914,32.1,26.5,693,558
95916,33.4,28.8,1680,1454
95917,29.6,23.3,3264,2427
95918,28.9,23.2,2259,1823
95919,34.8,31.6,1411,1152
95920,29.7,25.1,267,201
95922,36.0,32.0,666,550
95925,34.7,33.0,281,214
95926,28.7,21.1,41259,34027
95928,29.3,22.2,38378,31474
95930,34.1,31.8,253,206
95932,35.3,29.4,7832,5720
95934,31.6,24.6,322,247
95935,32.3,28.0,750,616
95936,32.5,27.7,361,316
95937,31.2,29.1,1554,1203
95938,29.0,20.1,3740,2947
95939,29.5,21.8,545,409
95941,34.8,31.0,480,389
95942,27.2,19.8,1576,1300
95943,30.4,25.3,774,588
95945,28.8,23.0,26302,21806
95946,27.2,21.4,9964,8395
95947,31.7,24.6,1583,1338
95948,32.8,29.1,11603,8543
95949,27.7,20.3,20720,17034
95950,34.4,30.9,413,321
95951,33.5,31.0,2385,1751
95953,31.3,29.9,11357,8319
95954,31.1,24.7,8556,7011
95955,36.9,32.4,1403,1039
95956,31.9,24.9,458,394
95957,32.0,26.6,669,532
95959,28.1,20.1,18621,15916
95960,31.9,24.9,762,611
95961,30.4,25.2,30717,21414
95962,29.6,22.7,1316,1125
95963,32.5,28.6,16250,12027
95965,31.9,28.8,21548,16426
95966,31.1,26.8,31591,24749
95968,36.1,34.6,1512,1115
95969,30.7,24.2,5710,4891
95970,34.4,29.9,535,428
95971,29.0,21.4,5672,4560
95972,37.9,33.6,84,72
95973,28.0,19.5,39609,30716
95974,28.3,21.2,142,116
95975,29.5,21.9,1702,1465
95977,29.5,21.6,1797,1451
95978,33.5,27.8,137,96
95979,36.7,33.1,519,441
95981,33.4,28.7,191,163
95982,28.9,19.3,3283,2477
95983,31.7,24.6,401,331
95984,30.9,24.9,139,116
95986,30.2,24.0,121,102
95987,34.1,29.3,6270,4341
95988,32.0,27.6,8842,6567
95991,31.4,28.3,43345,31793
95993,26.9,27.0,37783,28966
96001,29.0,21.4,33914,26807
96002,28.6,22.4,35158,27042
96003,29.0,22.0,45185,36013
96006,33.5,26.6,473,374
96007,30.3,24.1,24056,18564
96008,30.6,22.0,1237,1064
96009,33.4,24.6,481,395
96010,33.5,25.3,154,141
96011,32.1,25.8,148,124
96013,30.4,24.2,4020,3118
96014,30.7,23.8,237,203
96015,32.9,29.4,364,309
96016,28.7,24.5,399,352
96017,29.6,25.5,169,143
96019,31.9,25.1,10491,8143
96020,28.6,21.7,2407,1999
96021,32.3,29.5,17123,12524
96022,29.7,22.7,16528,12609
96023,36.6,36.2,1102,844
96024,35.2,28.7,859,711
96025,32.4,25.2,2225,1866
96027,30.2,24.0,1953,1581
96028,29.7,24.1,1679,1332
96029,31.6,25.7,138,104
96031,32.0,24.6,118,102
96032,31.4,23.2,2593,2042
96033,28.9,20.0,429,347
96034,30.4,23.6,345,283
96035,32.9,30.0,3175,2416
96037,32.1,23.6,312,239
96038,29.7,22.6,586,462
96039,34.8,27.7,1037,831
96040,29.9,23.9,283,231
96041,30.1,32.3,5574,4713
96044,32.9,26.4,1015,857
96046,34.6,30.4,304,274
96047,28.4,19.9,888,744
96048,33.3,27.4,698,609
96050,32.7,26.2,476,410
96051,31.5,24.5,1136,981
96052,34.2,28.0,1498,1258
96054,32.1,26.6,288,235
96055,33.3,29.9,3951,3072
96056,31.4,24.8,1444,1208
96057,32.5,29.0,1202,1074
96058,36.1,35.6,659,514
96059,30.6,25.1,572,481
96061,30.0,28.1,90,76
96062,28.3,20.3,994,786
96063,30.8,25.3,125,110
96064,31.2,25.3,4387,3540
96065,31.6,25.0,409,343
96067,30.3,22.0,7145,6013
96068,34.8,23.1,185,176
96069,29.3,22.0,1052,841
96071,30.4,23.6,127,119
96073,26.6,17.9,4614,3622
96074,33.4,23.9,312,273
96075,31.7,25.4,427,359
96076,33.0,28.1,276,227
96080,31.5,27.0,29672,22678
96084,31.6,25.9,515,441
96086,32.9,27.0,300,259
96087,28.5,19.6,547,479
96088,29.6,22.7,4781,4112
96090,33.3,32.9,451,359
96091,33.3,27.0,574,499
96092,34.0,32.6,419,341
96093,31.1,22.6,4140,3289
96094,31.0,24.0,6908,5623
96096,28.4,21.0,763,667
96097,33.2,27.8,10131,7923
96101,32.8,27.8,5238,4072
96103,29.8,24.2,1611,1483
96104,29.7,22.9,613,516
96105,33.5,27.7,568,446
96106,29.2,24.3,522,472
96107,31.3,23.3,1100,882
96108,33.1,31.6,129,100
96109,36.3,30.8,888,698
96110,31.6,23.5,101,86
96111,31.6,20.8,80,60
96112,31.1,23.6,219,175
96113,38.6,28.6,1898,1698
96114,32.5,22.7,3101,2415
96115,30.4,22.0,169,137
96116,33.9,30.5,150,132
96117,34.3,31.7,337,257
96118,33.1,27.0,1447,1163
96119,33.5,24.4,82,59
96120,29.6,19.5,955,793
96121,37.2,31.5,334,278
96122,33.0,26.9,4070,3214
96123,32.6,25.9,100,83
96124,33.4,26.4,343,277
96125,32.0,26.6,291,273
96126,33.1,26.5,273,225
96128,35.2,30.2,535,395
96129,32.6,27.4,266,211
96130,34.6,25.7,22121,18572
96133,31.9,24.9,175,141
96134,36.0,33.8,2028,1475
96135,31.8,26.2,82,67
96136,33.4,30.8,116,95
96137,31.5,24.1,3265,2764
96140,25.8,12.9,1115,934
96141,27.3,15.8,600,526
96142,29.7,18.4,973,825
96143,33.8,27.0,3965,3048
96145,26.3,14.1,3189,2676
96146,28.5,16.0,1194,1011
96148,29.6,17.9,993,763
96150,29.2,20.3,29518,24050
96161,26.3,14.9,19651,15217
96701,23.4,23.9,42833,35490
96703,32.4,23.3,2638,2001
96704,28.3,21.7,6818,5526
96705,19.9,21.4,2536,1918
96706,25.5,22.7,80299,59394
96707,28.2,22.5,47181,35635
96708,29.6,18.6,10993,8926
96710,25.8,21.7,650,568
96712,31.7,22.4,8259,6513
96713,35.0,23.9,2264,1722
96714,26.5,18.1,1557,1235
96716,25.1,26.6,2784,2172
96717,34.6,23.1,5441,4009
96719,26.5,20.2,2020,1620
96720,25.2,22.6,46615,37035
96722,24.5,15.4,2328,1966
96725,26.4,20.2,4094,3310
96726,33.2,20.9,136,101
96727,25.1,21.6,4990,3985
96728,26.5,21.3,606,472
96729,39.8,25.4,1358,987
96730,30.9,18.8,1584,1253
96731,31.5,23.1,3309,2327
96732,22.3,22.5,27507,21028
96734,26.4,17.3,49922,39642
96737,31.7,24.1,4806,3824
96738,26.8,18.5,7447,5754
96740,27.4,20.1,38234,30445
96741,24.4,19.1,6424,5099
96742,37.0,28.7,82,72
96743,27.0,18.6,13339,10453
96744,26.3,22.2,57746,46376
96746,24.7,19.6,19991,15757
96747,18.6,27.7,666,522
96748,33.0,25.2,4441,3372
96749,27.9,23.1,20503,15854
96750,24.6,22.3,3806,3098
96751,23.6,24.9,152,132
96752,26.0,24.9,3900,3004
96753,27.6,18.8,27611,22963
96754,27.2,21.5,4378,3475
96755,25.6,20.9,3613,2829
96756,23.8,19.3,5766,4566
96757,31.5,25.1,768,521
96759,23.9,22.0,479,319
96760,30.7,25.1,3923,3099
96761,26.5,20.2,23167,18443
96762,30.8,19.7,6316,4754
96763,23.0,21.9,3367,2550
96764,29.2,24.7,649,513
96765,23.8,19.1,767,604
96766,21.6,21.3,16937,13171
96768,27.9,18.9,18512,14485
96769,29.0,27.7,296,226
96770,33.4,23.9,720,534
96771,32.1,24.2,8483,6545
96772,28.4,24.1,2579,2090
96773,28.7,24.2,412,357
96774,28.4,24.7,281,207
96776,27.3,22.6,1782,1402
96777,25.7,27.0,1559,1159
96778,34.0,28.5,14687,11462
96779,28.4,18.8,2992,2383
96780,25.5,26.5,548,423
96781,24.8,22.5,1670,1361
96782,23.4,25.1,37437,30269
96783,24.9,22.4,2222,1674
96785,30.4,23.5,4125,3517
96786,27.8,23.3,41217,30269
96789,23.5,20.5,54732,42406
96790,28.8,19.3,9115,7312
96791,27.7,23.4,7987,6314
96792,37.0,29.3,51965,37623
96793,26.1,19.6,31939,24513
96795,34.3,25.0,11064,8501
96796,26.2,25.4,2057,1614
96797,22.5,26.4,78109,61669
96813,25.0,22.3,27372,23402
96814,23.7,25.0,24870,21827
96815,25.9,22.1,28786,25623
96816,22.9,22.5,51586,43097
96817,24.3,30.1,56823,46587
96818,24.9,21.8,51851,38098
96819,25.4,29.5,53334,41552
96821,20.7,20.0,19727,16390
96822,22.8,21.2,42231,36511
96825,21.8,19.0,31147,25240
96826,25.2,26.2,30092,26062
96848,24.8,16.7,475,471
96853,25.7,16.0,347,341
96857,24.1,15.3,4058,4031
96858,22.2,11.1,424,415
96860,23.3,13.1,5025,4977
96863,25.4,16.9,2458,2441
97001,37.2,21.6,131,111
97002,41.6,21.8,5874,4753
97003,33.8,19.3,29270,22726
97004,36.1,20.8,4543,3674
97005,34.7,20.2,26873,21263
97006,31.0,16.9,46853,36893
97007,31.6,16.3,48280,37238
97008,33.6,18.2,29632,23534
97009,35.5,21.6,8399,6649
97011,35.0,19.7,652,568
97013,35.2,21.7,24512,18971
97014,31.6,19.8,1558,1208
97015,34.0,21.6,23265,17863
97016,34.4,23.0,6162,4982
97017,37.7,24.2,2869,2272
97018,33.0,22.0,1956,1643
97019,27.9,15.8,3221,2548
97020,44.6,22.0,1009,776
97021,37.0,22.4,1170,887
97022,38.1,26.1,3731,3062
97023,37.8,23.5,11676,9146
97024,30.5,21.6,11980,9467
97026,44.3,24.2,4076,2937
97027,35.7,21.2,12599,10104
97028,32.9,18.1,230,184
97029,36.7,23.6,328,262
97030,31.3,22.8,39492,30882
97031,31.6,20.7,19656,15028
97032,42.9,22.1,5188,3731
97033,37.9,24.4,85,61
97034,29.9,15.0,21396,16816
97035,29.4,14.5,25770,20506
97037,36.4,23.9,875,746
97038,36.4,21.9,17173,12942
97039,36.6,24.2,485,377
97040,37.5,22.5,1335,1109
97041,32.5,21.4,2894,2235
97042,34.8,19.8,3134,2535
97045,35.5,20.4,57403,45158
97048,35.6,25.4,6965,5600
97049,35.3,18.9,1810,1547
97050,37.7,24.7,296,249
97051,33.8,22.1,17012,13262
97053,30.9,19.6,3463,2820
97054,34.9,23.1,1494,1216
97055,35.6,20.0,20606,15712
97056,32.4,20.0,12926,10268
97058,37.9,24.2,21124,16503
97060,30.7,20.7,21792,16632
97062,33.8,17.5,29146,22421
97063,37.4,24.0,1236,1032
97064,34.4,22.7,3802,2962
97065,36.5,24.6,676,559
97067,34.6,19.3,2146,1811
97068,31.9,15.4,30712,23275
97070,33.2,18.6,26443,20805
97071,44.1,27.3,30777,22363
97078,35.2,21.2,25234,19275
97080,29.2,19.2,45647,34884
97086,32.5,19.9,32612,24817
97089,34.1,19.7,14111,10887
97101,37.8,22.3,4055,3132
97102,34.9,21.3,305,277
97103,35.3,21.4,18080,14598
97106,33.5,16.3,4664,3550
97107,31.2,21.6,1670,1370
97108,34.1,22.9,563,447
97109,33.9,16.0,563,451
97110,33.7,21.5,1290,1124
97111,36.9,19.1,3435,2672
97112,33.3,22.6,2168,1762
97113,37.5,24.0,15075,11016
97114,37.9,22.4,5008,3779
97115,36.3,18.9,4391,3403
97116,34.8,20.5,29351,22573
97117,33.7,17.1,693,567
97118,31.8,23.4,825,716
97119,35.1,18.2,4722,3739
97121,35.0,20.5,1539,1154
97122,33.3,21.6,434,360
97123,35.0,21.0,48369,36609
97124,31.4,16.5,53487,42298
97125,34.6,17.7,216,164
97127,36.4,18.4,4432,3185
97128,37.9,23.1,38394,30096
97130,30.1,21.6,813,766
97131,31.1,20.4,2908,2480
97132,34.9,18.2,32028,25214
97133,32.5,16.2,5577,4284
97134,32.9,21.0,185,172
97135,32.9,22.6,959,849
97136,32.6,23.4,1948,1716
97137,43.2,20.3,1360,1021
97138,35.8,22.2,11248,9191
97140,32.7,15.5,28365,20984
97141,32.4,22.1,13951,10887
97144,33.8,16.0,188,142
97145,35.6,21.9,321,281
97146,34.2,20.4,7299,5819
97147,30.4,20.8,422,368
97148,36.3,19.8,3589,2839
97149,32.4,22.8,583,529
97201,26.0,15.8,17352,15900
97202,27.1,13.9,43193,36405
97203,30.4,18.9,33763,27451
97204,35.3,22.8,1001,958
97205,27.9,15.7,8593,8046
97206,28.5,16.5,51072,41741
97209,28.5,15.2,22755,21365
97210,26.2,12.7,13016,11635
97211,29.3,15.0,33762,28223
97212,27.4,13.3,26568,21301
97213,27.4,14.0,31260,25568
97214,27.2,12.7,28403,25390
97215,26.2,13.2,18221,15138
97216,30.3,22.2,17488,14429
97217,29.3,15.1,36086,30650
97218,30.7,18.6,14748,11709
97219,26.2,12.9,42474,34269
97220,30.9,21.9,29357,23978
97221,25.4,12.6,12821,10033
97222,34.6,19.7,36316,29965
97223,32.8,16.4,49967,39573
97224,32.1,17.6,37365,29809
97225,31.0,14.7,26247,21788
97227,29.2,15.0,6058,5438
97229,27.4,14.1,73602,54176
97230,31.4,23.6,41562,33227
97231,27.2,14.7,4399,3667
97232,27.3,14.0,15382,13849
97233,32.9,25.5,41625,30979
97236,31.1,24.7,40193,30400
97239,24.5,11.8,18323,16052
97266,30.5,23.8,36095,28479
97267,35.2,21.2,31851,26080
97301,46.1,25.4,56393,43697
97302,41.4,18.9,39776,31146
97303,41.9,20.3,41441,31460
97304,31.5,18.4,34102,26217
97305,46.3,27.5,44535,32325
97306,40.0,17.0,34715,26464
97310,44.5,17.0,1150,1150
97317,42.9,21.9,25852,19983
97321,34.0,17.9,30291,23670
97322,40.6,23.4,37148,28875
97324,28.7,17.0,1100,897
97325,41.3,18.2,7284,5453
97326,30.3,19.3,827,664
97327,39.0,20.4,3053,2432
97329,39.1,23.6,69,63
97330,26.0,16.7,43947,37270
97331,23.0,17.8,4131,4102
97333,27.2,17.3,22941,19400
97335,38.9,22.7,180,138
97336,39.8,21.7,133,104
97338,33.5,21.9,22741,17862
97341,33.8,20.5,2659,2376
97342,44.0,21.4,303,273
97343,37.7,23.8,524,420
97344,35.6,23.5,1189,938
97345,39.8,23.6,669,536
97346,41.7,22.0,973,791
97347,38.5,24.6,2187,1671
97348,39.4,20.9,1723,1262
97350,42.5,22.1,215,168
97351,34.7,22.2,11292,8348
97352,41.2,18.4,6111,4621
97355,40.2,23.4,32413,25303
97357,36.9,25.1,307,273
97358,41.5,23.2,2680,2200
97360,39.9,21.6,2362,1803
97361,31.6,19.8,13412,10690
97362,43.8,26.1,4397,3274
97364,35.5,22.8,513,418
97365,36.3,24.4,10806,8827
97366,33.7,21.7,1687,1459
97367,35.3,23.1,11095,9474
97368,39.3,27.4,3566,2978
97369,38.8,27.1,259,234
97370,27.4,15.6,9320,7384
97371,33.3,20.2,719,542
97373,41.8,20.0,141,137
97374,39.2,22.3,5543,4324
97375,41.0,19.0,1371,1027
97376,36.0,23.9,1351,1210
97377,39.3,21.6,958,769
97378,38.7,21.9,9195,7542
97380,37.6,24.2,2470,1872
97381,42.3,19.7,16313,12251
97383,42.5,20.9,10079,7629
97384,45.2,21.1,69,51
97385,41.0,21.7,3552,2846
97386,41.0,24.7,14611,11426
97388,32.5,20.1,917,868
97389,38.7,19.7,1803,1422
97390,37.0,22.4,662,587
97391,37.3,24.6,5610,4389
97392,40.1,17.1,6092,4818
97394,36.0,23.1,5361,4675
97396,38.0,23.2,3426,2605
97401,32.8,18.4,45634,39661
97402,37.4,21.3,56610,45779
97403,31.8,18.7,15275,13806
97404,34.9,19.0,34345,27547
97405,32.5,15.8,46303,38342
97406,41.0,26.1,177,148
97408,31.4,15.8,14655,11805
97410,38.7,27.7,783,690
97411,34.5,25.1,7572,6612
97412,38.7,23.9,536,431
97413,33.2,18.0,1012,893
97414,40.2,31.5,237,200
97415,38.0,23.4,14648,12494
97416,38.4,26.3,976,759
97417,39.9,31.8,2175,1791
97419,33.3,17.8,1239,1057
97420,33.9,23.8,27454,22423
97423,35.1,25.1,6986,5669
97424,36.1,21.5,18750,14918
97426,33.5,17.4,10521,8214
97429,39.1,27.5,609,524
97430,38.8,22.7,397,343
97431,36.2,20.5,2420,1987
97432,43.1,32.0,162,123
97434,39.1,24.3,849,710
97435,37.4,24.5,2326,1895
97436,38.0,26.0,789,662
97437,35.0,19.3,2504,2075
97438,36.3,21.0,1278,988
97439,34.1,21.6,15634,13775
97441,39.7,29.2,268,225
97442,39.7,27.5,2096,1676
97443,38.1,24.8,2138,1727
97444,38.7,23.0,5471,4718
97446,40.0,21.2,5067,3833
97447,37.6,25.0,732,618
97448,34.4,18.9,13709,10786
97449,32.8,23.9,2225,2001
97450,41.3,26.1,691,616
97451,34.4,19.7,397,327
97452,36.2,20.0,1613,1249
97453,37.4,23.5,979,827
97454,33.7,18.0,1382,1140
97455,35.1,19.8,2774,2280
97456,31.4,22.4,3097,2494
97457,39.9,28.4,10363,8316
97458,36.6,28.4,4729,3789
97459,32.9,21.5,14932,12057
97461,34.3,18.7,739,600
97462,36.2,23.8,4130,3353
97463,40.5,28.9,3886,3150
97465,41.2,27.0,2134,1887
97466,40.5,32.8,854,686
97467,38.7,27.7,5602,4613
97469,41.4,31.1,2712,2183
97470,38.3,26.0,20160,16338
97471,36.2,24.4,30900,24961
97473,38.7,30.3,326,292
97476,41.8,26.4,321,258
97477,36.6,21.3,37602,29960
97478,36.5,20.8,39155,30526
97479,36.2,24.7,10161,8125
97480,38.0,24.0,338,283
97481,39.6,26.9,715,575
97484,38.8,28.4,242,214
97486,33.9,21.8,776,663
97487,37.1,21.2,9286,7330
97488,33.2,18.1,1026,892
97489,34.5,18.2,848,721
97490,36.7,19.0,361,291
97492,41.0,28.9,651,554
97493,34.5,19.4,506,415
97495,34.9,23.1,1706,1416
97496,40.6,29.1,7875,6217
97497,36.2,26.2,1460,1214
97498,32.2,19.4,2251,2050
97499,35.9,24.3,1961,1578
97501,34.7,23.3,47519,36346
97502,32.5,21.6,29558,23031
97503,36.5,27.1,12349,9213
97504,31.4,21.0,49942,39399
97520,29.9,17.6,25970,22246
97522,34.2,23.4,606,466
97523,35.2,27.4,6548,5389
97524,34.1,23.0,15970,12624
97525,33.8,22.5,5392,4540
97526,33.7,25.4,36561,29709
97527,33.6,25.8,36358,29369
97530,30.9,19.7,7464,6356
97531,35.1,25.6,628,493
97532,32.3,23.4,2480,2098
97534,36.8,28.9,664,588
97535,33.6,23.0,5015,4112
97536,35.2,23.6,975,824
97537,34.9,25.1,7371,6224
97538,36.4,28.5,2051,1777
97539,35.6,26.0,3526,2942
97540,32.2,19.2,8234,6830
97541,35.3,24.9,1593,1365
97543,34.5,25.7,775,653
97544,34.0,24.2,2304,1944
97601,37.9,26.3,23264,18572
97603,37.0,25.4,31302,24067
97620,41.6,26.8,108,93
97621,42.4,29.8,334,278
97622,37.8,26.6,498,435
97623,37.7,25.8,2372,1896
97624,39.6,29.4,3996,3339
97625,37.0,25.5,186,150
97626,40.1,28.6,135,125
97627,36.8,25.2,734,607
97630,37.9,25.1,5389,4354
97632,41.8,31.7,1378,1067
97633,37.9,28.0,1350,1028
97634,35.8,24.0,311,253
97635,34.8,28.7,285,242
97636,38.5,26.9,383,303
97637,38.8,25.4,70,59
97638,38.5,26.8,454,365
97639,40.8,29.4,231,201
97640,36.4,25.9,104,83
97641,38.4,26.9,1313,1065
97701,26.9,16.1,42159,33230
97702,27.1,16.1,51161,40238
97703,25.5,13.5,32475,26308
97707,27.2,16.9,7833,6702
97710,37.9,25.0,127,104
97711,32.4,22.4,77,59
97720,39.4,26.9,4518,3535
97721,39.8,24.2,217,159
97722,37.4,25.7,89,72
97730,34.8,24.4,275,247
97731,39.2,27.9,257,197
97732,37.8,27.2,117,92
97733,39.2,29.1,893,789
97734,34.1,22.1,3167,2429
97735,39.3,27.8,170,139
97736,38.3,23.9,74,60
97737,38.8,30.7,501,436
97738,37.7,25.2,2055,1597
97739,31.5,23.6,13102,11036
97741,35.7,23.9,13753,10473
97750,36.5,25.1,409,344
97751,36.7,21.0,103,81
97753,35.8,19.7,2640,2239
97754,36.3,21.7,21627,17250
97756,28.2,18.8,42168,32944
97758,38.1,26.7,123,82
97759,25.9,15.8,7787,6517
97760,31.0,19.7,8071,6845
97761,41.8,27.2,3348,2307
97801,36.6,22.1,21882,17421
97810,36.9,22.7,887,679
97812,36.3,24.4,940,736
97813,34.6,20.2,1386,1098
97814,37.4,20.7,12780,10249
97817,37.3,32.4,52,52
97818,41.6,31.8,4950,3355
97820,33.3,22.1,1020,864
97823,35.3,25.8,1014,830
97824,35.0,21.1,1732,1321
97825,32.4,22.0,253,212
97826,37.9,24.9,1116,871
97827,35.3,21.0,2713,2110
97828,34.2,20.0,3283,2588
97830,35.8,25.5,708,605
97833,38.8,21.1,953,714
97834,39.0,23.2,1061,864
97835,35.7,20.4,373,259
97836,35.5,21.8,1985,1560
97838,37.7,25.8,28387,20240
97839,36.3,21.9,432,328
97840,38.4,26.1,128,90
97841,35.6,20.4,397,329
97842,34.1,21.1,203,174
97843,36.0,21.8,705,553
97844,39.8,28.0,4049,2995
97845,32.2,22.0,2653,2120
97846,34.4,21.4,2018,1725
97848,35.5,27.4,195,159
97850,36.5,21.9,17197,13432
97856,37.6,31.1,409,321
97857,33.9,21.0,514,401
97859,37.4,22.8,170,141
97862,39.8,29.3,11512,8712
97864,38.3,31.2,227,199
97865,32.6,22.4,1092,900
97867,37.9,24.5,773,563
97868,34.8,21.5,1756,1415
97869,37.4,31.4,1028,840
97870,38.1,24.7,584,487
97873,32.2,22.4,221,180
97874,36.8,25.1,344,278
97875,39.0,26.7,2875,2119
97876,35.5,21.4,863,687
97877,38.4,24.6,307,262
97880,35.5,21.9,241,195
97882,39.3,25.9,8271,6259
97883,37.9,24.7,2540,1958
97884,38.9,20.6,154,129
97885,35.1,21.3,1370,1125
97886,38.8,27.3,1241,989
97901,39.9,26.5,687,537
97903,40.8,27.4,111,99
97904,36.6,25.8,181,145
97905,39.0,23.0,98,89
97906,40.5,26.8,267,189
97907,39.6,24.6,587,464
97908,40.9,28.3,75,70
97910,39.3,28.6,591,466
97911,39.4,27.3,70,62
97913,43.2,32.2,5597,3890
97914,41.1,28.1,19534,15111
97918,39.7,25.3,4514,3327
98001,25.4,17.8,36073,27841
98002,28.1,20.1,38474,29088
98003,28.1,21.0,51751,39554
98004,18.2,11.1,39136,32128
98005,18.9,13.0,20961,16653
98006,18.7,12.9,40871,31147
98007,18.2,12.7,29476,23377
98008,20.4,13.6,26518,20716
98010,23.5,11.6,5699,4445
98011,22.0,12.5,27897,22133
98012,26.9,14.9,74956,55423
98014,24.4,12.6,7651,5865
98019,24.3,11.9,12284,9071
98020,28.2,14.9,20236,16997
98021,26.5,14.1,34001,25245
98022,26.2,15.8,22874,17870
98023,25.9,17.2,51713,40181
98024,23.4,11.8,5141,4026
98026,29.6,15.6,38610,31220
98027,22.1,12.0,29089,23036
98028,23.0,12.9,23914,18694
98029,19.5,11.5,31432,22874
98030,25.1,18.8,38933,29455
98031,24.5,18.6,43055,33025
98032,28.4,20.9,38744,29654
98033,21.1,11.1,41763,32949
98034,22.4,12.3,51464,41060
98036,30.4,18.6,42248,33316
98037,30.2,19.8,29584,23633
98038,24.3,12.9,37487,26608
98039,19.3,10.9,2915,2166
98040,19.6,11.5,25748,19711
98042,24.6,15.3,49031,37708
98043,30.4,16.9,21285,17346
98045,24.3,12.2,15749,12160
98047,28.4,19.2,6966,5092
98050,22.0,9.6,223,183
98051,24.9,13.7,3802,2969
98052,18.6,11.0,77176,58619
98053,20.5,11.7,22523,16634
98055,23.5,17.0,24458,19853
98056,23.8,16.9,36344,28854
98057,27.1,19.4,13493,11414
98058,24.2,15.7,43630,34164
98059,21.8,14.4,41672,31248
98065,22.5,10.5,16292,10952
98068,31.5,14.7,530,437
98070,24.8,13.9,11055,9274
98072,22.6,11.2,24939,19246
98074,19.5,10.8,30534,21345
98075,19.2,10.8,26022,18276
98077,23.2,12.0,13522,10353
98087,29.5,18.1,40711,31948
98092,26.6,16.1,50258,37146
98101,20.9,11.7,16237,15653
98102,21.4,9.2,25066,23675
98103,21.5,9.6,53056,45590
98104,26.1,20.8,16157,15259
98105,19.8,13.3,49151,43732
98106,24.8,15.2,26295,21218
98107,21.2,9.0,28557,25400
98108,24.8,21.8,25009,19752
98109,19.2,9.4,34551,31890
98110,28.3,11.8,24825,19826
98112,21.6,9.6,23152,19487
98115,21.1,10.0,54322,43810
98116,22.9,10.8,27691,23285
98117,22.4,9.9,35608,28309
98118,24.1,17.7,47504,37712
98119,21.2,10.1,26238,23047
98121,20.3,10.8,21411,20668
98122,21.9,10.6,41646,37925
98125,22.9,13.6,42965,36024
98126,24.7,13.3,23727,18906
98133,23.5,14.3,50720,42233
98134,26.2,13.5,1216,1124
98136,23.5,11.1,16424,13551
98144,23.6,14.7,32178,27113
98146,25.6,17.9,28845,22601
98148,25.9,17.4,11092,8640
98155,23.3,13.3,35948,28900
98164,23.4,13.8,176,176
98166,25.6,16.2,22152,18106
98168,27.0,20.8,36389,28441
98177,22.7,12.3,20160,15950
98178,25.1,18.9,26122,20668
98188,27.5,19.6,27851,22206
98195,16.5,14.7,3710,3695
98198,27.0,18.9,38727,30607
98199,21.8,9.8,22549,17886
98201,34.4,20.1,30421,25117
98203,31.4,17.7,37491,29473
98204,33.6,22.1,44810,34091
98207,25.7,12.4,741,732
98208,31.1,18.6,60019,45769
98220,28.5,18.2,612,492
98221,30.4,16.4,22853,19021
98223,33.8,19.4,45139,34702
98224,24.6,13.4,298,258
98225,26.2,16.5,49078,43143
98226,27.0,17.8,47011,37562
98229,25.6,14.6,33664,27436
98230,27.9,18.5,18754,15093
98232,31.7,17.2,4053,3365
98233,33.1,20.5,16034,12249
98235,34.0,19.7,436,326
98236,30.9,14.1,6157,5294
98237,35.2,21.7,4304,3511
98238,32.5,17.4,83,67
98239,32.0,16.6,7394,6339
98240,26.2,15.7,3118,2529
98241,34.0,20.8,2344,1885
98243,24.7,14.0,340,285
98244,29.0,18.2,3134,2511
98245,25.6,16.0,4372,3724
98247,27.8,17.7,9067,6662
98248,27.2,17.0,26784,20423
98249,30.6,14.7,5056,4419
98250,24.8,15.4,8632,7374
98251,34.1,19.4,5071,3994
98252,32.7,17.5,10645,8173
98253,30.2,14.6,2037,1856
98255,33.6,19.7,213,165
98256,33.0,19.0,446,379
98257,32.2,19.2,4467,3817
98258,31.7,16.2,51995,37782
98260,30.7,14.9,5844,5052
98261,25.0,15.8,2752,2363
98262,25.6,14.8,934,825
98263,33.1,17.4,186,149
98264,26.9,18.2,23170,17014
98266,31.6,22.4,4097,3156
98267,36.1,22.8,545,475
98270,32.6,19.2,51969,39229
98271,33.4,19.8,32068,24796
98272,33.2,17.9,31127,24139
98273,34.2,21.3,31243,23482
98274,33.1,19.9,18949,14871
98275,28.3,15.8,21642,17168
98276,27.8,16.9,1434,1012
98277,32.5,16.8,41517,31933
98278,25.5,13.2,1496,1481
98279,26.3,18.0,651,595
98280,24.1,14.8,474,431
98281,26.4,16.7,1191,1075
98282,31.3,15.5,17356,14801
98283,35.7,22.6,473,398
98284,33.4,19.7,27293,21091
98286,24.3,16.7,253,225
98288,23.5,13.1,344,286
98290,32.0,16.7,37535,29173
98292,33.4,19.4,24098,18869
98294,32.3,17.7,7494,5627
98295,27.5,17.1,2899,2053
98296,29.6,14.5,27713,20758
98297,24.8,13.3,142,116
98303,39.2,22.2,1302,1177
98304,39.5,21.3,810,676
98305,34.0,23.9,481,403
98310,33.7,20.4,21580,17457
98311,31.5,17.3,28059,21858
98312,33.7,17.6,33405,26411
98314,22.8,10.6,991,944
98315,28.1,13.2,5482,3950
98320,34.5,24.7,1341,1186
98321,37.6,18.5,16924,12837
98323,36.3,17.0,877,621
98325,29.2,15.4,1837,1567
98326,34.9,20.3,1374,1246
98327,32.5,13.9,10222,7238
98328,38.0,19.8,10727,8358
98329,37.0,17.6,10960,8633
98330,37.5,19.9,76,56
98331,36.0,24.9,5952,4559
98332,33.9,15.3,20704,16414
98333,32.9,13.2,3921,3126
98335,33.1,14.8,27307,21683
98336,41.0,24.6,906,748
98337,30.8,15.6,9653,8485
98338,37.8,19.1,30147,22799
98339,30.5,17.6,3805,3109
98340,31.0,16.8,2707,2386
98342,32.5,16.8,1571,1293
98345,28.0,12.6,576,487
98346,32.0,15.6,10402,8312
98349,39.5,20.1,5000,3972
98350,37.2,24.5,404,293
98351,39.9,21.4,1330,1104
98354,34.9,19.6,8264,6574
98355,39.4,23.2,626,550
98356,40.7,25.4,2179,1782
98357,37.5,23.9,1708,1135
98358,30.0,19.5,995,884
98359,33.6,17.1,5358,4321
98360,36.7,17.4,15332,11195
98361,38.4,23.3,1000,891
98362,31.1,19.3,23571,19602
98363,32.4,20.3,14086,11386
98365,27.6,17.3,5058,4667
98366,33.6,18.5,36969,28957
98367,32.8,16.6,30981,24464
98368,28.7,16.8,16567,14612
98370,31.2,15.9,32857,26340
98371,36.8,19.0,23965,18701
98372,35.9,17.5,26652,21146
98373,36.9,18.1,28165,21244
98374,36.6,18.6,45367,33806
98375,36.9,18.4,33316,23937
98376,30.1,17.5,2130,1817
98377,38.3,23.3,2103,1772
98380,32.2,15.9,5297,4208
98381,32.3,22.5,318,287
98382,29.4,19.9,30505,26786
98383,30.2,16.0,21565,17250
98385,37.8,17.8,455,360
98387,38.9,20.3,51630,37858
98388,36.0,17.9,7096,5687
98390,37.0,19.1,11727,9104
98391,36.2,16.2,56427,41649
98392,33.5,17.0,3092,2461
98394,38.4,19.4,1194,954
98396,36.3,17.0,649,499
98402,40.0,21.0,8053,7593
98403,33.8,13.0,8341,7145
98404,39.2,24.5,35172,26141
98405,38.9,19.5,24617,20039
98406,34.3,16.0,22768,18793
98407,34.4,15.7,21931,17945
98408,37.8,20.5,20566,16157
98409,40.0,22.4,27840,21714
98416,20.1,9.2,1478,1475
98418,38.4,20.3,10371,8238
98421,35.4,14.8,1239,1159
98422,35.2,17.7,21343,16731
98424,37.6,20.0,12132,8934
98433,34.6,17.2,20814,15342
98438,27.6,12.3,582,575
98439,41.3,22.2,5474,3484
98443,37.0,19.3,5733,4593
98444,40.3,24.5,36885,27796
98445,39.0,22.5,33927,25720
98446,37.4,20.0,12800,9913
98447,23.0,12.5,1053,1033
98465,35.3,18.7,7524,6273
98466,35.3,16.9,29769,23119
98467,35.5,18.9,16512,12711
98498,37.0,20.3,29982,24236
98499,40.2,25.1,33188,25629
98501,30.2,15.2,45274,35398
98502,30.4,16.0,35698,28955
98503,31.4,18.6,40346,31886
98505,19.1,8.8,561,561
98506,30.7,16.3,19198,15799
98512,31.3,16.5,31422,25015
98513,31.6,17.6,36059,27809
98516,30.2,17.1,29443,22696
98520,38.1,24.6,24086,19068
98524,33.5,19.3,3551,2996
98526,41.2,29.0,276,203
98527,37.4,23.9,332,273
98528,35.1,19.2,11052,8717
98530,33.5,18.1,641,483
98531,39.5,23.8,26669,20280
98532,38.1,20.7,25572,19647
98533,39.7,22.7,558,464
98535,35.4,22.2,529,449
98536,36.4,21.1,153,135
98537,36.2,23.3,2181,1734
98538,37.6,19.4,425,311
98539,38.5,19.2,164,126
98541,37.5,24.2,10509,8152
98542,41.4,25.6,668,548
98544,39.3,23.0,68,57
98546,33.5,18.9,3013,2560
98547,36.5,24.0,1433,1267
98548,36.5,23.8,2375,2148
98550,38.1,24.7,11502,9046
98552,37.6,25.2,196,166
98555,35.7,25.0,586,529
98556,36.9,16.1,453,453
98557,35.5,20.9,3695,2925
98558,36.2,18.7,134,97
98560,35.1,20.1,154,145
98562,37.2,22.6,174,157
98563,33.8,19.6,8235,6584
98564,39.0,23.1,2581,2039
98565,38.0,19.6,448,309
98566,38.0,25.5,299,229
98568,37.8,24.3,2768,2139
98569,35.5,22.9,6964,6311
98570,40.0,22.8,4489,3559
98571,36.2,22.1,483,415
98572,37.3,20.3,795,618
98575,34.3,25.3,129,111
98576,33.0,18.6,5388,4161
98577,36.6,22.5,6708,5250
98579,34.4,20.1,13648,10617
98580,37.8,18.9,12164,9475
98581,37.5,23.0,421,399
98582,40.4,24.7,640,499
98583,39.4,26.9,144,104
98584,37.2,22.8,39266,31286
98585,38.8,23.6,826,667
98586,38.0,24.7,1981,1553
98587,45.4,31.7,1186,728
98588,37.4,22.4,1970,1664
98589,32.4,17.4,8091,6439
98590,37.8,23.1,376,319
98591,38.6,22.2,4419,3454
98592,32.0,18.3,2090,1839
98593,37.8,20.8,1185,925
98595,35.3,21.5,2995,2520
98596,38.3,21.5,6990,5499
98597,32.8,18.1,27233,19917
98601,36.3,19.9,3312,2407
98602,34.7,21.1,250,214
98603,42.7,23.9,1018,787
98604,35.6,19.4,38245,28523
98605,33.4,19.5,1267,1013
98606,34.6,18.2,9868,7435
98607,33.0,16.3,35054,25438
98609,42.2,18.5,65,50
98610,35.1,22.5,3017,2411
98611,39.7,21.4,10165,8018
98612,39.9,21.6,3032,2507
98613,33.8,22.4,543,438
98614,36.3,21.0,651,539
98616,39.5,22.2,200,168
98617,34.0,21.9,1183,959
98619,34.6,22.4,465,376
98620,34.1,22.3,7655,6187
98621,40.1,20.9,253,226
98624,36.3,20.4,1305,1052
98625,38.5,19.0,7413,5763
98626,41.2,22.4,26291,19924
98628,35.6,20.6,356,284
98629,36.4,20.3,9586,7147
98631,37.0,22.2,3704,3190
98632,40.8,23.7,50721,39681
98635,34.7,21.5,1865,1546
98638,36.4,20.6,1555,1190
98639,33.1,17.1,1397,1157
98640,36.0,21.4,5140,4595
98641,33.1,17.7,204,189
98642,34.0,16.7,23685,17781
98643,40.6,22.2,403,335
98644,36.4,20.4,887,773
98645,39.2,20.3,1811,1410
98647,40.0,21.1,499,389
98648,32.7,18.3,3075,2530
98649,39.2,19.9,1134,878
98650,33.0,19.5,1158,881
98651,33.4,19.5,872,737
98660,38.9,22.3,12735,10573
98661,37.4,22.2,48983,37789
98662,36.3,22.1,37134,28584
98663,36.4,20.0,15188,12288
98664,35.6,19.8,24120,19396
98665,36.2,20.6,28780,22482
98670,33.6,18.5,113,89
98671,36.0,19.7,24857,19135
98672,32.1,17.9,7370,5955
98673,34.9,21.0,371,301
98674,39.3,21.9,14415,10770
98675,35.3,18.4,7688,5324
98682,36.5,21.0,65434,48759
98683,33.1,19.3,33884,27149
98684,35.8,20.9,33659,25892
98685,33.5,16.9,29797,22894
98686,34.3,18.6,21462,17069
98801,29.4,21.1,44970,34522
98802,35.2,21.7,32378,24349
98811,28.4,16.8,76,66
98812,36.0,30.2,5161,3720
98813,39.8,30.9,2769,2008
98814,30.8,20.1,525,441
98815,29.0,20.0,7804,5918
98816,30.3,23.2,7067,5649
98817,33.5,27.2,366,278
98819,31.5,24.0,280,235
98821,29.0,19.7,434,332
98822,28.2,18.6,2253,1779
98823,38.9,23.9,12393,8868
98824,40.2,28.1,160,101
98826,27.7,17.1,7280,5989
98827,32.1,26.2,337,269
98828,30.4,20.3,2419,1843
98829,33.6,27.0,716,546
98830,39.5,29.4,531,410
98831,30.0,22.9,3955,3115
98832,35.2,20.1,349,236
98833,27.0,15.4,240,217
98834,30.7,20.2,246,202
98836,28.6,18.5,515,390
98837,38.0,23.6,46262,33526
98840,32.9,24.9,4731,3695
98841,33.9,27.5,8984,6807
98843,39.5,28.9,2074,1659
98844,34.5,27.7,4599,3698
98845,36.1,21.9,138,117
98846,32.8,26.4,1074,798
98847,28.5,19.3,1885,1483
98848,38.4,26.2,13392,9369
98849,31.2,23.3,1220,990
98850,36.3,23.0,1964,1447
98851,39.3,27.1,4472,3460
98852,28.1,19.1,91,74
98853,36.3,22.1,79,73
98855,31.9,25.1,6115,4900
98856,30.1,19.6,2776,2214
98857,41.3,28.9,3999,2756
98858,35.5,22.6,1620,1240
98859,30.2,23.3,230,192
98860,37.2,21.7,259,208
98862,28.6,16.9,2764,2357
98901,41.4,30.5,32351,23514
98902,40.2,28.9,47589,34330
98903,38.3,25.2,17491,13041
98908,35.6,21.1,38205,29566
98921,40.7,27.9,544,300
98922,36.9,22.2,6817,5733
98923,40.3,26.9,1281,964
98925,35.7,19.2,608,507
98926,34.2,19.1,32085,26009
98930,41.8,32.9,15339,10316
98932,43.4,35.4,5409,3599
98933,41.8,30.3,1292,893
98934,34.7,18.4,1164,858
98935,43.5,36.2,4049,2750
98936,38.5,23.7,6846,4850
98937,38.1,23.5,4423,3473
98938,44.8,36.6,2112,1395
98939,42.7,30.9,194,135
98940,34.3,16.9,933,793
98941,36.0,19.8,988,795
98942,36.8,21.7,18511,13698
98943,41.7,28.3,574,468
98944,42.8,35.4,22412,14834
98946,34.4,17.4,488,384
98947,40.5,27.5,3133,2203
98948,43.9,34.9,13416,9155
98950,37.1,19.4,209,180
98951,42.4,33.2,13821,9364
98952,42.5,27.2,2347,1679
98953,37.6,23.3,6841,4978
99001,41.0,25.0,8859,6996
99003,35.5,20.1,5302,4184
99004,33.5,18.9,23064,18772
99005,33.7,17.0,10253,7569
99006,36.1,22.0,13711,10457
99008,35.9,18.3,634,507
99009,37.0,20.8,4096,3283
99011,29.9,13.9,2695,1866
99012,34.9,20.4,1018,793
99013,39.5,24.3,1914,1337
99014,31.5,15.6,72,57
99016,34.5,18.7,18496,13667
99017,33.2,21.1,167,132
99018,35.6,20.4,285,224
99019,31.6,15.3,12813,9590
99021,33.7,17.6,9690,7406
99022,34.6,18.4,8867,7005
99023,32.5,15.5,685,498
99025,35.0,19.0,5272,4137
99026,33.5,18.3,9347,7433
99027,35.7,21.1,6556,5287
99029,36.2,19.2,1785,1267
99030,34.5,18.8,1131,830
99031,35.6,19.8,1441,1105
99032,37.0,19.3,773,610
99033,33.3,21.9,954,737
99034,35.3,22.4,327,268
99036,32.7,15.7,1579,1200
99037,33.3,18.2,15907,12114
99039,35.0,19.3,121,100
99040,41.7,28.0,825,598
99101,33.0,20.0,1517,1211
99102,32.5,17.1,544,447
99103,38.5,20.4,495,382
99109,34.3,22.0,5016,4001
99110,33.2,19.4,1853,1358
99111,30.7,18.1,4029,3226
99113,29.4,16.1,722,572
99114,34.4,22.3,12649,10104
99115,37.6,23.8,1227,994
99116,34.5,24.4,1476,1097
99117,38.3,21.4,472,389
99118,39.6,23.9,786,664
99119,40.7,25.1,1293,1035
99121,39.3,24.3,135,114
99122,37.8,21.0,3989,3124
99123,38.8,24.5,1063,888
99124,34.0,25.1,244,189
99125,33.5,21.8,495,382
99126,36.3,23.9,900,702
99128,31.3,18.0,315,249
99129,39.1,26.3,808,617
99130,30.0,16.1,805,628
99131,36.2,23.4,144,132
99133,39.4,24.1,1476,1235
99134,37.8,19.8,598,465
99135,38.7,22.0,288,215
99137,35.0,23.7,391,336
99138,42.9,26.2,1212,904
99139,37.5,21.3,1178,963
99140,42.3,26.3,479,326
99141,36.0,22.6,5737,4581
99143,30.4,16.9,602,492
99146,41.0,23.5,81,62
99147,39.6,22.7,236,215
99148,33.5,20.7,2324,1952
99149,34.1,21.3,219,172
99150,39.9,23.6,373,297
99151,35.8,24.3,215,170
99152,36.2,21.4,177,147
99153,37.4,21.2,499,426
99155,35.5,23.8,1257,936
99156,39.1,23.3,8478,6828
99157,36.6,23.4,683,520
99158,30.2,16.1,595,487
99159,36.6,20.1,1424,1123
99160,39.6,24.0,86,69
99161,30.7,15.9,1450,1147
99163,28.5,17.7,34416,29789
99166,39.5,25.0,3011,2540
99167,34.3,21.9,794,657
99169,33.8,21.3,2487,1953
99170,33.3,20.9,1135,851
99171,32.7,22.0,975,799
99173,36.1,23.2,1892,1499
99174,31.2,16.7,66,51
99176,31.4,18.2,169,125
99179,30.9,15.6,541,399
99180,40.1,24.9,926,771
99181,35.7,24.0,2057,1588
99185,37.8,21.8,1374,1116
99201,39.8,23.8,15716,13795
99202,35.8,21.1,21969,17852
99203,31.5,15.2,21072,16558
99204,35.1,18.3,7000,5993
99205,35.4,19.8,44036,34568
99206,35.5,20.0,39842,30712
99207,38.5,24.3,32059,24751
99208,33.7,18.8,58531,44790
99212,35.3,20.4,21672,17206
99216,34.6,20.4,28379,22285
99217,36.2,22.0,19298,14923
99218,32.5,19.6,15591,12054
99223,32.2,17.0,34201,26584
99224,33.5,17.5,24085,18873
99251,21.2,11.3,1133,1125
99258,30.5,19.8,530,529
99301,35.3,25.5,85272,57838
99320,39.6,24.0,10215,7763
99321,42.3,31.4,669,407
99322,33.1,21.9,234,191
99323,37.1,22.6,3882,2967
99324,32.5,18.5,10226,8306
99326,36.1,23.2,6277,4971
99328,32.4,20.7,3620,2987
99329,34.2,18.9,206,170
99330,33.0,20.9,1061,753
99335,33.6,24.7,240,181
99336,38.5,24.8,51127,37272
99337,36.7,21.5,33458,24600
99338,34.0,16.7,19117,13683
99341,33.9,22.6,788,601
99343,35.6,26.6,3206,2090
99344,39.4,31.7,18948,12299
99345,41.0,29.9,159,113
99346,41.0,29.5,345,272
99347,31.7,19.7,2342,1855
99348,38.1,23.2,1685,1233
99349,43.0,34.2,7960,5124
99350,38.9,25.7,13240,9528
99352,33.6,16.8,35762,27011
99353,35.1,17.5,17934,12921
99354,34.6,18.6,24839,18958
99356,34.2,22.3,290,200
99357,42.1,32.3,4240,2791
99359,31.2,21.7,155,147
99360,34.3,18.8,1428,1076
99361,33.8,18.3,1908,1507
99362,34.7,19.8,43249,34349
99363,37.0,24.3,169,124
99371,32.6,23.2,346,268
99401,32.9,17.4,286,234
99402,32.5,17.4,1814,1417
99403,35.4,21.7,20224,16107
99501,39.4,24.2,18590,15527
99502,34.2,18.8,24183,18436
99503,37.5,23.9,13550,11014
99504,36.1,21.5,42375,31765
99505,30.6,15.7,4743,3519
99506,30.0,14.8,6297,4724
99507,33.7,18.7,38199,29270
99508,38.0,24.8,34394,26064
99515,34.3,19.6,22532,16873
99516,33.2,16.1,21786,16377
99517,34.4,19.3,16307,13045
99518,36.7,21.0,9861,7806
99519,39.7,17.6,1533,1526
99540,34.9,15.8,336,286
99546,41.4,28.7,171,149
99549,39.6,26.5,100,72
99550,40.6,27.5,170,139
99551,41.7,38.1,677,447
99552,41.8,38.2,462,272
99553,33.9,28.0,1589,1567
99554,45.3,35.9,756,443
99555,40.4,33.6,211,159
99556,34.8,25.0,2877,2304
99557,39.5,34.4,698,470
99558,39.0,32.6,70,50
99559,35.1,27.4,7985,5448
99561,41.2,37.6,506,305
99563,46.2,36.7,954,576
99564,41.0,29.4,97,71
99566,33.3,22.9,259,201
99567,34.1,16.9,9036,6780
99568,34.2,25.8,367,303
99571,40.4,26.9,91,80
99572,29.0,16.9,345,314
99573,34.6,23.1,960,770
99574,29.9,21.4,2691,2111
99575,40.3,34.3,90,58
99576,35.8,25.0,2647,1874
99577,33.7,15.6,26947,19737
99578,41.4,39.3,404,264
99580,41.9,34.3,111,78
99581,46.1,36.5,825,515
99583,32.2,24.0,394,374
99585,45.6,36.1,492,310
99586,35.2,24.5,469,368
99587,34.7,15.0,2167,1738
99588,34.9,23.3,815,611
99589,43.9,40.4,258,165
99590,38.8,30.7,210,131
99591,44.3,30.8,67,54
99602,39.1,31.5,176,134
99603,32.0,20.6,10766,8446
99604,46.4,37.0,1375,739
99605,29.2,17.7,176,145
99606,40.2,28.7,428,277
99607,40.2,34.4,212,140
99609,41.5,38.3,623,385
99610,34.5,23.8,2261,1877
99611,33.0,21.8,15827,11896
99612,35.9,26.4,757,654
99613,35.2,21.4,375,278
99614,41.9,38.7,704,446
99615,31.9,22.1,12495,9371
99620,46.6,36.7,655,392
99621,41.9,38.1,812,492
99622,42.9,39.0,380,224
99623,39.0,24.1,23878,17167
99626,40.7,34.9,278,182
99627,38.4,31.6,305,237
99628,41.5,32.8,488,325
99630,43.4,40.3,206,147
99631,29.4,17.3,238,189
99632,46.7,37.1,621,412
99633,36.7,22.3,470,362
99634,41.5,38.0,358,237
99636,41.9,32.8,512,313
99637,41.7,38.1,658,413
99639,35.0,26.5,1072,910
99640,41.3,29.3,122,98
99641,41.6,38.0,594,353
99643,40.1,26.7,216,165
99644,40.1,29.1,126,112
99645,36.5,21.1,28818,21042
99648,40.9,28.6,88,62
99649,40.8,28.4,74,55
99650,47.2,36.9,615,360
99652,39.3,25.9,4821,3758
99653,36.7,24.5,186,128
99654,37.4,22.5,40726,28969
99655,42.9,38.6,776,486
99657,46.1,36.4,425,240
99658,46.3,36.8,716,448
99659,42.8,34.2,456,262
99660,43.6,30.1,413,300
99661,36.8,26.6,579,438
99662,45.1,36.3,600,326
99663,36.4,28.5,451,369
99664,31.0,17.9,5155,4255
99665,39.5,31.2,100,65
99666,45.6,36.0,217,122
99667,38.6,26.3,77,69
99668,40.7,33.7,95,66
99669,32.5,21.4,15531,11973
99670,36.5,22.5,67,60
99671,42.4,34.1,634,385
99672,31.6,20.4,3503,2828
99674,39.2,26.4,1650,1264
99676,40.6,26.6,1748,1446
99677,35.9,24.6,90,62
99678,41.3,33.6,818,521
99679,41.6,37.2,444,258
99680,41.5,37.1,469,267
99681,41.7,38.1,411,257
99682,41.0,32.0,185,139
99683,39.4,25.8,576,486
99684,44.0,36.5,806,537
99685,32.8,23.8,3555,3131
99686,32.1,19.6,4007,3039
99688,39.2,25.7,3077,2594
99689,35.5,26.5,657,531
99690,41.0,37.6,306,170
99691,38.9,30.5,108,82
99692,28.1,26.6,699,637
99693,30.1,21.9,293,228
99694,42.1,28.6,1635,1226
99701,37.7,25.8,18357,14275
99702,33.4,19.6,2616,1826
99703,29.7,17.3,8749,6515
99705,35.9,21.3,22040,16045
99709,35.5,20.4,28613,22274
99712,34.5,19.2,13309,10238
99714,36.1,22.3,1230,946
99720,37.8,29.2,192,134
99721,46.5,29.6,425,257
99722,39.3,30.7,151,104
99723,41.2,24.7,4934,3385
99725,33.6,18.1,261,217
99727,42.5,32.4,550,310
99729,32.8,22.8,211,177
99730,38.6,32.9,101,85
99733,41.7,33.8,91,70
99734,40.4,17.8,1035,1026
99736,43.0,34.5,182,109
99737,34.1,23.2,4808,3713
99738,38.3,32.7,172,148
99739,42.6,34.3,366,230
99740,40.7,33.4,428,316
99741,37.5,27.7,472,333
99742,42.5,34.8,640,444
99743,31.1,20.7,949,758
99744,32.2,20.9,170,112
99745,36.8,28.6,85,60
99746,38.2,27.3,304,190
99747,48.8,32.3,283,191
99748,38.3,28.7,158,122
99749,42.1,33.4,449,288
99750,42.8,33.5,444,257
99751,40.2,32.6,191,111
99752,38.0,24.6,3276,2266
99753,42.8,35.1,312,188
99754,38.8,30.5,98,76
99755,31.2,18.8,217,187
99756,34.4,25.8,197,147
99758,36.6,25.5,150,103
99759,47.2,30.8,330,171
99760,34.9,24.9,796,613
99761,43.0,34.0,570,361
99762,33.5,21.8,4143,2954
99763,43.7,34.9,694,400
99764,41.0,34.2,270,189
99765,38.2,29.8,239,171
99766,48.2,30.7,830,490
99768,38.6,29.6,148,108
99769,41.9,35.3,835,533
99770,43.4,34.1,810,480
99771,45.5,35.8,212,151
99772,42.5,35.3,580,394
99773,43.3,34.7,272,166
99775,26.0,13.7,402,366
99776,42.1,33.5,144,98
99777,36.1,27.6,246,197
99778,43.0,35.3,249,149
99780,39.2,31.5,1516,1142
99781,39.6,31.4,206,140
99782,48.1,31.0,628,404
99783,42.7,34.0,168,103
99784,43.5,35.9,185,119
99785,42.2,34.4,428,273
99786,43.1,35.3,274,170
99789,46.7,29.6,512,314
99791,46.6,29.9,276,173
99801,35.3,17.3,30088,23664
99820,39.4,27.5,364,273
99824,35.5,16.4,2111,1664
99826,35.7,24.9,657,537
99827,34.4,20.1,2165,1770
99829,37.7,26.3,956,710
99830,41.5,28.6,545,390
99832,35.7,25.2,108,90
99833,31.4,21.2,3393,2685
99835,30.1,18.8,8446,6705
99836,38.0,25.9,78,54
99840,36.4,19.9,1240,993
99841,34.0,27.1,122,110
99901,38.4,21.9,13942,10851
99918,39.1,28.3,127,116
99919,38.3,26.0,515,417
99921,37.0,24.5,1626,1276
99922,42.1,29.1,380,273
99923,28.6,15.8,66,55
99925,37.2,25.4,784,611
99926,40.4,27.1,1562,1126
99929,35.8,23.9,2079,1668
