zcta5,actual_obesity_pct,predicted_obesity_pct,residual
33403,30.0,36.279,-6.2790000000000035
79733,35.7,37.254500000000036,-1.5545000000000329
76011,36.9,39.87349999999994,-2.9734999999999445
38260,38.5,40.184499999999986,-1.6844999999999857
81058,31.8,35.72700000000007,-3.927000000000067
63943,37.2,39.926499999999976,-2.726499999999973
66861,38.6,37.855,0.7450000000000045
66943,35.7,37.14299999999999,-1.4429999999999836
27957,41.4,39.97550000000002,1.4244999999999806
76574,38.4,41.04,-2.6400000000000006
93043,18.8,23.854999999999997,-5.054999999999996
38475,37.4,39.81800000000006,-2.418000000000063
83622,32.9,33.892999999999965,-0.9929999999999666
65766,41.7,43.65799999999999,-1.9579999999999842
77532,36.8,34.37700000000001,2.4229999999999876
38916,42.7,44.79849999999998,-2.09849999999998
06268,27.5,30.737999999999957,-3.237999999999957
83648,26.9,25.588500000000003,1.3114999999999952
64097,39.4,39.79299999999996,-0.39299999999995805
68924,38.6,36.128000000000014,2.471999999999987
45844,43.0,34.52649999999997,8.47350000000003
81428,26.7,28.776000000000046,-2.0760000000000467
60482,32.6,37.59550000000002,-4.995500000000021
12093,33.3,37.32900000000006,-4.02900000000006
45876,42.9,37.706499999999984,5.193500000000014
48032,37.9,36.443000000000005,1.4569999999999936
56048,37.7,35.03599999999995,2.664000000000051
93631,35.7,35.750500000000066,-0.050500000000063494
48144,37.8,32.551499999999976,5.248500000000021
85343,32.9,34.46899999999997,-1.5689999999999742
48084,24.9,25.53850000000001,-0.6385000000000112
55116,31.1,26.929499999999972,4.170500000000029
53179,39.8,35.10049999999992,4.699500000000079
08510,29.1,27.153499999999973,1.9465000000000288
77453,37.5,39.57200000000008,-2.072000000000081
97370,27.4,27.14950000000002,0.2504999999999775
75783,35.9,39.85499999999999,-3.954999999999991
47529,39.4,38.02350000000007,1.376499999999929
51566,40.6,38.71350000000002,1.8864999999999839
37766,43.4,40.855,2.5450000000000017
83214,32.6,36.55549999999997,-3.955499999999965
39665,45.0,42.79200000000006,2.2079999999999416
66422,38.2,39.82950000000002,-1.6295000000000144
49284,40.0,37.17949999999998,2.820500000000017
99018,35.6,31.650500000000015,3.9494999999999862
99681,41.7,43.76499999999999,-2.0649999999999906
31324,32.7,33.95049999999991,-1.25049999999991
54526,40.7,38.7860000000001,1.913999999999902
99644,40.1,39.20099999999999,0.899000000000008
12787,30.4,35.71900000000002,-5.319000000000024
21762,33.9,29.636999999999933,4.263000000000066
78660,31.2,29.395500000000034,1.8044999999999654
05862,30.5,36.07050000000001,-5.57050000000001
46038,32.8,24.685499999999998,8.1145
63109,30.8,27.92099999999998,2.879000000000019
46809,42.4,37.74849999999996,4.651500000000041
01915,28.0,27.17150000000001,0.8284999999999911
61920,37.6,30.522999999999982,7.0770000000000195
81149,27.5,31.642500000000027,-4.142500000000027
58460,39.4,37.4689999999999,1.9310000000000969
48843,32.5,30.034999999999982,2.4650000000000176
47929,44.5,38.52200000000004,5.977999999999959
89044,26.4,30.750500000000002,-4.350500000000004
83285,32.7,30.150999999999943,2.54900000000006
38821,40.9,45.20150000000012,-4.301500000000118
62628,40.5,38.02600000000005,2.473999999999947
71846,40.3,41.73100000000006,-1.4310000000000613
59914,31.7,35.87599999999995,-4.175999999999949
45208,28.0,25.357000000000014,2.6429999999999865
30224,38.4,37.84550000000002,0.554499999999976
12422,32.6,34.49999999999997,-1.8999999999999702
05674,29.3,29.018000000000033,0.28199999999996805
72401,41.0,40.48950000000001,0.5104999999999933
82423,34.4,38.17999999999998,-3.77999999999998
70559,39.6,39.56550000000002,0.03449999999997999
13345,43.3,36.727,6.573
71418,40.6,43.32600000000003,-2.7260000000000275
12031,35.0,33.03850000000001,1.9614999999999867
76471,36.5,38.87799999999994,-2.3779999999999433
38251,35.8,37.82099999999994,-2.020999999999944
48340,40.7,38.34199999999993,2.358000000000075
46307,34.9,28.71450000000004,6.1854999999999585
54806,41.3,38.511999999999986,2.788000000000011
24935,38.4,40.21999999999999,-1.8199999999999932
63123,29.7,35.883500000000005,-6.183500000000006
25304,36.2,35.715499999999984,0.48450000000001836
13334,39.8,37.40499999999998,2.3950000000000173
64849,36.7,40.135000000000076,-3.4350000000000733
65255,32.2,38.839500000000015,-6.639500000000012
68359,40.0,39.40250000000005,0.5974999999999469
01721,24.0,26.254499999999926,-2.2544999999999256
92553,41.4,34.94449999999997,6.455500000000029
45365,40.4,39.515499999999946,0.8845000000000525
64164,39.1,37.249499999999934,1.8505000000000678
52638,33.9,35.732,-1.8320000000000007
28128,36.6,34.85999999999999,1.740000000000009
53094,42.4,36.82799999999997,5.572000000000031
72432,40.3,44.55599999999994,-4.255999999999943
78948,39.4,39.92799999999999,-0.5279999999999916
96141,27.3,28.970499999999962,-1.6704999999999615
60139,30.9,35.51499999999998,-4.614999999999981
37847,44.9,41.26450000000008,3.635499999999915
48039,35.4,34.53850000000001,0.8614999999999853
38850,43.3,44.55300000000012,-1.253000000000121
30523,31.1,35.809999999999995,-4.709999999999994
60102,31.4,28.857000000000006,2.542999999999992
66017,37.8,36.87700000000004,0.9229999999999592
14820,38.1,40.20149999999998,-2.10149999999998
19980,42.4,37.82299999999999,4.577000000000005
14062,36.0,35.57649999999995,0.42350000000004684
32410,30.2,31.259500000000063,-1.0595000000000638
67111,39.5,36.89100000000005,2.608999999999952
10528,23.0,27.85249999999995,-4.852499999999949
56117,38.3,39.93050000000001,-1.630500000000012
46121,39.0,35.699500000000086,3.3004999999999143
49848,39.1,39.313000000000024,-0.21300000000002228
52776,41.3,35.731500000000025,5.568499999999972
38255,39.4,39.17300000000007,0.2269999999999257
54564,38.5,37.68549999999997,0.8145000000000309
61466,37.6,34.23099999999997,3.369000000000028
87549,36.7,36.05699999999995,0.6430000000000504
81642,21.1,26.006999999999998,-4.9069999999999965
28529,36.1,39.113000000000035,-3.0130000000000337
57073,37.5,34.352500000000056,3.147499999999944
22207,24.6,25.178000000000015,-0.5780000000000136
98305,34.0,33.08900000000001,0.9109999999999872
56296,38.3,38.696,-0.3960000000000008
59318,32.9,36.55200000000002,-3.6520000000000223
67334,40.8,40.43999999999997,0.36000000000002785
96731,31.5,36.14350000000001,-4.64350000000001
61775,37.3,36.140000000000065,1.1599999999999326
53560,35.4,36.08000000000002,-0.680000000000021
54150,46.3,44.85750000000005,1.4424999999999457
63474,39.2,41.326500000000024,-2.1265000000000214
60636,44.9,44.05349999999999,0.846500000000006
66213,28.6,24.852000000000004,3.7479999999999976
55011,35.6,33.09199999999994,2.5080000000000595
38047,39.1,36.68999999999997,2.410000000000032
33629,25.0,25.089499999999973,-0.0894999999999726
12125,30.6,34.80100000000002,-4.201000000000022
20701,37.3,28.84449999999998,8.455500000000018
36375,42.5,38.93150000000003,3.568499999999972
72143,38.5,38.16600000000002,0.33399999999998187
88350,38.1,35.13349999999994,2.9665000000000603
85268,26.9,26.836500000000004,0.06349999999999412
43933,39.7,41.28550000000001,-1.5855000000000103
05340,27.9,24.21299999999998,3.687000000000019
33196,27.4,35.05599999999997,-7.65599999999997
14129,36.5,36.534999999999975,-0.03499999999997527
71435,37.0,40.11050000000006,-3.1105000000000587
57385,36.3,38.14300000000004,-1.8430000000000462
49623,39.2,39.67400000000001,-0.47400000000000375
67744,43.6,37.485499999999995,6.114500000000007
46070,35.1,37.50400000000001,-2.4040000000000106
79699,24.6,30.008499999999966,-5.408499999999965
49817,38.4,35.624000000000045,2.7759999999999536
58278,35.8,31.34749999999997,4.452500000000025
24589,38.5,38.25149999999995,0.24850000000004968
55416,23.7,22.655000000000022,1.0449999999999768
02724,36.6,38.60349999999993,-2.0034999999999314
62889,39.6,34.81799999999999,4.782000000000011
72736,37.1,38.66400000000008,-1.5640000000000782
68858,40.0,39.09699999999997,0.9030000000000271
54408,37.7,38.24849999999999,-0.54849999999999
62045,34.7,33.875499999999995,0.8245000000000076
44506,51.6,50.05649999999998,1.543500000000023
07728,30.7,30.968499999999963,-0.268499999999964
81648,26.2,32.031999999999925,-5.831999999999926
45347,40.1,40.463499999999996,-0.3634999999999948
96737,31.7,33.09750000000004,-1.39750000000004
11596,25.2,32.27599999999996,-7.075999999999961
14591,34.7,36.76099999999995,-2.06099999999995
67836,38.4,40.215041666666735,-1.8150416666667368
54614,39.6,37.2925,2.3075000000000045
07762,27.2,25.547500000000028,1.6524999999999714
75861,37.8,38.022999999999946,-0.22299999999994924
54631,41.3,39.946,1.3539999999999992
76597,53.7,48.827500000000015,4.872499999999988
81223,29.5,32.86900000000001,-3.369000000000007
83815,30.5,28.20699999999998,2.2930000000000206
76873,36.4,41.67350000000007,-5.27350000000007
90660,29.1,33.8,-4.699999999999996
62693,36.0,31.65400000000006,4.34599999999994
26354,42.9,42.12000000000003,0.7799999999999656
56688,36.4,40.57499999999995,-4.1749999999999545
19940,35.0,39.425499999999936,-4.425499999999936
37307,42.6,36.12749999999996,6.472500000000039
61252,35.7,35.922499999999935,-0.22249999999993264
65025,38.8,38.992,-0.19200000000000017
46991,40.3,39.07499999999997,1.2250000000000298
99832,35.7,36.129999999999995,-0.4299999999999926
02474,22.7,24.977500000000024,-2.2775000000000247
93458,31.4,39.398500000000006,-7.998500000000007
61862,34.2,37.34900000000002,-3.149000000000015
77417,39.3,42.654000000000025,-3.3540000000000276
49670,29.9,30.287000000000017,-0.3870000000000182
45727,45.7,40.231000000000044,5.468999999999959
61548,35.8,29.753500000000003,6.046499999999995
08530,26.8,29.398500000000034,-2.5985000000000333
23954,43.8,41.411499999999975,2.388500000000022
06416,28.4,31.577999999999925,-3.177999999999926
48125,35.8,37.112499999999976,-1.3124999999999787
83856,32.8,33.72250000000001,-0.9225000000000136
47860,43.1,38.99000000000003,4.109999999999971
12845,30.8,31.83750000000007,-1.037500000000069
99130,30.0,27.170999999999996,2.829000000000004
26374,38.6,40.11949999999996,-1.519499999999958
60176,30.0,35.23949999999999,-5.2394999999999925
76523,38.5,39.95950000000002,-1.4595000000000198
98026,29.6,27.22049999999998,2.3795000000000215
79907,37.2,39.32549999999991,-2.12549999999991
36524,43.7,41.652000000000015,2.0479999999999876
57714,47.0,44.13700000000001,2.8629999999999924
38141,44.8,37.44400000000004,7.355999999999959
07632,19.2,31.871000000000013,-12.671000000000014
24244,40.1,43.476500000000044,-3.3765000000000427
68517,34.4,31.644000000000002,2.7559999999999967
01835,29.9,31.23999999999993,-1.3399999999999324
52151,43.7,38.53849999999999,5.161500000000011
49833,38.8,32.574,6.225999999999999
68840,39.6,37.39000000000001,2.2099999999999937
04942,36.9,39.122999999999976,-2.2229999999999777
70638,40.4,39.24299999999998,1.1570000000000178
80290,16.6,16.936999999999998,-0.3369999999999962
12903,31.3,34.86749999999997,-3.5674999999999706
96814,23.7,30.661499999999993,-6.961499999999994
12493,32.0,36.67850000000008,-4.678500000000078
76017,32.4,33.04699999999994,-0.6469999999999416
32569,29.5,30.636999999999965,-1.136999999999965
76008,32.2,28.43299999999998,3.7670000000000243
68105,39.2,35.90200000000005,3.297999999999952
52639,36.7,36.360500000000016,0.3394999999999868
75462,35.0,34.91549999999998,0.08450000000001978
64671,38.9,40.24000000000004,-1.340000000000039
20877,29.9,33.765999999999984,-3.8659999999999854
96754,27.2,31.376500000000046,-4.176500000000047
37716,42.4,37.20099999999998,5.199000000000019
44021,33.9,36.63,-2.730000000000004
48841,37.8,38.56000000000008,-0.7600000000000833
22973,38.9,39.06150000000003,-0.16150000000003217
65054,35.4,39.07600000000004,-3.6760000000000446
32254,44.3,47.21900000000005,-2.9190000000000538
80421,23.3,25.894000000000016,-2.5940000000000154
92282,42.3,40.93199999999993,1.368000000000066
47470,42.7,39.20750000000009,3.4924999999999145
77515,37.6,35.78400000000001,1.8159999999999883
35803,36.1,29.927999999999997,6.172000000000004
28775,33.1,34.65150000000001,-1.5515000000000114
51631,40.6,38.04750000000001,2.552499999999995
14481,32.2,34.38499999999997,-2.1849999999999667
73096,39.8,38.30900000000008,1.4909999999999144
12160,34.6,36.89099999999999,-2.2909999999999897
22031,23.2,29.976500000000023,-6.7765000000000235
70639,41.6,42.17300000000011,-0.573000000000107
65275,34.8,39.98800000000008,-5.1880000000000805
77017,41.1,41.73849999999991,-0.6384999999999081
14072,29.6,29.966999999999988,-0.36699999999998667
28745,29.4,33.934500000000035,-4.534500000000037
12071,32.6,36.622000000000014,-4.022000000000013
74723,41.7,42.779500000000105,-1.0795000000001025
74352,42.6,42.775999999999875,-0.17599999999987403
50543,40.6,36.518500000000046,4.081499999999956
26505,31.4,30.95149999999999,0.4485000000000099
30024,27.2,29.630000000000024,-2.4300000000000246
76071,34.8,37.42600000000001,-2.626000000000012
03470,33.7,36.23899999999992,-2.538999999999916
83638,33.8,35.01449999999997,-1.2144999999999726
31704,25.1,28.625,-3.5249999999999986
31820,33.6,33.10299999999997,0.4970000000000283
63344,39.3,39.505500000000026,-0.2055000000000291
60918,39.5,37.95400000000003,1.545999999999971
92843,23.4,39.282500000000084,-15.882500000000086
11972,28.9,32.02750000000006,-3.1275000000000617
59327,36.3,36.184,0.11599999999999966
45640,44.6,40.383,4.216999999999999
12839,32.0,36.19550000000005,-4.195500000000052
11716,29.0,32.68800000000004,-3.688000000000038
03605,33.8,35.59799999999995,-1.797999999999952
56750,38.6,37.52699999999994,1.0730000000000643
67627,39.8,37.25500000000003,2.544999999999966
38464,41.9,41.97400000000007,-0.07400000000006912
76127,37.4,41.67450000000005,-4.274500000000053
12150,33.4,29.975999999999953,3.4240000000000457
44455,39.2,37.36100000000002,1.8389999999999844
27514,26.3,27.437499999999968,-1.1374999999999673
43532,39.7,38.14650000000007,1.5534999999999357
75449,39.4,37.87499999999996,1.5250000000000412
98595,35.3,32.03399999999997,3.2660000000000267
86325,25.6,28.431499999999968,-2.8314999999999664
36320,40.2,41.09699999999992,-0.8969999999999203
95661,27.7,29.931999999999974,-2.2319999999999744
38559,39.7,37.803999999999924,1.896000000000079
52637,32.9,37.19350000000002,-4.293500000000023
73705,29.9,29.963500000000057,-0.06350000000005807
99572,29.0,27.807000000000002,1.1929999999999978
57012,36.5,34.879999999999995,1.6200000000000045
52356,39.3,37.69,1.6099999999999994
72365,43.2,41.83350000000002,1.3664999999999807
75152,37.7,38.866500000000016,-1.1665000000000134
67050,36.6,33.45250000000001,3.1474999999999937
62812,41.3,37.88400000000001,3.4159999999999897
92637,19.3,33.172499999999985,-13.872499999999985
52554,39.7,35.88149999999992,3.8185000000000855
12816,30.1,37.16100000000001,-7.061000000000007
82943,40.4,38.29449999999999,2.1055000000000064
47231,39.6,39.1565,0.4435000000000002
46102,35.7,33.68750000000002,2.0124999999999815
25125,44.1,47.69499999999994,-3.594999999999942
43605,43.2,46.6465,-3.4465000000000003
80550,29.9,26.64799999999998,3.25200000000002
04576,30.3,35.944000000000024,-5.644000000000023
65278,37.3,39.14899999999991,-1.8489999999999114
71677,46.0,40.62550000000006,5.374499999999941
32605,29.5,27.85250000000001,1.6474999999999902
30810,36.3,39.27349999999997,-2.973499999999973
49884,37.6,40.249499999999934,-2.6494999999999322
48128,31.2,30.268499999999953,0.931500000000046
12589,31.8,33.92650000000004,-2.126500000000039
36783,46.3,43.5595000000001,2.740499999999898
35772,42.1,44.08900000000003,-1.9890000000000256
60534,32.4,36.99549999999996,-4.595499999999959
46958,42.4,35.93149999999998,6.46850000000002
65627,37.9,40.256499999999946,-2.356499999999947
30575,33.9,38.36799999999997,-4.467999999999968
08223,30.9,27.967000000000006,2.9329999999999927
60476,31.0,31.683500000000024,-0.6835000000000235
20052,16.6,22.282499999999978,-5.682499999999976
39772,42.8,42.72449999999994,0.07550000000005497
56529,34.2,34.69650000000001,-0.4965000000000046
04675,26.9,29.59649999999999,-2.6964999999999897
53565,38.7,38.489,0.21100000000000563
68743,44.1,39.003499999999974,5.096500000000027
13652,43.1,39.12000000000001,3.9799999999999898
57720,35.6,34.852999999999994,0.747000000000007
72416,38.2,39.030000000000065,-0.8300000000000622
61531,37.7,36.76999999999997,0.9300000000000352
37115,37.6,37.477499999999964,0.1225000000000378
90067,19.9,27.955499999999994,-8.055499999999995
93703,42.5,43.21849999999993,-0.7184999999999278
30557,37.5,38.29000000000004,-0.7900000000000418
20130,30.8,30.183000000000003,0.6169999999999973
28560,37.8,32.75399999999998,5.046000000000021
59802,26.8,26.127,0.6730000000000018
99659,42.8,40.73200000000002,2.0679999999999765
95405,25.0,30.00449999999996,-5.004499999999961
60194,25.1,29.509,-4.408999999999999
14228,28.5,30.912500000000037,-2.412500000000037
02813,28.9,30.026499999999984,-1.1264999999999858
28578,41.9,42.494,-0.5940000000000012
44301,42.9,39.46849999999997,3.431500000000028
43529,41.9,38.27299999999998,3.6270000000000167
36351,38.7,37.38399999999999,1.3160000000000096
55936,36.1,36.43699999999995,-0.33699999999994645
51047,35.1,37.57950000000008,-2.4795000000000798
38313,40.1,37.918999999999954,2.181000000000047
23486,36.7,38.2565,-1.5564999999999998
65202,32.2,35.571000000000026,-3.3710000000000235
45449,36.4,36.7585,-0.3584999999999994
33431,21.9,28.32899999999995,-6.428999999999952
79121,33.6,33.246,0.3539999999999992
56549,33.0,35.260999999999974,-2.2609999999999744
05058,30.4,24.123,6.2769999999999975
19944,26.7,33.72099999999997,-7.020999999999969
29670,34.9,37.46200000000004,-2.5620000000000402
23452,37.5,31.511500000000016,5.988499999999984
33948,31.5,32.46399999999997,-0.9639999999999702
05680,30.9,30.487500000000033,0.4124999999999659
30525,34.8,39.504999999999946,-4.704999999999949
74020,39.6,40.41899999999999,-0.8189999999999884
27411,39.4,35.25700000000001,4.1429999999999865
86334,28.5,32.15399999999997,-3.653999999999968
84060,20.2,22.938999999999997,-2.738999999999997
62902,40.8,38.707999999999984,2.092000000000013
75215,45.8,46.65650000000006,-0.8565000000000609
49034,38.4,36.48100000000004,1.9189999999999614
76426,34.6,38.19299999999997,-3.592999999999968
22302,29.4,26.28049999999996,3.1195000000000377
44454,39.2,37.44299999999989,1.7570000000001116
47468,35.1,32.817499999999974,2.2825000000000273
59226,33.3,34.40099999999993,-1.1009999999999351
80480,29.9,36.57549999999998,-6.675499999999978
25870,43.3,41.397999999999975,1.9020000000000223
30076,25.6,31.094999999999985,-5.494999999999983
85912,33.5,38.38999999999999,-4.8899999999999935
95829,26.9,38.29650000000004,-11.396500000000039
51025,40.4,38.55649999999997,1.8435000000000272
01720,21.7,26.05199999999999,-4.35199999999999
44314,42.8,39.30050000000004,3.499499999999955
90004,25.8,27.834000000000017,-2.0340000000000167
54763,41.4,38.32200000000003,3.0779999999999674
24817,43.3,42.70249999999996,0.5975000000000392
75048,30.9,31.69550000000002,-0.7955000000000219
62034,34.5,29.155499999999996,5.344500000000004
71295,43.8,45.407,-1.6069999999999993
33016,30.2,35.75299999999998,-5.5529999999999795
35476,43.0,37.34149999999997,5.658500000000032
68116,32.9,26.34750000000001,6.552499999999988
49783,34.7,35.15150000000006,-0.45150000000005974
98682,36.5,32.488500000000016,4.011499999999984
72569,38.6,40.74550000000005,-2.145500000000048
53086,36.3,31.169500000000063,5.130499999999934
23860,44.7,40.89799999999998,3.802000000000021
97850,36.5,33.28150000000001,3.2184999999999917
52722,37.6,34.741499999999995,2.8585000000000065
03047,35.3,33.807499999999976,1.492500000000021
47613,36.3,35.68949999999999,0.6105000000000089
28363,43.1,39.06099999999998,4.039000000000023
79350,36.6,38.27099999999996,-1.6709999999999567
60536,37.4,31.7515,5.6484999999999985
28455,40.4,39.53499999999996,0.8650000000000375
92075,22.8,23.290499999999966,-0.4904999999999653
03582,38.7,39.367000000000026,-0.6670000000000229
06037,28.7,30.464499999999983,-1.764499999999984
61103,46.0,38.24099999999992,7.7590000000000785
29706,39.4,41.52649999999998,-2.1264999999999787
37023,38.0,38.214,-0.21399999999999864
47341,34.9,36.87349999999995,-1.9734999999999516
53007,38.2,37.07599999999994,1.1240000000000663
38627,38.8,41.602500000000056,-2.802500000000059
75849,34.1,37.957000000000036,-3.857000000000035
12842,30.4,33.24600000000005,-2.8460000000000534
20689,37.6,30.933999999999987,6.666000000000015
45321,38.7,39.19449999999999,-0.49449999999998795
07648,21.5,31.004000000000023,-9.504000000000023
54458,35.9,36.778,-0.8780000000000001
23661,43.6,36.46400000000001,7.135999999999989
91980,30.2,39.151000000000025,-8.951000000000025
66211,27.4,28.42950000000001,-1.029500000000013
68833,36.2,37.16500000000005,-0.965000000000046
65803,40.1,38.42499999999995,1.675000000000054
74820,39.7,38.79149999999998,0.908500000000025
67526,38.2,37.47100000000009,0.7289999999999139
53566,40.3,36.92999999999998,3.3700000000000188
31558,38.1,36.93849999999998,1.161500000000018
46732,41.2,36.64700000000008,4.552999999999926
14731,32.9,36.08299999999999,-3.1829999999999927
98950,37.1,28.663499999999985,8.436500000000017
99161,30.7,24.642500000000005,6.057499999999994
79042,35.4,37.3755,-1.9755000000000038
71765,40.8,42.43649999999998,-1.6364999999999839
53065,43.3,38.9865,4.313499999999998
04967,38.0,37.758000000000024,0.241999999999976
11961,28.7,34.320499999999996,-5.620499999999996
11369,27.3,34.19999999999996,-6.8999999999999595
93532,26.5,31.88249999999997,-5.382499999999968
71065,46.9,44.32299999999999,2.5770000000000053
72104,37.7,37.234500000000004,0.4654999999999987
76832,36.9,40.60350000000006,-3.703500000000062
57076,34.8,38.31299999999995,-3.5129999999999555
21054,32.6,29.524500000000007,3.0754999999999946
95571,36.8,36.490500000000004,0.3094999999999928
60457,30.1,32.517999999999994,-2.417999999999992
37327,39.5,40.46099999999999,-0.9609999999999914
78228,39.0,40.0869999999999,-1.0869999999998967
45822,37.3,37.59949999999996,-0.29949999999996635
20147,27.8,27.498999999999988,0.3010000000000126
24651,39.0,35.233000000000004,3.766999999999996
49770,31.8,28.64849999999996,3.1515000000000413
55413,26.3,25.69899999999999,0.6010000000000097
43142,41.5,41.529499999999956,-0.029499999999956117
82512,38.7,42.20100000000005,-3.5010000000000474
44663,43.4,37.84300000000001,5.556999999999988
64035,39.7,39.92200000000006,-0.22200000000005815
68377,36.3,38.503499999999946,-2.2034999999999485
12456,28.5,31.475499999999982,-2.9754999999999825
78065,43.9,42.51400000000006,1.3859999999999388
49401,32.8,32.123499999999964,0.6765000000000327
39193,57.6,54.9795000000001,2.6204999999999004
30517,31.7,36.26650000000001,-4.566500000000008
26228,35.4,42.78500000000006,-7.385000000000062
68521,36.3,34.17949999999998,2.120500000000014
47327,37.9,39.42200000000002,-1.5220000000000198
02468,20.9,23.889999999999997,-2.9899999999999984
46237,32.9,29.606499999999993,3.293500000000005
14167,34.7,36.58650000000006,-1.886500000000055
21631,37.5,37.410999999999966,0.08900000000003416
52072,40.4,39.791999999999966,0.6080000000000325
96719,26.5,30.557499999999976,-4.057499999999976
59311,34.4,34.60950000000006,-0.20950000000006241
37748,39.0,39.141000000000034,-0.14100000000003376
30047,34.1,36.731499999999976,-2.631499999999974
33461,31.1,38.78950000000008,-7.689500000000081
02878,28.2,28.723000000000066,-0.5230000000000672
02748,29.2,29.53849999999994,-0.3384999999999394
68510,35.6,34.24299999999993,1.3570000000000704
60097,34.2,32.35649999999994,1.8435000000000628
13062,26.7,25.80800000000004,0.8919999999999604
54450,42.0,39.97100000000001,2.0289999999999893
89413,23.9,26.858999999999966,-2.9589999999999677
68371,38.7,38.06250000000002,0.6374999999999815
43433,41.9,38.13850000000005,3.7614999999999483
61568,34.9,32.844999999999956,2.0550000000000423
20874,27.8,31.63500000000005,-3.8350000000000506
47123,43.2,40.19599999999997,3.0040000000000333
43730,39.2,40.808999999999955,-1.608999999999952
83811,33.0,36.074500000000015,-3.0745000000000147
07825,30.6,31.167000000000016,-0.5670000000000144
32668,35.0,40.76150000000005,-5.761500000000048
24603,43.5,47.16900000000006,-3.669000000000061
48359,30.4,27.576000000000008,2.823999999999991
84003,29.1,23.031000000000013,6.068999999999988
72034,39.8,33.82650000000003,5.973499999999966
50073,33.9,30.099000000000043,3.8009999999999557
68318,43.0,36.02750000000002,6.972499999999982
95018,24.8,25.062500000000018,-0.26250000000001705
32052,44.1,42.25549999999996,1.844500000000039
43412,36.2,34.83900000000002,1.360999999999983
95247,27.6,33.012500000000024,-5.412500000000023
98840,32.9,35.324500000000036,-2.4245000000000374
25193,46.7,44.07900000000002,2.620999999999981
25871,45.7,47.487999999999985,-1.7879999999999825
93015,28.5,37.745000000000026,-9.245000000000026
95377,26.3,33.970000000000034,-7.670000000000034
26554,41.8,33.16349999999996,8.63650000000004
51503,38.1,33.523999999999965,4.576000000000036
70591,43.0,40.555000000000014,2.444999999999986
74462,41.8,42.82550000000001,-1.0255000000000152
68422,40.9,37.50850000000005,3.391499999999951
06489,28.5,26.93200000000005,1.5679999999999517
14135,31.5,35.95099999999998,-4.450999999999979
08043,23.4,28.487500000000008,-5.087500000000009
57375,36.3,38.43650000000006,-2.136500000000062
43061,35.0,30.120500000000007,4.879499999999993
54927,40.5,37.03450000000001,3.4654999999999916
48371,31.8,30.517000000000053,1.282999999999948
38401,36.1,32.735499999999945,3.3645000000000564
73446,40.3,41.71649999999991,-1.416499999999914
37379,33.5,31.83650000000003,1.6634999999999707
55402,27.5,27.94350000000004,-0.4435000000000393
13355,39.1,38.40900000000001,0.6909999999999883
22714,40.5,38.76199999999997,1.738000000000028
54301,41.6,36.06499999999996,5.535000000000039
13210,37.1,33.08900000000001,4.010999999999989
58052,34.6,30.60600000000001,3.9939999999999927
53944,41.3,38.93599999999999,2.3640000000000043
52640,38.6,37.10400000000003,1.4959999999999738
86409,34.3,37.93099999999995,-3.6309999999999505
87527,39.6,40.24949999999997,-0.6494999999999678
33844,42.5,38.73699999999998,3.7630000000000194
67209,36.5,33.77849999999995,2.7215000000000487
66741,35.3,38.72350000000003,-3.4235000000000326
48360,28.7,23.311499999999974,5.388500000000025
14836,34.6,36.70049999999996,-2.100499999999961
78401,42.9,45.61800000000004,-2.718000000000039
56301,37.7,35.523,2.1769999999999996
11236,30.3,31.233500000000003,-0.9335000000000022
63839,41.8,40.454000000000036,1.345999999999961
56314,36.9,35.677499999999974,1.222500000000025
12131,32.9,36.08800000000005,-3.188000000000052
73542,44.5,42.69149999999995,1.808500000000052
53528,33.7,32.900500000000015,0.7994999999999877
49333,36.4,31.05000000000002,5.34999999999998
26275,46.2,45.14350000000009,1.0564999999999145
77873,33.6,36.05699999999995,-2.456999999999951
63033,38.6,32.376999999999995,6.223000000000006
39090,43.0,43.16149999999991,-0.16149999999991138
60559,29.3,27.17799999999996,2.122000000000039
21780,35.3,32.23599999999999,3.064000000000007
47203,38.7,33.812000000000054,4.887999999999948
72554,40.0,41.571000000000005,-1.571000000000005
47433,40.3,36.00200000000003,4.297999999999966
83454,32.7,30.71400000000002,1.985999999999983
26320,42.1,39.672499999999964,2.4275000000000375
79109,35.5,31.869500000000006,3.6304999999999943
07014,25.9,33.91299999999999,-8.012999999999991
10595,24.7,32.02300000000003,-7.323000000000032
76430,33.5,35.179500000000004,-1.6795000000000044
95231,33.5,35.257000000000026,-1.7570000000000263
50448,40.7,35.96500000000001,4.734999999999992
58425,37.9,37.32500000000002,0.5749999999999815
12490,28.6,28.740499999999997,-0.14049999999999585
27985,42.2,40.251499999999915,1.948500000000088
53158,37.7,35.86999999999998,1.8300000000000196
98552,37.6,38.35700000000003,-0.7570000000000263
03462,30.1,31.64200000000007,-1.542000000000069
75074,35.5,34.19799999999999,1.3020000000000067
24202,38.6,36.419000000000075,2.1809999999999263
92504,36.7,36.259000000000015,0.4409999999999883
05651,25.4,24.315000000000012,1.0849999999999866
25208,51.6,47.321000000000005,4.278999999999996
90011,35.8,27.40450000000002,8.395499999999977
83325,36.2,38.93200000000006,-2.732000000000056
87323,41.5,40.17549999999996,1.324500000000043
65589,40.8,41.595499999999944,-0.7954999999999472
67151,36.4,37.71400000000003,-1.3140000000000285
54486,40.8,40.27199999999991,0.528000000000084
39564,36.5,33.768,2.7319999999999993
56639,38.5,39.77250000000009,-1.2725000000000932
62917,40.5,37.005999999999936,3.4940000000000637
45317,38.6,36.153500000000065,2.4464999999999364
93442,26.0,28.886500000000037,-2.886500000000037
51239,32.6,37.35850000000004,-4.758500000000041
58043,41.8,35.767999999999965,6.032000000000032
76513,40.0,33.59600000000001,6.403999999999989
81137,23.9,33.44599999999994,-9.545999999999943
94127,16.3,25.329999999999995,-9.029999999999994
19710,27.6,26.54950000000001,1.0504999999999924
86556,35.5,38.892999999999965,-3.392999999999965
29659,37.8,37.49599999999994,0.3040000000000589
23005,33.9,31.68049999999998,2.219500000000018
73006,39.2,40.07450000000003,-0.874500000000026
81522,30.2,28.769499999999994,1.4305000000000057
60202,28.1,30.774499999999986,-2.674499999999984
33525,32.9,38.56050000000002,-5.66050000000002
56594,37.3,36.69750000000005,0.6024999999999494
47118,43.5,38.44299999999998,5.0570000000000235
53810,42.9,42.06999999999996,0.8300000000000409
70523,45.4,38.583499999999994,6.816500000000005
57035,36.1,38.02599999999993,-1.9259999999999309
89835,39.7,37.75149999999996,1.9485000000000454
27954,32.9,33.66850000000004,-0.7685000000000386
56535,39.2,38.77099999999999,0.42900000000001626
04652,39.0,39.75699999999993,-0.7569999999999268
38954,38.4,40.64099999999997,-2.2409999999999712
97437,35.0,30.54600000000002,4.453999999999979
21207,41.6,35.653500000000086,5.946499999999915
45872,40.7,38.40850000000003,2.291499999999971
45654,38.7,40.35849999999999,-1.6584999999999894
08059,29.1,36.67150000000005,-7.57150000000005
66962,36.3,38.26699999999998,-1.9669999999999845
21817,36.0,38.499499999999955,-2.499499999999955
31539,41.4,41.594500000000025,-0.19450000000002632
47940,38.2,38.07849999999997,0.12150000000003303
95053,16.4,24.67499999999997,-8.27499999999997
78596,43.0,39.36149999999997,3.638500000000029
94061,25.3,31.420999999999978,-6.120999999999977
92021,29.4,30.133499999999945,-0.7334999999999461
59008,32.5,32.98299999999996,-0.48299999999996146
47610,35.8,35.43100000000006,0.3689999999999358
62450,39.6,33.56049999999991,6.039500000000089
32024,37.4,37.94299999999997,-0.5429999999999708
37321,42.2,38.77200000000002,3.427999999999983
35963,38.5,40.25599999999997,-1.7559999999999718
12211,25.4,26.51699999999997,-1.1169999999999725
76351,35.5,37.270499999999984,-1.7704999999999842
25245,39.9,40.31350000000005,-0.41350000000004883
62984,42.0,38.45800000000005,3.541999999999952
43227,44.5,40.36750000000005,4.1324999999999505
29941,31.4,36.09999999999998,-4.6999999999999815
85024,28.5,25.16450000000002,3.3354999999999784
63468,40.2,41.6865,-1.4864999999999995
53012,30.8,34.172499999999964,-3.372499999999963
80106,26.7,29.017000000000017,-2.317000000000018
67514,44.0,36.992000000000004,7.007999999999996
67640,39.5,37.91699999999995,1.5830000000000481
63055,39.3,38.11200000000001,1.1879999999999882
26415,41.6,43.10550000000008,-1.505500000000076
66948,40.0,37.35099999999999,2.649000000000008
64857,39.1,40.10350000000001,-1.0035000000000096
35149,41.6,37.8375,3.762500000000003
43912,40.9,40.06299999999997,0.8370000000000317
10566,28.4,33.95549999999997,-5.555499999999974
67857,36.7,40.6129999999999,-3.9129999999998972
48626,33.1,35.386000000000024,-2.2860000000000227
27573,42.1,38.24899999999999,3.8510000000000133
56230,39.1,39.305000000000014,-0.2050000000000125
55014,35.9,35.79199999999998,0.1080000000000183
77706,34.8,29.8625,4.9374999999999964
12075,31.0,34.19100000000005,-3.1910000000000522
71647,43.0,43.82150000000005,-0.8215000000000501
38571,40.1,36.687500000000036,3.412499999999966
73013,31.7,30.66600000000001,1.0339999999999883
79415,40.1,46.79100000000006,-6.691000000000059
03086,32.8,30.85149999999997,1.9485000000000277
32309,29.8,29.14649999999995,0.6535000000000508
10963,32.9,34.09999999999999,-1.1999999999999886
92371,34.6,37.73050000000001,-3.130500000000012
26761,39.8,37.18849999999998,2.6115000000000137
58601,37.3,36.397,0.9029999999999987
93041,27.8,37.119500000000095,-9.319500000000094
48066,40.5,35.78350000000002,4.716499999999982
84028,33.5,35.22849999999998,-1.7284999999999826
77474,38.4,39.5355,-1.1355000000000004
28101,33.0,32.05750000000001,0.9424999999999883
30549,32.1,37.09100000000001,-4.991000000000007
96746,24.7,31.975500000000007,-7.275500000000008
53518,40.2,40.415500000000016,-0.2155000000000129
99005,33.7,29.545000000000005,4.154999999999998
22722,38.6,40.00800000000007,-1.4080000000000652
75692,38.3,37.13600000000001,1.1639999999999873
95932,35.3,39.73650000000003,-4.436500000000031
26035,38.8,37.079499999999996,1.7205000000000013
29910,29.4,25.15350000000001,4.246499999999987
92059,29.2,35.87750000000003,-6.677500000000034
64759,41.5,42.675499999999985,-1.1754999999999853
80634,33.4,31.540499999999998,1.8595000000000006
56556,39.1,38.54650000000001,0.5534999999999926
07432,25.1,31.172500000000024,-6.072500000000023
11709,27.6,29.891999999999975,-2.291999999999973
43343,37.6,38.364999999999995,-0.7649999999999935
01525,25.3,29.89949999999998,-4.599499999999978
93106,14.5,24.018999999999973,-9.518999999999973
20706,42.4,37.52349999999999,4.876500000000007
95372,28.1,35.19749999999997,-7.097499999999968
60040,36.2,35.88150000000005,0.3184999999999505
24220,41.4,42.229,-0.8290000000000006
43522,36.3,37.93250000000007,-1.6325000000000713
59918,34.1,30.48799999999997,3.6120000000000303
84032,24.8,32.18049999999996,-7.380499999999959
79401,35.4,38.835499999999996,-3.4354999999999976
64156,36.0,29.189499999999956,6.810500000000044
67578,40.8,38.8985,1.9014999999999986
93614,31.0,30.149999999999995,0.850000000000005
80615,32.3,29.217500000000058,3.082499999999939
54723,34.8,36.308499999999974,-1.5084999999999766
23061,36.0,34.15150000000002,1.84849999999998
47452,39.2,36.831000000000074,2.3689999999999287
72003,37.1,40.61900000000004,-3.519000000000041
31088,38.8,32.816000000000074,5.983999999999924
38485,39.2,40.121,-0.9209999999999994
30273,44.9,39.228,5.671999999999997
72364,42.0,37.38250000000005,4.61749999999995
74644,42.9,40.786000000000044,2.1139999999999546
99558,39.0,42.15299999999999,-3.1529999999999916
78108,34.1,34.715000000000025,-0.6150000000000233
23460,24.2,23.266499999999994,0.9335000000000058
47552,40.0,34.508500000000055,5.491499999999945
50206,38.5,36.805999999999976,1.694000000000024
65101,37.6,36.87750000000003,0.7224999999999682
67701,35.9,36.163000000000025,-0.26300000000002655
04555,32.1,29.56699999999999,2.533000000000012
70457,26.1,26.358499999999946,-0.25849999999994466
54937,43.5,36.652000000000015,6.847999999999985
54986,39.1,36.49449999999992,2.6055000000000845
78229,34.1,38.45550000000004,-4.355500000000042
36064,37.9,33.092500000000015,4.807499999999983
32618,32.5,34.12350000000002,-1.6235000000000213
28734,35.6,35.606499999999976,-0.006499999999974193
68873,38.7,36.95050000000001,1.7494999999999905
38673,39.2,38.20150000000002,0.9984999999999857
92374,30.1,32.7435,-2.643499999999996
74127,45.0,38.78300000000003,6.21699999999997
71368,41.0,43.1180000000001,-2.1180000000001016
64790,41.4,42.8025000000001,-1.4025000000001029
72426,37.4,36.94300000000004,0.4569999999999581
67025,37.4,35.24849999999994,2.1515000000000555
25049,46.5,42.483500000000014,4.016499999999986
22308,24.3,20.02950000000001,4.270499999999991
48506,44.2,37.49200000000003,6.70799999999997
03847,31.9,34.743999999999936,-2.8439999999999372
22971,37.3,36.897499999999944,0.40250000000005315
95559,34.1,38.50300000000005,-4.403000000000048
69337,35.6,31.65299999999996,3.947000000000042
32631,34.3,36.93699999999998,-2.6369999999999862
45505,46.8,43.575500000000105,3.2244999999998925
75021,35.9,39.478999999999935,-3.5789999999999367
46797,37.0,32.065,4.935000000000002
74836,36.6,39.73750000000005,-3.1375000000000455
85711,35.2,34.85500000000002,0.34499999999998465
94591,29.4,33.96049999999998,-4.560499999999983
46902,36.5,36.875999999999955,-0.37599999999995504
59330,33.2,33.33050000000002,-0.13050000000001916
50647,37.4,30.95799999999995,6.44200000000005
14033,31.2,33.39650000000001,-2.196500000000011
26217,45.6,46.68749999999994,-1.0874999999999417
45862,38.3,40.893499999999975,-2.5934999999999775
32606,27.6,26.581999999999983,1.0180000000000184
01062,24.5,24.065,0.4349999999999987
10502,20.6,24.381999999999998,-3.7819999999999965
49113,39.7,38.70850000000005,0.9914999999999523
72132,39.6,39.566500000000055,0.033499999999946795
13478,35.3,38.154999999999944,-2.854999999999947
53128,40.2,36.65799999999995,3.5420000000000513
77585,36.2,40.21000000000003,-4.010000000000026
47243,34.3,34.53049999999999,-0.23049999999999216
63388,37.6,38.73200000000002,-1.1320000000000192
11569,27.7,30.28849999999995,-2.58849999999995
89139,26.8,30.982999999999976,-4.182999999999975
79713,34.8,39.312000000000076,-4.512000000000079
11364,17.5,33.513000000000005,-16.013000000000005
02828,28.6,31.139499999999966,-2.539499999999965
63377,40.6,37.639000000000095,2.960999999999906
29831,34.7,36.61499999999995,-1.9149999999999494
79735,40.7,43.50450000000005,-2.804500000000047
24211,37.3,34.95600000000004,2.3439999999999586
95427,29.0,34.79250000000003,-5.792500000000032
96008,30.6,31.221499999999946,-0.6214999999999442
49738,37.6,37.90399999999999,-0.30399999999998784
07424,26.1,29.16699999999997,-3.066999999999968
13068,29.1,31.908000000000033,-2.808000000000032
57657,41.9,41.28099999999994,0.6190000000000566
13659,38.6,37.25799999999999,1.342000000000013
34216,27.1,27.967000000000006,-0.8670000000000044
13607,37.4,36.472999999999985,0.9270000000000138
06069,25.6,30.285499999999946,-4.685499999999944
77078,48.3,46.546500000000016,1.7534999999999812
83233,34.5,36.33949999999999,-1.8394999999999868
97376,36.0,34.954999999999984,1.045000000000016
46750,40.5,35.474500000000006,5.025499999999994
74951,39.8,44.04700000000002,-4.247000000000021
59015,32.3,30.828499999999977,1.4715000000000202
72567,41.7,43.90550000000001,-2.205500000000008
47535,35.8,37.14300000000002,-1.3430000000000248
56683,38.0,34.746999999999964,3.2530000000000356
38340,38.6,35.8005,2.799500000000002
32119,32.5,34.21650000000008,-1.7165000000000816
08063,33.7,36.9305,-3.2304999999999993
45142,39.8,40.02600000000001,-0.2260000000000133
13477,36.0,35.5235,0.4765000000000015
98940,34.3,24.782999999999983,9.517000000000014
58301,41.6,38.78650000000007,2.8134999999999337
02462,21.3,30.733999999999973,-9.433999999999973
78230,30.2,31.926000000000023,-1.726000000000024
23901,39.6,37.714000000000034,1.8859999999999673
54499,40.3,39.55500000000002,0.7449999999999761
57580,38.8,38.818499999999965,-0.018499999999967542
97021,37.0,33.74150000000006,3.258499999999941
94960,20.5,26.500499999999978,-6.0004999999999775
50676,38.5,35.630000000000045,2.869999999999955
62630,35.7,33.57500000000007,2.124999999999936
12308,35.2,34.41150000000001,0.788499999999992
74084,47.9,43.18149999999995,4.7185000000000485
30102,34.1,32.88150000000004,1.2184999999999633
81323,28.0,33.95600000000003,-5.9560000000000315
55965,41.3,36.35000000000001,4.949999999999989
59404,34.5,32.377000000000024,2.1229999999999762
52068,34.6,33.481999999999964,1.1180000000000376
25061,42.8,43.07399999999996,-0.2739999999999654
97038,36.4,33.14849999999999,3.251500000000007
84758,34.7,33.2745,1.4254999999999995
64673,41.7,42.22849999999997,-0.5284999999999656
44445,40.4,37.326499999999946,3.0735000000000525
30449,46.8,39.91749999999998,6.8825000000000145
62432,35.7,35.67650000000004,0.023499999999962995
32259,28.0,26.20400000000001,1.7959999999999887
94085,20.9,31.954000000000043,-11.054000000000045
51011,35.3,37.27650000000005,-1.9765000000000512
02122,24.9,38.26299999999998,-13.362999999999978
61462,37.3,34.75099999999998,2.5490000000000137
08074,28.6,32.684,-4.083999999999996
45240,38.9,36.517000000000024,2.3829999999999742
14738,36.1,36.20750000000002,-0.10750000000001592
53216,49.0,43.64099999999995,5.3590000000000515
32256,28.6,27.01800000000001,1.58199999999999
48209,41.4,46.670499999999976,-5.270499999999977
49829,41.3,37.33949999999996,3.9605000000000388
05830,32.7,34.99799999999993,-2.2979999999999237
73115,41.3,38.57049999999997,2.72950000000003
75639,39.3,40.26300000000004,-0.9630000000000436
84006,28.1,27.837999999999955,0.26200000000004664
60913,37.8,33.49700000000004,4.302999999999955
20119,32.7,32.75299999999994,-0.05299999999994043
59474,35.4,35.6625,-0.26250000000000284
52039,35.1,35.43500000000003,-0.3350000000000293
60927,37.2,32.73200000000004,4.467999999999961
99013,39.5,37.013000000000005,2.4869999999999948
65322,37.8,36.889500000000055,0.9104999999999421
12304,36.6,36.143999999999984,0.4560000000000173
12759,33.2,39.30299999999996,-6.102999999999959
43824,40.5,39.440000000000055,1.0599999999999454
37339,41.2,40.14150000000006,1.0584999999999454
71203,44.1,37.52600000000009,6.573999999999913
46504,42.7,38.58249999999991,4.117500000000092
07460,26.4,34.11850000000003,-7.718500000000034
12503,30.9,37.90299999999996,-7.002999999999965
31331,40.2,41.174499999999945,-0.9744999999999422
87109,31.6,29.609500000000025,1.990499999999976
99602,39.1,38.40800000000003,0.6919999999999717
83330,35.1,38.467500000000015,-3.367500000000014
87516,42.6,42.1455,0.454500000000003
62354,39.9,37.43250000000001,2.467499999999987
12033,29.9,31.52200000000002,-1.6220000000000212
21639,42.0,37.68900000000002,4.310999999999979
76443,36.4,37.14349999999996,-0.7434999999999619
93256,36.2,42.67449999999998,-6.474499999999978
53002,38.0,35.32399999999999,2.676000000000009
91406,28.9,35.493500000000004,-6.593500000000006
66603,47.2,43.17950000000008,4.02049999999992
54421,38.7,40.58900000000005,-1.8890000000000455
83421,33.1,36.43499999999997,-3.3349999999999653
61048,37.6,35.001499999999965,2.598500000000037
30332,17.9,25.931999999999988,-8.03199999999999
76821,35.4,38.19699999999994,-2.79699999999994
44853,37.2,41.042499999999926,-3.842499999999923
52065,35.0,35.13250000000001,-0.1325000000000074
91913,23.4,29.47200000000004,-6.072000000000042
66526,35.9,33.33849999999999,2.5615000000000094
36908,42.7,41.27400000000004,1.4259999999999593
60563,27.2,27.253999999999976,-0.05399999999997718
24517,38.0,38.414000000000016,-0.4140000000000157
72015,35.8,39.46399999999991,-3.663999999999916
50123,39.7,39.6065,0.09350000000000591
28091,41.0,37.097499999999975,3.9025000000000247
06447,30.0,32.928,-2.9279999999999973
04579,29.6,34.39300000000002,-4.793000000000021
60934,37.5,38.057000000000066,-0.5570000000000661
93926,35.6,39.18649999999998,-3.5864999999999796
99180,40.1,37.359000000000016,2.7409999999999854
30257,34.7,36.75349999999997,-2.053499999999964
50171,41.7,34.81249999999996,6.8875000000000455
30205,30.7,29.55250000000002,1.1474999999999795
76120,35.8,33.33750000000005,2.462499999999949
13040,32.9,38.041499999999985,-5.141499999999986
95303,32.7,37.64749999999999,-4.947499999999984
75975,41.5,41.74600000000003,-0.24600000000003064
07041,18.8,27.378499999999985,-8.578499999999984
24927,42.7,43.523499999999984,-0.8234999999999815
59751,30.7,30.254000000000037,0.4459999999999624
31750,41.6,42.22300000000003,-0.623000000000026
78704,28.1,25.021000000000036,3.078999999999965
84739,37.1,36.18700000000002,0.9129999999999825
56327,37.0,34.43350000000003,2.5664999999999694
72447,39.1,43.558499999999896,-4.458499999999894
85326,34.0,31.404499999999974,2.595500000000026
47942,42.8,38.180499999999974,4.6195000000000235
33513,34.9,36.72500000000004,-1.8250000000000384
95456,25.7,29.178500000000017,-3.478500000000018
75570,35.9,35.658000000000044,0.2419999999999547
32206,46.3,45.302000000000106,0.997999999999891
67152,41.6,38.21099999999996,3.3890000000000384
39305,38.4,39.0305,-0.630500000000005
43735,42.8,39.054500000000004,3.7454999999999927
28786,33.6,33.79250000000005,-0.1925000000000452
23838,35.3,28.274500000000057,7.025499999999941
13332,37.1,35.70900000000001,1.3909999999999911
61413,36.4,36.15400000000004,0.24599999999995958
79379,42.4,43.72850000000001,-1.3285000000000124
24597,43.8,42.19350000000003,1.6064999999999685
43021,33.2,29.31799999999997,3.8820000000000334
77065,34.9,32.92,1.9799999999999969
13310,38.8,33.84549999999999,4.95450000000001
78873,37.3,41.60049999999994,-4.300499999999943
54209,35.4,35.68400000000004,-0.28400000000004155
38152,26.0,26.169999999999995,-0.1699999999999946
61107,38.9,30.10699999999999,8.79300000000001
36482,47.4,43.08649999999999,4.313500000000012
21742,37.2,36.2725,0.927500000000002
47941,33.0,36.65350000000005,-3.653500000000051
75161,36.9,38.083000000000034,-1.1830000000000354
89414,38.5,39.37999999999997,-0.879999999999967
02717,29.7,31.49799999999995,-1.797999999999952
29841,34.4,34.95899999999996,-0.558999999999962
05839,30.8,32.210499999999996,-1.4104999999999954
78839,48.3,46.52299999999998,1.7770000000000152
55421,38.0,37.661000000000044,0.338999999999956
46795,40.1,38.87949999999998,1.2205000000000226
90025,21.1,25.4795,-4.3795
01009,33.8,37.85249999999999,-4.052499999999995
75964,36.6,40.21049999999998,-3.6104999999999805
01256,32.9,35.32350000000001,-2.4235000000000113
61251,34.6,34.60149999999991,-0.0014999999999076863
28573,40.2,41.458999999999996,-1.2589999999999932
61449,37.5,35.94299999999996,1.5570000000000377
92130,19.6,22.471499999999995,-2.871499999999994
87723,33.6,36.93300000000002,-3.3330000000000197
67501,46.7,38.132499999999915,8.567500000000088
56025,38.3,39.93749999999994,-1.637499999999946
22980,39.2,34.8435,4.356500000000004
61544,39.0,39.65099999999996,-0.6509999999999607
23841,40.2,36.06199999999997,4.138000000000034
20755,33.8,32.57800000000007,1.2219999999999303
68648,40.2,36.74549999999993,3.454500000000074
57555,49.6,43.98850000000002,5.611499999999978
79780,41.5,41.39449999999995,0.105500000000049
39481,40.1,43.34000000000001,-3.240000000000009
04848,32.5,33.89100000000002,-1.3910000000000196
87121,37.3,33.70950000000001,3.5904999999999845
27910,43.6,40.26499999999999,3.335000000000008
90262,32.7,36.959,-4.259
13073,30.3,32.39299999999996,-2.0929999999999573
71220,45.4,46.45350000000008,-1.053500000000085
56630,38.3,39.213499999999975,-0.9134999999999778
68928,39.3,37.6665,1.633499999999998
29364,40.0,39.551,0.44899999999999807
68949,39.3,39.263000000000055,0.03699999999994219
28901,38.0,40.08549999999999,-2.085499999999989
25526,37.1,33.03650000000004,4.063499999999962
30033,23.9,25.657499999999985,-1.757499999999986
45005,36.2,36.36599999999999,-0.1659999999999897
65591,37.1,38.54249999999993,-1.4424999999999315
95469,28.9,33.80899999999995,-4.908999999999949
58057,37.2,32.35699999999997,4.843000000000032
74048,41.0,41.30149999999993,-0.30149999999993327
20852,23.8,25.61900000000001,-1.8190000000000097
52584,36.2,35.82000000000002,0.37999999999998124
39425,37.6,39.67800000000005,-2.0780000000000456
90023,33.1,36.82699999999994,-3.72699999999994
83633,37.9,39.27900000000009,-1.3790000000000902
80425,22.3,19.739500000000046,2.560499999999955
60431,39.5,34.52299999999999,4.977000000000011
54455,36.2,37.188,-0.9879999999999995
56352,36.8,35.3025,1.4974999999999952
79526,39.9,41.237000000000016,-1.3370000000000175
63845,46.4,47.58650000000004,-1.186500000000045
24991,42.9,42.65099999999995,0.24900000000005207
45899,35.5,37.721000000000075,-2.2210000000000747
75134,41.2,39.30299999999998,1.8970000000000198
02601,31.3,34.437000000000026,-3.1370000000000253
23357,44.1,41.765499999999996,2.3345000000000056
54755,38.9,39.23200000000001,-0.33200000000001495
52550,41.9,39.065999999999995,2.834000000000003
89084,30.2,33.20900000000001,-3.009000000000011
62987,38.3,35.48349999999998,2.816500000000019
84623,30.0,35.970500000000044,-5.970500000000044
33823,40.6,37.465,3.134999999999998
32703,34.7,33.893500000000024,0.8064999999999785
97477,36.6,27.600999999999978,8.999000000000024
84317,32.5,27.053000000000015,5.446999999999985
30516,35.8,38.75749999999993,-2.957499999999932
78161,36.7,39.279999999999944,-2.5799999999999415
06878,21.2,25.813999999999993,-4.613999999999994
49505,35.9,32.145500000000055,3.7544999999999433
36420,38.3,37.826,0.47399999999999665
57033,36.1,35.02800000000004,1.07199999999996
89004,29.2,31.461000000000023,-2.261000000000024
20620,36.4,33.696000000000005,2.7039999999999935
45601,44.2,34.45049999999998,9.749500000000026
21236,31.7,33.53599999999997,-1.8359999999999737
25920,42.9,42.62250000000004,0.2774999999999608
48624,40.4,38.40099999999996,1.9990000000000379
77560,39.2,35.177499999999974,4.022500000000029
88416,37.7,38.98599999999996,-1.2859999999999587
47406,31.3,35.506000000000014,-4.206000000000014
60959,37.7,39.725000000000065,-2.0250000000000625
85746,35.3,38.229499999999945,-2.9294999999999476
68017,39.3,35.91599999999996,3.384000000000036
29585,27.3,29.813500000000037,-2.513500000000036
37356,40.2,39.19450000000004,1.0054999999999623
76020,34.3,36.63199999999999,-2.3319999999999936
32563,30.8,29.067999999999955,1.7320000000000455
65348,38.4,40.70199999999999,-2.3019999999999925
48161,42.5,36.92399999999999,5.576000000000008
12158,29.7,30.561499999999953,-0.8614999999999533
98297,24.8,21.8785,2.9215000000000018
91350,24.2,28.81399999999998,-4.6139999999999795
22044,27.7,34.966000000000015,-7.266000000000016
63445,42.3,43.83799999999997,-1.5379999999999754
37082,38.5,32.7905,5.7094999999999985
31303,40.2,38.549500000000045,1.6504999999999583
51532,37.1,35.713999999999984,1.386000000000017
38044,39.3,40.93749999999997,-1.6374999999999744
79220,37.9,39.83550000000003,-1.935500000000033
70462,40.3,35.98150000000012,4.318499999999879
23821,44.8,38.87950000000003,5.920499999999969
97358,41.5,31.948499999999946,9.551500000000054
54545,36.7,38.59450000000004,-1.8945000000000363
75788,32.1,36.385999999999996,-4.285999999999994
50145,40.6,36.769999999999996,3.8300000000000054
24437,41.5,37.8655000000001,3.6344999999999033
38343,41.5,40.02800000000006,1.4719999999999374
49330,37.4,34.835999999999935,2.564000000000064
47521,39.6,35.67549999999995,3.9245000000000516
04019,25.5,31.909500000000012,-6.409500000000012
63443,41.0,39.991000000000014,1.0089999999999861
66520,38.0,37.95600000000003,0.04399999999996851
46793,44.3,37.298999999999985,7.001000000000012
52074,40.7,38.798,1.902000000000001
70116,34.2,32.73200000000001,1.4679999999999893
58330,36.7,32.464000000000006,4.235999999999997
79201,36.2,38.77650000000001,-2.57650000000001
87935,32.7,32.32249999999996,0.37750000000004036
45429,32.4,30.5885,1.8114999999999988
83526,33.9,38.009499999999946,-4.109499999999947
91770,20.2,32.024499999999975,-11.824499999999976
67013,38.6,35.764,2.8359999999999985
02127,20.2,23.470499999999973,-3.2704999999999735
30833,42.1,41.841500000000025,0.25849999999997664
20812,23.7,19.56050000000001,4.1394999999999875
47129,46.0,37.086499999999965,8.913500000000035
49048,41.9,36.38249999999998,5.51750000000002
75848,37.7,40.10149999999992,-2.4014999999999205
07410,24.9,29.6235,-4.723500000000001
26581,44.5,48.23249999999994,-3.7324999999999378
14529,38.1,42.152000000000015,-4.052000000000014
55379,32.7,34.06449999999994,-1.3644999999999357
54657,42.1,41.17099999999995,0.9290000000000518
10594,22.7,29.42349999999996,-6.723499999999962
75140,37.9,40.462000000000074,-2.5620000000000758
23062,36.7,37.283999999999985,-0.5839999999999819
43907,42.3,39.160500000000006,3.139499999999991
61257,37.3,32.864499999999985,4.435500000000012
97378,38.7,31.171500000000083,7.528499999999919
28107,31.4,29.780999999999977,1.619000000000021
51563,33.7,32.55549999999994,1.1445000000000647
20109,35.7,36.09849999999998,-0.3984999999999772
71068,48.0,45.84000000000004,2.159999999999961
49635,34.2,34.906999999999954,-0.706999999999951
02871,26.4,26.970499999999962,-0.5704999999999636
98686,34.3,26.33500000000002,7.9649999999999785
55105,28.4,23.25549999999998,5.1445000000000185
98663,36.4,32.336999999999996,4.063000000000002
76632,38.1,41.72750000000002,-3.627500000000019
92385,31.1,30.85350000000002,0.24649999999997974
48059,34.0,35.26850000000009,-1.2685000000000883
78125,36.0,41.07049999999997,-5.070499999999967
54749,41.5,37.428500000000085,4.071499999999915
76052,30.7,33.64450000000005,-2.944500000000051
93283,37.3,39.801499999999976,-2.5014999999999787
05748,28.4,31.36,-2.960000000000001
98330,37.5,32.135,5.365000000000002
33193,28.2,36.634500000000095,-8.434500000000096
99023,32.5,23.326500000000042,9.173499999999958
43570,39.7,37.24599999999999,2.454000000000015
95972,37.9,42.131,-4.231000000000002
60071,33.7,35.53299999999999,-1.8329999999999842
63857,46.3,46.20299999999998,0.09700000000001552
44140,28.0,25.855999999999995,2.1440000000000055
44429,37.6,38.82750000000003,-1.2275000000000276
37694,39.6,39.72749999999998,-0.1274999999999764
76114,36.2,39.80750000000005,-3.6075000000000443
32244,36.4,32.73850000000003,3.6614999999999682
31533,40.0,40.59399999999995,-0.5939999999999515
12440,29.3,31.06700000000005,-1.7670000000000492
48819,35.2,33.63599999999998,1.5640000000000214
64076,36.5,36.325000000000024,0.17499999999997584
24502,35.3,30.49950000000001,4.800499999999989
02350,26.9,23.804500000000047,3.0954999999999515
99129,39.1,38.581000000000074,0.5189999999999273
65611,37.7,37.825,-0.125
22843,39.3,37.439499999999995,1.8605000000000018
13331,34.7,35.59600000000003,-0.8960000000000292
20861,24.6,25.9975,-1.3974999999999973
81419,26.6,32.98099999999995,-6.3809999999999505
51444,40.3,39.01499999999993,1.2850000000000676
31825,43.9,41.97000000000005,1.92999999999995
14456,31.3,30.106499999999983,1.193500000000018
28468,30.3,30.46900000000002,-0.16900000000001825
97908,40.9,36.38400000000005,4.5159999999999485
79407,34.3,36.669,-2.3689999999999998
57533,35.5,38.610000000000035,-3.110000000000035
89005,29.1,34.14799999999998,-5.0479999999999805
77535,37.9,36.53049999999998,1.3695000000000164
98566,38.0,38.73449999999993,-0.7344999999999331
49871,38.8,34.09050000000001,4.709499999999984
49234,36.3,34.65300000000001,1.6469999999999843
38852,38.9,42.38000000000002,-3.480000000000018
08735,26.0,29.82199999999998,-3.8219999999999814
44815,37.2,36.13449999999999,1.0655000000000143
01247,33.5,36.952500000000015,-3.452500000000015
97116,34.8,30.962999999999948,3.8370000000000495
59715,22.0,22.292500000000004,-0.292500000000004
62677,37.4,32.03750000000003,5.362499999999969
89412,28.9,30.171000000000003,-1.2710000000000043
75903,47.1,48.94399999999999,-1.843999999999987
50112,39.0,30.83400000000001,8.16599999999999
93551,26.6,32.98199999999999,-6.381999999999991
19975,31.3,30.7555,0.5444999999999993
93555,32.0,37.252500000000026,-5.252500000000026
44103,49.7,47.21999999999999,2.480000000000011
89429,37.6,39.89599999999998,-2.295999999999978
90022,32.0,34.36649999999997,-2.3664999999999665
30434,40.7,40.91449999999998,-0.2144999999999797
25854,39.4,39.29800000000001,0.10199999999998965
72903,34.1,37.586999999999996,-3.4869999999999948
08006,25.6,29.05549999999999,-3.45549999999999
96040,29.9,33.57349999999998,-3.673499999999983
56431,33.3,38.77099999999997,-5.470999999999975
25504,44.6,39.095999999999925,5.504000000000076
91504,24.5,30.166000000000032,-5.666000000000032
37324,38.4,41.824999999999974,-3.424999999999976
35173,31.9,32.10449999999998,-0.2044999999999817
99362,34.7,32.69999999999995,2.0000000000000497
60603,24.8,28.59850000000004,-3.7985000000000397
67637,38.3,37.23499999999999,1.0650000000000048
73034,33.0,33.69100000000001,-0.6910000000000096
63020,42.8,40.63949999999999,2.160500000000006
68652,34.7,39.12649999999999,-4.42649999999999
93603,28.7,34.214,-5.513999999999999
34474,34.6,35.59350000000001,-0.9935000000000116
47392,34.5,32.425000000000026,2.0749999999999744
24101,33.2,35.04500000000002,-1.8450000000000202
02134,18.2,27.36850000000001,-9.168500000000012
54889,37.9,38.63300000000005,-0.7330000000000538
45629,42.4,40.6504999999999,1.749500000000097
96708,29.6,25.268499999999985,4.331500000000016
12432,30.8,35.73449999999996,-4.934499999999961
27806,42.4,42.26299999999995,0.1370000000000502
29810,49.1,43.016499999999944,6.083500000000058
36580,37.9,37.86600000000003,0.0339999999999705
66712,38.2,38.30050000000006,-0.10050000000006065
30009,23.5,25.23450000000003,-1.734500000000029
03575,31.3,34.100500000000046,-2.8005000000000457
47387,43.0,38.692500000000074,4.307499999999926
68014,37.8,35.001000000000076,2.7989999999999213
89031,32.5,32.87149999999992,-0.37149999999991934
72175,49.1,46.170000000000066,2.9299999999999358
71101,51.3,47.531499999999994,3.768500000000003
24910,41.1,43.395499999999984,-2.2954999999999828
83636,33.6,34.62099999999997,-1.0209999999999653
05043,30.0,29.755499999999994,0.2445000000000057
35458,39.6,37.205,2.395000000000003
27829,37.7,36.21700000000003,1.4829999999999757
63108,29.4,26.62449999999999,2.775500000000008
05252,29.3,29.980000000000018,-0.6800000000000175
12045,31.7,34.90249999999999,-3.20249999999999
60643,35.9,31.096499999999956,4.803500000000042
60448,36.3,32.51300000000004,3.7869999999999564
04573,24.5,23.444499999999984,1.0555000000000163
68381,41.5,41.70950000000003,-0.2095000000000269
86045,32.5,38.46750000000003,-5.96750000000003
38833,39.7,41.92600000000004,-2.2260000000000346
67107,36.6,37.42349999999998,-0.8234999999999815
31405,33.9,35.2965,-1.3965000000000032
56433,35.9,35.48800000000007,0.411999999999928
58422,39.1,34.763499999999986,4.336500000000015
53941,40.6,39.63700000000003,0.9629999999999725
79906,32.5,38.08699999999997,-5.586999999999968
04479,37.6,40.46149999999994,-2.8614999999999355
59255,46.2,39.85199999999997,6.3480000000000345
19702,33.2,31.572000000000013,1.6279999999999895
27310,32.3,25.074000000000023,7.225999999999974
65067,37.0,38.41400000000004,-1.414000000000037
89134,25.6,30.840499999999974,-5.240499999999972
53016,43.5,38.563000000000066,4.936999999999934
90247,26.3,35.579500000000024,-9.279500000000024
45304,35.7,38.84,-3.1400000000000006
65444,42.7,43.66950000000001,-0.9695000000000107
14226,28.7,30.893000000000015,-2.1930000000000156
55307,38.6,36.51399999999994,2.0860000000000625
93230,33.5,34.25550000000002,-0.7555000000000192
81430,25.2,23.159999999999986,2.0400000000000134
71051,40.1,37.57899999999995,2.5210000000000505
67035,37.7,37.828500000000034,-0.12850000000003092
71455,35.3,37.410500000000056,-2.1105000000000587
32096,39.9,38.832000000000015,1.0679999999999836
34997,27.9,30.273999999999983,-2.3739999999999846
45817,34.5,34.70800000000001,-0.20800000000001262
56150,36.5,36.8465,-0.3464999999999989
56757,38.7,38.63449999999998,0.06550000000002143
05761,35.5,33.71050000000004,1.7894999999999612
61030,41.8,35.75650000000003,6.043499999999966
49791,38.4,33.20750000000001,5.192499999999988
04646,30.5,30.028999999999954,0.47100000000004627
13787,35.7,36.21450000000005,-0.5145000000000479
71272,32.7,33.191500000000026,-0.49150000000002336
72715,32.9,33.16700000000001,-0.2670000000000101
03049,31.3,30.005000000000013,1.2949999999999875
14904,32.6,39.570500000000045,-6.970500000000044
49765,42.4,38.741999999999976,3.6580000000000226
86303,26.0,27.413500000000003,-1.4135000000000026
99630,43.4,45.8005,-2.400500000000001
36082,33.0,36.46300000000002,-3.4630000000000223
51447,35.1,36.54550000000003,-1.445500000000031
13696,42.1,40.12199999999997,1.97800000000003
63105,23.9,27.036000000000048,-3.136000000000049
95327,32.1,33.575999999999986,-1.4759999999999849
80426,23.3,32.12800000000001,-8.828000000000007
29741,42.3,40.257000000000005,2.042999999999992
60421,39.0,36.07899999999999,2.9210000000000065
68831,39.0,39.370499999999986,-0.3704999999999856
72070,39.2,41.63349999999998,-2.433499999999974
02543,23.5,25.027000000000008,-1.5270000000000081
64730,42.8,44.62899999999998,-1.8289999999999793
21704,31.9,30.253999999999987,1.6460000000000115
12979,36.4,39.60400000000001,-3.204000000000015
64658,37.7,39.05450000000005,-1.3545000000000442
49821,39.8,36.171500000000044,3.6284999999999528
66850,39.3,37.22150000000002,2.078499999999977
89510,29.2,30.931999999999952,-1.7319999999999531
23083,38.0,38.38449999999996,-0.3844999999999601
67340,37.1,36.181499999999986,0.9185000000000159
30070,33.9,34.889499999999984,-0.9894999999999854
28147,37.7,35.782499999999985,1.9175000000000182
45211,39.7,35.95700000000002,3.742999999999981
45055,41.9,37.32049999999998,4.579500000000017
45503,41.5,36.75150000000002,4.748499999999979
94087,18.7,24.55500000000003,-5.855000000000032
61802,34.1,32.339999999999996,1.7600000000000051
49962,37.1,38.150999999999996,-1.0509999999999948
95322,35.3,37.83100000000006,-2.5310000000000628
27330,38.3,36.75549999999998,1.5445000000000206
48864,28.9,28.571000000000012,0.3289999999999864
45647,41.8,38.77050000000001,3.0294999999999845
14210,38.3,38.07950000000008,0.22049999999991599
74522,39.9,37.16100000000006,2.7389999999999404
01904,31.0,37.03200000000005,-6.032000000000053
47362,44.3,38.48499999999996,5.81500000000004
68651,41.2,37.65950000000002,3.54049999999998
65635,40.6,40.785000000000025,-0.1850000000000236
66438,38.5,41.519000000000034,-3.019000000000034
67470,41.0,37.681,3.3190000000000026
11549,17.9,20.752000000000002,-2.852000000000004
10543,24.7,30.778500000000022,-6.078500000000023
08030,30.5,36.43699999999997,-5.936999999999969
26169,41.9,38.98,2.9200000000000017
38603,40.7,42.66550000000004,-1.9655000000000342
65715,44.6,43.93250000000001,0.6674999999999898
71663,44.2,42.87899999999999,1.3210000000000122
72801,43.6,39.06299999999994,4.537000000000063
51026,37.9,36.943999999999946,0.9560000000000528
95313,36.8,39.643,-2.8430000000000035
48401,39.6,38.860999999999954,0.739000000000047
97317,42.9,31.45099999999998,11.44900000000002
05735,32.1,26.98500000000001,5.114999999999991
83821,31.5,33.68399999999998,-2.1839999999999833
60016,26.1,28.773000000000007,-2.6730000000000054
70589,40.5,41.81349999999994,-1.3134999999999408
83703,28.7,28.70149999999998,-0.0014999999999822933
49902,38.3,35.726499999999994,2.573500000000003
70515,41.8,41.81400000000004,-0.014000000000045532
80923,27.2,29.025499999999994,-1.8254999999999946
12417,30.2,33.35199999999997,-3.151999999999969
50473,41.3,36.001999999999995,5.298000000000002
80743,27.6,33.628500000000024,-6.028500000000022
56557,43.3,40.11800000000003,3.1819999999999666
60433,46.5,41.061500000000066,5.438499999999934
25520,42.4,38.01249999999997,4.387500000000031
99208,33.7,28.0755,5.624500000000001
54742,31.2,37.29750000000007,-6.097500000000071
44444,37.8,37.70850000000005,0.09149999999994662
72127,41.7,39.87249999999994,1.8275000000000645
03872,32.8,33.876000000000055,-1.0760000000000574
25253,40.2,40.77599999999992,-0.5759999999999152
12777,27.8,32.336499999999994,-4.536499999999993
48529,44.7,41.588499999999975,3.111500000000028
76639,37.2,42.38850000000005,-5.188500000000047
88053,31.7,34.948000000000036,-3.2480000000000366
35043,31.6,33.593,-1.993000000000002
38114,47.7,43.90199999999994,3.7980000000000658
08232,39.1,45.88600000000004,-6.786000000000037
95668,28.7,35.01249999999996,-6.312499999999961
90044,35.9,31.3385,4.561499999999999
49945,38.2,37.29649999999995,0.9035000000000508
55359,26.2,27.696499999999993,-1.496499999999994
53504,41.7,39.23750000000004,2.462499999999963
61472,36.0,30.86649999999999,5.133500000000009
29525,41.8,43.40650000000011,-1.6065000000001106
54829,39.0,40.5600000000001,-1.5600000000001017
43620,46.6,47.48199999999987,-0.88199999999987
10920,25.8,31.432999999999996,-5.632999999999996
72461,40.5,41.504499999999986,-1.004499999999986
33854,42.2,40.024000000000036,2.1759999999999664
34289,28.8,34.33250000000001,-5.5325000000000095
67142,39.5,38.9125,0.5874999999999986
24527,42.2,40.59000000000002,1.6099999999999852
99725,33.6,27.83449999999998,5.765500000000021
02126,33.1,39.287499999999945,-6.187499999999943
37204,25.5,25.94350000000004,-0.4435000000000393
54121,37.6,37.09800000000001,0.5019999999999882
04261,35.9,33.89400000000001,2.005999999999986
98539,38.5,32.48299999999995,6.017000000000053
72478,38.6,41.754499999999965,-3.1544999999999632
75148,35.3,40.30250000000004,-5.00250000000004
29856,35.2,38.09399999999998,-2.893999999999977
14052,29.0,28.19699999999996,0.8030000000000399
57032,34.7,25.002999999999975,9.697000000000028
59440,35.2,32.55400000000003,2.6459999999999724
92363,38.4,40.11949999999995,-1.7194999999999538
77020,44.5,41.33550000000008,3.1644999999999186
60076,24.6,29.363500000000013,-4.763500000000011
62888,39.3,37.542499999999976,1.7575000000000216
33141,27.9,30.624499999999994,-2.7244999999999955
29915,27.0,27.805999999999994,-0.8059999999999938
12866,31.8,29.230499999999992,2.5695000000000086
25696,45.0,47.63949999999994,-2.6394999999999413
81226,32.6,32.714499999999965,-0.11449999999996407
31052,37.7,34.11400000000001,3.5859999999999914
10927,36.1,41.21650000000012,-5.116500000000116
59031,40.9,43.815500000000085,-2.915500000000087
78213,35.9,36.55899999999995,-0.6589999999999492
47201,39.2,33.44149999999999,5.758500000000012
05640,26.0,31.17299999999998,-5.1729999999999805
24366,37.1,37.36350000000005,-0.26350000000005025
79525,35.7,38.230499999999985,-2.530499999999982
77068,36.2,33.54350000000002,2.65649999999998
65616,35.9,38.02699999999999,-2.1269999999999882
37058,38.8,36.49400000000001,2.3059999999999903
97205,27.9,26.38999999999999,1.5100000000000087
46408,48.2,41.43500000000009,6.764999999999915
57473,36.7,40.42399999999998,-3.7239999999999753
61771,39.6,37.056,2.544000000000004
80131,25.2,22.44000000000002,2.7599999999999802
45745,44.1,41.45949999999999,2.64050000000001
30818,40.1,41.781499999999966,-1.6814999999999642
61734,37.7,37.85749999999999,-0.15749999999998465
56584,36.0,38.64349999999999,-2.643499999999989
93545,30.8,38.19350000000003,-7.393500000000028
97882,39.3,36.61349999999992,2.6865000000000805
31217,47.2,42.98550000000003,4.214499999999973
98938,44.8,42.90400000000005,1.895999999999944
03227,30.1,28.236999999999977,1.8630000000000244
28902,37.9,39.51050000000005,-1.6105000000000516
39573,37.8,40.06800000000001,-2.268000000000015
48747,37.6,37.75699999999998,-0.15699999999997516
33036,24.1,32.939999999999934,-8.839999999999932
24266,38.5,38.199499999999965,0.3005000000000351
85087,29.8,31.606000000000055,-1.8060000000000542
54540,36.9,37.31450000000003,-0.4145000000000323
93621,34.8,37.968999999999966,-3.1689999999999685
11507,22.2,27.42749999999996,-5.22749999999996
68428,35.5,31.8995,3.6005000000000003
97002,41.6,34.606999999999985,6.993000000000016
63049,39.7,36.97600000000006,2.72399999999994
85748,28.5,27.279499999999988,1.220500000000012
08742,27.8,29.235500000000012,-1.4355000000000118
79313,36.9,39.917999999999935,-3.0179999999999367
99573,34.6,33.87050000000004,0.729499999999959
49718,36.7,34.47000000000005,2.2299999999999542
07002,29.1,32.42900000000003,-3.329000000000029
71333,42.8,45.08099999999999,-2.2809999999999917
75468,35.4,37.54700000000002,-2.14700000000002
30680,34.9,33.62049999999999,1.2795000000000059
65014,38.6,38.84900000000007,-0.24900000000006628
30742,33.9,35.91400000000003,-2.0140000000000313
28623,37.1,39.038999999999994,-1.938999999999993
62838,41.3,38.70199999999997,2.5980000000000274
23833,38.1,37.31799999999996,0.7820000000000391
99742,42.5,41.730000000000054,0.7699999999999463
83422,33.3,30.445999999999962,2.8540000000000347
10606,28.1,34.397999999999975,-6.297999999999973
94703,23.6,27.52749999999998,-3.927499999999977
86305,24.7,26.419000000000015,-1.7190000000000154
95409,23.2,25.183500000000013,-1.9835000000000136
08045,38.3,41.024500000000046,-2.7245000000000488
77465,36.5,43.25349999999993,-6.7534999999999314
48081,35.6,33.27149999999994,2.328500000000062
31077,38.2,38.776,-0.5760000000000005
24813,45.2,47.60699999999993,-2.4069999999999254
95319,40.8,42.15749999999999,-1.3574999999999946
51061,40.7,36.901500000000034,3.7984999999999687
90059,35.3,40.59100000000004,-5.2910000000000394
30705,41.5,37.07399999999999,4.426000000000009
13756,33.8,38.97300000000002,-5.173000000000023
01913,29.9,30.944500000000044,-1.0445000000000455
58704,31.1,31.851000000000052,-0.751000000000051
20707,38.8,33.057499999999976,5.742500000000021
26705,38.0,39.18900000000002,-1.1890000000000214
55445,27.3,33.60850000000002,-6.30850000000002
35063,37.2,40.19650000000009,-2.99650000000009
35130,36.7,38.78649999999994,-2.086499999999937
67478,41.8,40.33299999999995,1.4670000000000485
62028,34.4,31.56599999999997,2.834000000000028
24281,41.2,41.3675,-0.16749999999999687
79250,37.9,40.56950000000004,-2.669500000000042
54443,37.8,37.84950000000003,-0.0495000000000303
56515,32.5,35.065999999999974,-2.565999999999974
28801,35.3,30.99099999999997,4.309000000000026
62223,37.6,35.23450000000003,2.365499999999969
29409,15.7,16.743500000000008,-1.0435000000000088
83243,31.9,31.990000000000023,-0.09000000000002473
03886,30.6,26.486500000000028,4.1134999999999735
71836,39.2,41.87900000000003,-2.6790000000000305
30337,37.3,36.11900000000004,1.1809999999999548
62019,40.3,38.26500000000004,2.034999999999954
75023,32.8,26.50049999999997,6.299500000000027
70655,45.7,42.81100000000003,2.8889999999999745
59106,31.1,27.032000000000018,4.067999999999984
35070,37.4,39.1373333333333,-1.7373333333333036
29492,32.0,28.013500000000022,3.986499999999978
67846,37.2,40.052499999999945,-2.8524999999999423
93534,31.6,40.93549999999999,-9.335499999999989
08203,27.5,31.017999999999933,-3.517999999999933
20693,37.8,30.849000000000032,6.950999999999965
21918,41.3,38.946500000000036,2.3534999999999613
81023,29.7,35.27149999999995,-5.571499999999954
59602,31.8,29.054500000000022,2.7454999999999785
67877,42.2,39.94500000000007,2.2549999999999315
61625,22.9,23.789499999999986,-0.8894999999999875
85357,33.1,39.9585,-6.858499999999999
43971,42.3,39.295500000000004,3.004499999999993
44481,39.1,41.61299999999996,-2.5129999999999555
62356,39.4,36.77699999999992,2.6230000000000757
62868,39.6,37.00750000000001,2.592499999999994
64086,32.0,34.00199999999998,-2.001999999999981
01581,26.7,30.05000000000005,-3.350000000000051
62661,38.5,33.78199999999995,4.718000000000053
83842,31.2,32.22750000000002,-1.0275000000000212
79505,36.7,41.14850000000001,-4.44850000000001
48603,32.8,34.240999999999964,-1.440999999999967
54841,36.9,35.27699999999996,1.6230000000000402
02067,21.1,22.84999999999999,-1.7499999999999893
29108,40.1,40.055999999999955,0.04400000000004667
28539,34.5,33.19950000000007,1.3004999999999285
02045,28.3,26.71599999999998,1.584000000000021
29163,42.6,41.21499999999996,1.3850000000000406
68778,38.2,39.54150000000005,-1.341500000000046
92014,20.8,24.03299999999997,-3.2329999999999686
64054,39.9,43.861,-3.9609999999999985
80475,21.7,25.439500000000024,-3.7395000000000245
98263,33.1,30.700500000000037,2.399499999999964
49862,36.8,34.65799999999998,2.1420000000000172
39851,42.5,42.88499999999996,-0.3849999999999625
77493,34.7,33.22649999999996,1.473500000000044
27317,40.9,37.314999999999955,3.5850000000000435
77098,27.9,22.897499999999944,5.002500000000055
02645,25.9,25.821499999999997,0.07850000000000179
44287,40.4,38.87949999999998,1.5205000000000197
77019,29.2,25.37699999999998,3.823000000000018
75833,35.3,38.504499999999986,-3.204499999999989
06426,25.7,29.428,-3.7280000000000015
31036,40.6,38.2175,2.3825000000000003
35978,39.7,43.140499999999946,-3.4404999999999433
76710,35.1,38.09250000000003,-2.992500000000028
43071,39.6,36.99299999999997,2.607000000000035
03755,19.3,25.099000000000043,-5.799000000000042
61020,40.4,33.64300000000007,6.756999999999927
97040,37.5,34.429000000000045,3.0709999999999553
49287,39.8,33.17500000000001,6.624999999999986
96822,22.8,29.587500000000013,-6.787500000000012
98392,33.5,24.391499999999997,9.108500000000003
81128,28.0,32.26900000000001,-4.269000000000013
53081,37.8,36.56099999999996,1.2390000000000398
48740,39.2,37.643500000000024,1.5564999999999785
91008,19.4,30.118499999999976,-10.718499999999977
24064,36.2,34.517000000000024,1.6829999999999785
61866,39.4,38.84649999999998,0.553500000000021
85639,46.7,44.2564999999999,2.4435000000000997
98198,27.0,27.624000000000006,-0.6240000000000059
67430,38.2,37.82600000000001,0.3739999999999952
72564,41.5,40.67100000000002,0.8289999999999793
64132,48.0,42.7704999999999,5.229500000000101
70433,35.3,31.928499999999953,3.3715000000000437
90069,23.6,23.086499999999987,0.5135000000000147
30812,36.8,40.90250000000006,-4.102500000000063
54459,42.3,38.77149999999989,3.5285000000001077
98361,38.4,33.58000000000006,4.819999999999936
83870,36.8,39.27100000000003,-2.471000000000032
04292,35.0,36.52,-1.5200000000000031
48610,40.0,38.76800000000006,1.2319999999999425
52354,43.1,37.115000000000066,5.9849999999999355
76112,40.6,38.915500000000016,1.6844999999999857
81148,31.1,40.05899999999999,-8.958999999999989
03242,29.8,24.916999999999945,4.883000000000056
27235,30.6,30.733,-0.13299999999999912
80448,22.0,24.501500000000018,-2.501500000000018
53825,43.0,40.7255,2.2745000000000033
38380,43.0,42.18149999999991,0.8185000000000926
62232,36.7,35.37249999999996,1.3275000000000432
22180,22.5,25.960999999999977,-3.460999999999977
98014,24.4,22.750999999999962,1.6490000000000364
90021,37.0,41.70250000000003,-4.702500000000029
79936,33.0,27.074000000000005,5.925999999999995
70818,31.3,33.84949999999998,-2.549499999999977
54876,34.7,38.70250000000004,-4.00250000000004
72522,43.2,44.91699999999997,-1.7169999999999703
78843,19.5,19.182000000000006,0.3179999999999943
78595,47.4,48.214500000000115,-0.8145000000001161
49855,37.0,29.425999999999977,7.574000000000023
70341,41.7,41.32100000000002,0.3789999999999836
45140,32.1,29.18050000000002,2.9194999999999816
79007,35.6,36.961499999999994,-1.3614999999999924
05455,35.4,29.83949999999999,5.560500000000008
45214,47.8,42.762999999999955,5.037000000000042
58744,43.6,39.003500000000024,4.596499999999978
38119,33.4,31.575500000000012,1.8244999999999862
47345,34.7,38.131,-3.4309999999999974
54725,42.2,38.651500000000034,3.5484999999999687
56575,41.5,40.386500000000076,1.1134999999999238
75601,37.4,39.565999999999974,-2.1659999999999755
27916,34.9,37.366499999999945,-2.4664999999999466
31546,43.0,38.733499999999964,4.266500000000036
31308,36.5,37.15950000000007,-0.6595000000000724
43146,39.6,36.28800000000007,3.3119999999999337
76357,34.9,38.36949999999996,-3.469499999999961
01259,30.0,31.92500000000002,-1.9250000000000185
98421,35.4,23.129999999999992,12.270000000000007
66835,36.4,35.64949999999995,0.7505000000000521
33711,35.7,35.391500000000086,0.30849999999991695
07036,31.4,36.459500000000006,-5.059500000000007
90713,24.5,30.96499999999998,-6.4649999999999785
65040,35.9,38.68499999999999,-2.7849999999999895
37380,41.8,38.335499999999946,3.4645000000000508
05673,25.6,23.9595,1.640500000000003
52625,36.1,37.16999999999994,-1.0699999999999363
76061,30.8,34.138999999999996,-3.338999999999995
72069,44.7,44.31100000000004,0.38899999999996027
36559,31.4,34.8265,-3.4265000000000043
97039,36.6,36.2675,0.3325000000000031
27536,45.8,42.95300000000002,2.84699999999998
28464,41.1,38.51399999999997,2.586000000000034
78238,35.2,41.239499999999936,-6.039499999999933
88418,34.6,38.21649999999998,-3.6164999999999807
66206,28.8,25.523500000000023,3.2764999999999773
04981,35.3,36.9905,-1.6905000000000001
52327,36.7,34.43150000000002,2.2684999999999818
71851,40.5,41.00649999999995,-0.5064999999999529
65745,39.9,41.38900000000009,-1.4890000000000896
51053,42.4,38.32200000000006,4.077999999999939
48634,37.3,35.19549999999993,2.1045000000000655
61410,39.3,36.83700000000006,2.462999999999937
39041,44.6,43.4235000000001,1.1764999999999048
57232,37.3,40.15999999999994,-2.8599999999999426
06259,31.1,32.181500000000014,-1.0815000000000126
31768,36.5,43.57899999999995,-7.078999999999951
92591,33.4,27.308000000000046,6.091999999999953
32059,34.1,37.37250000000008,-3.272500000000079
11436,29.7,40.60349999999997,-10.903499999999969
25419,38.1,38.76050000000001,-0.6605000000000061
79091,34.7,34.033999999999956,0.6660000000000466
82053,33.7,37.079000000000015,-3.379000000000012
89311,37.2,38.41600000000005,-1.2160000000000437
61884,34.8,31.673500000000008,3.1264999999999894
99661,36.8,39.834499999999956,-3.0344999999999587
71071,41.0,41.98149999999994,-0.9814999999999401
38943,40.4,42.34199999999999,-1.941999999999993
30218,39.6,38.61850000000003,0.9814999999999685
52701,39.6,35.4415,4.158500000000004
68658,38.8,39.874000000000024,-1.0740000000000265
95556,34.1,38.66099999999993,-4.560999999999929
14816,26.8,31.840999999999994,-5.040999999999993
31733,36.8,37.55800000000006,-0.7580000000000595
04008,31.0,35.51450000000007,-4.514500000000069
33125,32.5,37.490999999999914,-4.990999999999914
51632,43.1,37.604000000000035,5.495999999999967
10004,15.6,19.062000000000047,-3.4620000000000477
55324,37.4,35.195999999999955,2.2040000000000433
69121,41.4,40.38199999999995,1.0180000000000504
49450,45.2,43.847000000000016,1.3529999999999873
04434,40.8,37.54450000000008,3.2554999999999197
91942,26.2,26.631500000000003,-0.4315000000000033
80542,31.3,28.060500000000037,3.239499999999964
03285,28.1,29.281999999999943,-1.1819999999999418
79331,40.1,42.45350000000002,-2.353500000000018
67901,43.2,45.12100000000002,-1.9210000000000207
44843,34.8,35.711000000000055,-0.9110000000000582
60110,37.7,36.032,1.6680000000000064
93267,38.6,43.19949999999998,-4.599499999999978
54436,39.3,41.08599999999997,-1.785999999999973
29439,26.6,28.753000000000007,-2.153000000000006
78223,38.6,38.924499999999945,-0.3244999999999436
38127,49.7,40.6105,9.089500000000001
35175,35.3,37.44299999999992,-2.1429999999999225
59422,31.1,36.67850000000007,-5.578500000000069
30236,42.8,37.23100000000004,5.56899999999996
23405,40.7,38.476,2.2240000000000038
72330,46.6,42.81899999999998,3.78100000000002
56728,33.2,32.56250000000009,0.6374999999999105
98028,23.0,25.148500000000045,-2.1485000000000447
67523,34.9,39.03650000000003,-4.136500000000034
44820,39.5,41.21199999999993,-1.7119999999999322
38342,43.8,36.64799999999995,7.152000000000044
65710,40.9,41.197999999999965,-0.2979999999999663
58570,42.4,37.77599999999991,4.624000000000088
25252,44.0,44.07399999999993,-0.07399999999992701
38461,38.0,39.46350000000002,-1.4635000000000176
26833,42.5,39.542499999999976,2.9575000000000244
31007,41.7,42.17100000000001,-0.47100000000000364
59846,28.4,30.326500000000024,-1.9265000000000256
54660,44.7,42.2025000000001,2.497499999999903
93546,31.1,24.711500000000033,6.3884999999999685
48164,32.2,35.08150000000001,-2.8815000000000097
30346,22.8,22.98449999999998,-0.18449999999997857
50634,39.7,34.47700000000001,5.222999999999992
67882,35.1,36.78600000000004,-1.6860000000000355
50619,39.3,39.2855,0.014499999999998181
97137,43.2,32.433000000000035,10.766999999999967
53151,32.7,29.68100000000003,3.0189999999999735
60487,29.8,29.828499999999945,-0.028499999999944237
03911,32.5,34.51749999999996,-2.0174999999999628
27563,47.0,40.96500000000001,6.0349999999999895
64507,41.8,40.06549999999997,1.7345000000000255
71355,42.0,41.36150000000001,0.6384999999999934
08248,30.8,31.994,-1.193999999999999
11950,33.3,38.118000000000016,-4.818000000000019
24315,37.2,36.8405000000001,0.3594999999999047
36350,41.5,40.15000000000002,1.34999999999998
48861,39.0,36.81199999999997,2.188000000000031
31547,27.1,28.053000000000033,-0.9530000000000314
46069,36.7,34.20299999999997,2.4970000000000354
29075,33.2,32.6125,0.5875000000000057
27713,33.9,27.776999999999962,6.123000000000037
60140,33.5,31.371000000000024,2.1289999999999765
08536,21.8,26.43649999999997,-4.63649999999997
31709,39.2,38.630500000000076,0.5694999999999268
74574,41.2,44.18100000000005,-2.9810000000000443
98342,32.5,24.605999999999998,7.894000000000002
97348,39.4,35.16799999999994,4.232000000000056
28009,39.4,38.055500000000045,1.3444999999999538
56662,35.8,35.58899999999993,0.21100000000006958
43722,38.1,40.01899999999996,-1.9189999999999614
48054,34.4,33.66349999999999,0.7365000000000066
38577,44.0,40.022999999999996,3.977000000000004
97032,42.9,33.76449999999997,9.135500000000029
89145,31.5,34.74650000000002,-3.246500000000019
75758,34.3,36.77100000000005,-2.4710000000000534
87063,33.4,40.100000000000044,-6.7000000000000455
11050,26.1,28.292999999999978,-2.1929999999999765
63341,35.5,32.913999999999994,2.5860000000000056
77662,37.9,39.636000000000074,-1.7360000000000753
53406,41.3,37.74150000000002,3.558499999999974
51041,31.7,32.1495,-0.449500000000004
52632,39.5,36.86999999999993,2.6300000000000665
73015,41.2,44.26649999999998,-3.0664999999999765
99836,38.0,38.19400000000005,-0.19400000000005235
20003,22.2,20.821999999999974,1.378000000000025
83110,36.1,38.11899999999994,-2.0189999999999415
39401,39.1,36.338999999999984,2.761000000000017
14063,34.0,35.073499999999996,-1.0734999999999957
32181,34.2,42.02800000000001,-7.82800000000001
04097,27.2,29.68699999999994,-2.4869999999999415
78130,34.9,22.147500000000033,12.752499999999966
75932,43.3,43.5585,-0.25850000000000506
48323,29.7,27.097499999999958,2.602500000000042
30501,34.7,36.20400000000011,-1.5040000000001044
61418,36.4,33.566,2.833999999999996
62560,38.0,35.61099999999996,2.3890000000000384
68460,40.4,39.00600000000002,1.393999999999977
30421,38.9,41.00500000000001,-2.105000000000011
52073,36.2,35.82150000000004,0.37849999999995987
68343,41.0,37.80249999999994,3.197500000000062
38876,36.5,38.839499999999965,-2.3394999999999655
56349,38.6,36.954999999999956,1.6450000000000458
99640,41.3,38.5310000000001,2.768999999999899
79054,35.6,37.8515,-2.2515
98221,30.4,26.83700000000001,3.562999999999988
74533,39.1,38.35449999999996,0.7455000000000425
20151,23.1,32.685500000000026,-9.585500000000025
12035,33.3,37.044000000000004,-3.744000000000007
27569,35.8,36.66399999999993,-0.8639999999999333
46787,41.2,35.991500000000066,5.208499999999937
36609,37.5,36.94799999999997,0.552000000000028
79930,37.4,46.51699999999996,-9.116999999999962
83312,37.8,38.9735,-1.1735000000000042
85928,32.6,32.79850000000001,-0.1985000000000099
05650,27.5,29.007500000000054,-1.5075000000000536
20785,45.0,36.90299999999997,8.09700000000003
97870,38.1,37.159500000000065,0.9404999999999362
80513,24.4,25.52000000000001,-1.1200000000000117
49014,42.8,37.06799999999994,5.732000000000056
59855,36.5,36.94600000000001,-0.44600000000001216
12173,31.2,33.25149999999997,-2.0514999999999723
57334,37.4,38.203499999999956,-0.803499999999957
43003,39.4,37.711000000000034,1.6889999999999645
84045,29.6,21.505999999999986,8.094000000000015
14850,23.1,25.463000000000044,-2.363000000000042
38375,40.3,41.67300000000004,-1.3730000000000402
45846,34.7,36.72499999999998,-2.0249999999999773
54983,38.2,36.19900000000002,2.0009999999999835
52030,39.4,35.11899999999996,4.281000000000041
37680,40.4,42.512999999999984,-2.1129999999999853
14441,33.2,36.89399999999999,-3.6939999999999884
73507,44.1,40.91250000000005,3.1874999999999503
21082,29.0,29.55199999999999,-0.5519999999999889
85601,31.8,36.48450000000001,-4.6845000000000105
76009,34.6,40.04849999999996,-5.44849999999996
99581,46.1,43.40549999999999,2.694500000000012
25702,49.0,40.65750000000005,8.342499999999951
38781,51.9,44.119999999999926,7.780000000000072
28223,21.7,23.697000000000017,-1.9970000000000176
86314,28.1,31.326999999999998,-3.2269999999999968
85617,32.8,38.14450000000008,-5.344500000000082
68667,37.1,36.67249999999999,0.4275000000000091
95010,26.5,30.152499999999968,-3.652499999999968
75114,36.8,39.00399999999997,-2.203999999999972
24333,40.7,38.662499999999994,2.0375000000000085
52227,33.4,29.80199999999998,3.5980000000000203
63089,40.5,39.00699999999994,1.493000000000059
59755,29.5,31.21199999999993,-1.7119999999999287
74701,39.6,38.22649999999999,1.3735000000000142
48237,38.9,32.62650000000001,6.273499999999991
93060,30.0,38.9945,-8.994500000000002
30830,40.8,38.37600000000001,2.4239999999999853
45613,44.5,41.71649999999996,2.783500000000039
94063,28.3,30.284499999999984,-1.9844999999999828
32404,33.7,33.76900000000003,-0.06900000000002393
90604,26.8,33.29550000000003,-6.495500000000032
59036,32.3,37.34050000000001,-5.040500000000016
67420,40.2,38.98849999999999,1.2115000000000151
21029,24.9,23.82750000000003,1.0724999999999696
78046,44.5,36.8829999999999,7.617000000000097
72006,41.3,45.20950000000003,-3.9095000000000297
36075,47.0,41.213999999999935,5.786000000000065
04072,32.4,26.58,5.82
33615,32.4,33.60800000000001,-1.2080000000000126
02670,25.5,27.87750000000001,-2.3775000000000084
67230,32.9,31.375000000000046,1.5249999999999524
74006,39.6,37.721999999999994,1.8780000000000072
57239,36.7,37.68550000000003,-0.9855000000000302
05471,40.5,33.3725,7.127499999999998
73005,43.3,41.004500000000014,2.2954999999999828
39601,41.5,39.073000000000036,2.426999999999964
61423,37.7,35.879499999999965,1.8205000000000382
30260,41.8,39.36400000000004,2.4359999999999573
06472,30.7,32.625,-1.9250000000000007
35670,39.0,39.16100000000009,-0.16100000000008663
75038,30.4,35.95999999999997,-5.559999999999974
79544,38.7,43.27200000000004,-4.572000000000038
54836,41.4,38.348999999999975,3.0510000000000232
84119,34.6,37.242,-2.641999999999996
12811,30.1,32.49350000000002,-2.3935000000000173
68771,40.5,37.383999999999965,3.116000000000035
32903,31.0,29.048000000000012,1.9519999999999875
22736,40.1,38.474500000000056,1.6254999999999455
29180,47.4,41.54299999999995,5.857000000000049
20602,43.4,34.060500000000005,9.339499999999994
99637,41.7,42.894500000000036,-1.1945000000000334
33773,30.7,31.80299999999997,-1.1029999999999696
13457,32.6,33.80399999999995,-1.2039999999999509
88026,34.0,39.017999999999965,-5.017999999999965
90504,20.8,33.38550000000003,-12.585500000000028
94131,17.3,22.788500000000013,-5.488500000000013
62423,35.6,33.98199999999995,1.6180000000000518
79251,38.7,42.87649999999994,-4.17649999999994
76427,36.6,37.51750000000001,-0.9175000000000111
74074,34.2,36.51899999999998,-2.318999999999974
68502,36.4,31.875999999999976,4.524000000000022
87531,34.5,36.07700000000007,-1.5770000000000692
04619,39.4,38.211499999999916,1.188500000000083
61524,39.6,34.73450000000005,4.865499999999955
21023,26.7,31.177000000000024,-4.477000000000025
53070,36.1,37.56400000000003,-1.464000000000027
76466,33.1,39.1235,-6.0234999999999985
93510,26.4,29.502499999999973,-3.1024999999999743
39702,38.8,42.84849999999996,-4.048499999999962
12934,37.1,43.14050000000003,-6.04050000000003
23123,43.1,42.25500000000005,0.8449999999999491
92103,24.0,22.91100000000003,1.0889999999999702
59749,29.1,30.81149999999999,-1.7114999999999903
48353,32.1,33.56350000000007,-1.4635000000000673
78597,32.8,32.61899999999996,0.18100000000004002
92672,24.1,28.458999999999993,-4.358999999999991
05821,30.2,34.10650000000003,-3.906500000000033
06611,22.9,29.573500000000028,-6.673500000000029
83845,33.7,36.64199999999998,-2.941999999999979
22807,25.6,29.62899999999997,-4.028999999999968
08326,30.8,38.89299999999999,-8.092999999999986
57317,37.1,38.049000000000035,-0.9490000000000336
60030,32.0,30.028499999999998,1.9715000000000025
66047,31.3,29.985000000000028,1.3149999999999729
08540,20.3,26.445500000000017,-6.145500000000016
66103,38.1,35.98549999999996,2.1145000000000422
80454,23.5,21.218000000000004,2.2819999999999965
95132,19.0,33.857500000000016,-14.857500000000016
47847,39.0,37.487,1.5129999999999981
26041,38.5,38.650499999999944,-0.15049999999994412
04627,30.4,37.4775,-7.077500000000001
29154,40.8,32.31199999999997,8.488000000000028
72421,38.9,40.236500000000035,-1.3365000000000364
45616,42.4,40.759500000000095,1.6404999999999035
37213,43.6,43.1365,0.46350000000000335
67485,37.1,37.95899999999998,-0.8589999999999804
95307,37.8,42.01250000000005,-4.212500000000055
84730,35.3,30.556999999999995,4.743000000000002
27229,40.7,40.483499999999964,0.216500000000039
46392,40.9,35.881500000000024,5.018499999999975
49032,37.6,39.5524999999999,-1.952499999999901
03801,29.7,27.60550000000002,2.0944999999999787
13486,36.7,36.840000000000025,-0.14000000000002188
97411,34.5,32.85699999999995,1.6430000000000504
62280,39.9,37.37349999999995,2.5265000000000484
60462,27.4,28.55400000000002,-1.1540000000000212
74837,46.4,42.20549999999993,4.194500000000069
47616,39.8,37.31049999999996,2.489500000000035
10987,29.6,32.50950000000001,-2.9095000000000084
45003,40.7,39.92149999999999,0.7785000000000153
06118,35.4,39.42749999999998,-4.027499999999982
65630,37.4,37.36000000000001,0.03999999999999204
62013,33.9,32.138999999999974,1.761000000000024
36067,41.3,39.04300000000003,2.2569999999999695
43338,40.5,38.72649999999998,1.7735000000000198
24484,38.1,39.22599999999991,-1.1259999999999053
21221,36.9,34.78750000000005,2.1124999999999474
49613,33.9,37.04400000000004,-3.144000000000041
87710,30.8,32.48299999999998,-1.682999999999982
27970,43.1,41.009499999999974,2.090500000000027
70752,37.4,38.243000000000045,-0.8430000000000462
27805,42.1,38.50099999999992,3.599000000000082
13157,36.2,36.105000000000025,0.09499999999997755
58854,40.0,34.29699999999995,5.703000000000053
56579,35.7,35.04749999999994,0.6525000000000603
49825,36.0,31.022499999999983,4.977500000000017
49628,36.7,34.837000000000074,1.8629999999999285
98325,29.2,26.162499999999987,3.037500000000012
57759,35.9,35.97099999999996,-0.07099999999996243
84408,20.5,18.80200000000001,1.6979999999999897
49288,39.0,40.49050000000004,-1.49050000000004
12480,32.2,34.547500000000056,-2.3475000000000534
95682,27.5,27.650999999999968,-0.15099999999996783
58793,39.4,37.580499999999965,1.8195000000000334
98847,28.5,32.43349999999991,-3.93349999999991
28512,31.6,29.78950000000001,1.8104999999999905
10605,23.9,29.320499999999974,-5.420499999999976
83122,36.9,39.026500000000034,-2.1265000000000356
38230,40.7,37.945500000000045,2.7544999999999575
14172,38.7,37.90650000000002,0.7934999999999803
78739,26.3,24.948999999999987,1.3510000000000133
65438,36.7,41.75099999999998,-5.050999999999981
53955,34.0,35.10950000000005,-1.1095000000000468
98310,33.7,28.550000000000015,5.149999999999988
70310,35.0,26.392500000000005,8.607499999999995
28501,46.2,45.321500000000086,0.8784999999999172
94965,21.9,23.217999999999975,-1.3179999999999765
21562,37.5,40.91150000000007,-3.4115000000000677
30025,36.9,37.389500000000055,-0.48950000000005645
85534,33.8,36.80199999999999,-3.0019999999999953
92111,24.0,28.409499999999934,-4.409499999999934
36877,39.9,36.349000000000004,3.550999999999995
26366,43.9,42.65099999999998,1.2490000000000165
96145,26.3,24.96299999999998,1.337000000000021
72156,40.4,42.19049999999996,-1.790499999999959
83525,32.9,33.61199999999996,-0.7119999999999607
22644,35.4,38.78150000000005,-3.3815000000000524
44074,32.5,32.348999999999954,0.151000000000046
58746,34.8,34.798999999999985,0.0010000000000118803
83349,34.5,37.78699999999996,-3.2869999999999635
32424,41.6,40.57850000000005,1.0214999999999534
01079,33.0,36.78150000000002,-3.7815000000000225
36750,42.5,40.92050000000002,1.5794999999999817
31042,43.5,39.93250000000005,3.567499999999953
55089,36.8,37.220999999999975,-0.42099999999997806
67448,40.3,37.91900000000004,2.3809999999999576
22967,36.6,38.45950000000002,-1.8595000000000184
85321,32.1,35.889999999999965,-3.7899999999999636
13321,32.3,35.37649999999996,-3.0764999999999603
39631,47.9,44.66900000000001,3.2309999999999874
13317,40.3,37.96249999999995,2.3375000000000483
37110,42.5,39.80700000000003,2.6929999999999694
75401,39.2,44.476500000000016,-5.276500000000013
77063,35.6,32.16900000000001,3.4309999999999903
24614,38.6,39.90150000000003,-1.3015000000000256
98126,24.7,24.437999999999985,0.26200000000001467
36736,48.4,41.84750000000005,6.552499999999945
60031,31.9,28.233999999999952,3.6660000000000466
63536,39.9,40.147999999999996,-0.24799999999999756
62348,39.4,32.946000000000026,6.453999999999972
96766,21.6,30.042000000000026,-8.442000000000025
01824,23.6,26.408000000000015,-2.808000000000014
30092,33.1,32.018000000000036,1.0819999999999652
84331,33.4,36.041000000000004,-2.6410000000000053
31068,48.4,48.97999999999998,-0.5799999999999841
08312,33.4,35.71599999999993,-2.3159999999999314
39740,33.0,37.47450000000004,-4.474500000000042
35151,41.3,38.25500000000004,3.044999999999959
72565,43.8,44.09599999999995,-0.29599999999994964
97125,34.6,28.903500000000005,5.696499999999997
48532,41.9,37.5175,4.3825
72004,51.3,47.60500000000001,3.694999999999986
06405,30.4,29.098499999999973,1.3015000000000256
51650,40.6,34.45750000000005,6.142499999999949
49304,42.6,40.82749999999998,1.7725000000000222
80301,16.7,19.44049999999997,-2.7404999999999724
59851,26.0,27.403000000000006,-1.4030000000000058
89511,25.8,29.29649999999999,-3.4964999999999904
47666,39.0,38.071000000000076,0.9289999999999239
94952,25.3,27.349500000000003,-2.049500000000002
37730,47.1,41.9005,5.1995000000000005
37765,41.7,38.8425,2.8575000000000017
84701,36.1,34.06099999999998,2.039000000000023
33956,28.1,34.373000000000005,-6.273000000000003
13775,32.9,37.39300000000005,-4.493000000000052
23702,42.3,39.25450000000003,3.0454999999999686
13418,42.7,37.917499999999976,4.782500000000027
26335,43.0,43.61450000000001,-0.6145000000000067
90803,23.1,25.47599999999999,-2.375999999999987
61912,36.8,31.66300000000007,5.136999999999926
61430,37.5,33.533499999999975,3.966500000000025
71277,40.3,44.73550000000003,-4.435500000000033
56371,37.1,38.86700000000001,-1.7670000000000101
34974,41.1,38.09149999999991,3.0085000000000903
99643,40.1,36.93449999999997,3.16550000000003
94561,31.1,34.94849999999999,-3.848499999999987
13680,42.7,37.80000000000002,4.899999999999984
05050,30.8,35.074999999999974,-4.274999999999974
75125,40.2,39.33400000000004,0.8659999999999641
98444,40.3,32.760499999999986,7.539500000000011
48139,37.1,35.14100000000003,1.9589999999999748
28515,41.6,39.989999999999974,1.6100000000000279
12151,34.8,34.338000000000086,0.4619999999999109
76433,32.8,35.02900000000005,-2.229000000000056
76504,44.6,38.616500000000016,5.983499999999985
62281,35.4,27.86899999999998,7.53100000000002
44625,42.2,40.52849999999992,1.67150000000008
32306,20.9,26.721,-5.8210000000000015
49434,28.4,29.679500000000026,-1.2795000000000272
72122,33.4,36.94000000000006,-3.540000000000063
44618,37.5,37.57199999999999,-0.07199999999998852
49040,37.6,36.70999999999995,0.8900000000000503
72084,38.0,41.563,-3.5630000000000024
54615,41.3,38.385500000000015,2.9144999999999825
77384,28.0,29.776499999999995,-1.776499999999995
77705,46.5,36.359000000000044,10.140999999999956
62856,39.4,36.59349999999998,2.806500000000021
43337,40.1,37.16900000000007,2.9309999999999334
28662,36.2,34.46950000000006,1.7304999999999424
65274,34.9,37.56000000000005,-2.6600000000000534
55385,42.5,37.272499999999994,5.227500000000006
97490,36.7,29.98849999999995,6.711500000000054
47950,44.8,37.23950000000003,7.560499999999969
12427,36.6,37.83699999999998,-1.2369999999999806
59647,29.2,29.48199999999998,-0.28199999999998226
57787,31.7,35.346499999999935,-3.6464999999999357
32061,38.4,39.24050000000005,-0.8405000000000484
33498,22.7,29.353499999999958,-6.6534999999999584
01085,31.6,32.780000000000065,-1.1800000000000637
95822,30.0,32.67599999999995,-2.675999999999952
45866,36.2,33.85450000000006,2.3454999999999444
79504,36.7,37.51800000000002,-0.8180000000000192
53711,32.3,32.394000000000034,-0.09400000000003672
62208,38.7,35.59699999999994,3.1030000000000655
91403,22.7,24.707000000000015,-2.0070000000000157
76116,35.9,35.59000000000005,0.30999999999994543
56014,37.6,36.75250000000005,0.847499999999954
55702,40.7,39.61699999999997,1.083000000000034
39153,43.3,46.27849999999999,-2.9784999999999897
14482,29.1,31.414499999999993,-2.314499999999992
63050,40.2,36.82300000000005,3.3769999999999527
75966,43.3,44.43650000000009,-1.1365000000000904
06239,34.8,37.2825000000001,-2.482500000000101
23416,41.9,40.819500000000076,1.0804999999999225
38483,40.0,36.68849999999995,3.311500000000052
01611,32.5,30.84999999999997,1.6500000000000306
20912,33.4,33.575500000000005,-0.17550000000000665
54313,39.3,33.07050000000005,6.229499999999945
87506,25.9,29.29100000000005,-3.3910000000000515
27344,37.4,41.32649999999997,-3.926499999999969
77464,39.9,42.55550000000001,-2.6555000000000106
35096,43.6,37.744000000000035,5.855999999999966
62908,41.8,37.83799999999997,3.9620000000000246
26273,51.8,41.888000000000055,9.911999999999942
28710,33.6,32.67949999999999,0.9205000000000112
33781,33.4,36.079499999999996,-2.6794999999999973
62912,39.4,37.36099999999995,2.039000000000051
57321,37.1,36.45050000000006,0.6494999999999393
95374,38.6,41.85250000000003,-3.252500000000026
99504,36.1,30.711500000000004,5.388499999999997
77406,30.5,29.21899999999999,1.2810000000000095
02719,30.5,32.47900000000006,-1.9790000000000632
75165,36.7,33.839999999999996,2.8600000000000065
23025,37.3,36.53350000000005,0.7664999999999438
47136,39.0,34.85249999999996,4.1475000000000435
62801,41.7,39.16199999999996,2.5380000000000393
25976,41.7,43.422999999999945,-1.7229999999999421
58461,37.0,32.589500000000015,4.410499999999985
87068,35.0,37.156499999999994,-2.156499999999994
62703,46.7,36.55749999999997,10.142500000000034
14502,34.8,33.87200000000001,0.9279999999999902
80023,22.9,24.656000000000045,-1.7560000000000464
97408,31.4,25.29950000000001,6.10049999999999
39773,47.9,46.57500000000004,1.3249999999999602
92179,33.4,33.238,0.16199999999999903
33767,27.5,27.915499999999966,-0.415499999999966
08310,29.5,36.00699999999995,-6.506999999999948
25119,42.1,41.14950000000001,0.950499999999991
59912,31.5,32.976999999999975,-1.4769999999999754
84076,37.1,35.789999999999985,1.3100000000000165
84320,28.1,26.60299999999998,1.4970000000000212
99746,38.2,37.39099999999997,0.809000000000033
63851,50.5,47.22600000000007,3.27399999999993
06403,31.4,31.141500000000036,0.2584999999999624
56441,37.8,37.34249999999999,0.45750000000001023
72828,44.2,43.5335,0.6665000000000063
29379,44.8,40.65149999999994,4.148500000000055
44145,27.7,29.27249999999999,-1.572499999999991
57660,42.2,41.187499999999964,1.0125000000000384
55987,34.5,28.625500000000017,5.874499999999983
85395,28.4,26.16399999999996,2.2360000000000397
30143,34.2,32.027499999999996,2.1725000000000065
32141,31.5,32.88600000000004,-1.3860000000000383
78102,40.1,34.307500000000076,5.792499999999926
11962,27.4,33.136000000000045,-5.736000000000047
46012,35.0,37.626499999999986,-2.626499999999986
27052,39.2,36.41049999999996,2.7895000000000394
74955,48.1,42.74549999999999,5.354500000000009
33145,27.7,36.765499999999996,-9.065499999999997
58222,41.1,36.21549999999992,4.884500000000081
32615,32.3,31.33150000000005,0.9684999999999455
26038,35.2,38.00400000000009,-2.8040000000000873
54428,36.2,39.45799999999998,-3.2579999999999742
12515,29.7,36.45250000000006,-6.752500000000058
22529,43.7,38.789999999999985,4.910000000000018
87901,38.2,41.098999999999975,-2.8989999999999725
45850,37.5,36.933000000000035,0.5669999999999646
62905,39.6,38.893500000000046,0.7064999999999557
72827,42.5,41.62399999999997,0.8760000000000332
56733,34.1,36.38849999999996,-2.2884999999999565
98328,38.0,28.74350000000003,9.25649999999997
94549,24.6,25.71800000000002,-1.1180000000000199
88424,35.6,39.402000000000065,-3.8020000000000636
68601,42.3,37.034500000000016,5.265499999999982
38103,32.0,26.21500000000002,5.784999999999979
38871,37.6,39.96049999999994,-2.360499999999938
70785,38.8,36.41249999999996,2.3875000000000384
08822,26.2,29.452499999999976,-3.2524999999999764
63439,40.7,42.23600000000007,-1.5360000000000653
06706,40.2,41.17250000000001,-0.9725000000000037
71949,37.5,34.39899999999996,3.1010000000000417
32953,33.7,30.335500000000003,3.3644999999999996
63435,34.6,38.27599999999996,-3.6759999999999593
86313,29.4,38.707833333333326,-9.307833333333328
68663,39.8,38.93649999999997,0.8635000000000304
68623,41.9,36.89400000000001,5.005999999999986
82723,37.5,39.13400000000003,-1.6340000000000288
96110,31.6,36.66349999999996,-5.063499999999955
52325,43.2,35.132000000000005,8.067999999999998
45440,34.5,33.686000000000014,0.8139999999999858
90260,29.0,35.50599999999996,-6.505999999999958
12723,28.0,30.98050000000005,-2.980500000000049
13795,34.1,34.05499999999997,0.04500000000003013
63333,37.7,41.16350000000002,-3.4635000000000176
74756,41.7,39.73850000000003,1.9614999999999725
08691,20.9,33.552000000000014,-12.652000000000015
99218,32.5,32.531000000000006,-0.03100000000000591
84530,30.0,31.188500000000026,-1.188500000000026
22735,40.1,36.921000000000035,3.1789999999999665
99354,34.6,29.709,4.891000000000002
93305,41.9,42.32149999999997,-0.42149999999997334
97213,27.4,23.460999999999995,3.9390000000000036
31780,39.3,40.112500000000054,-0.8125000000000568
23830,40.0,35.92049999999998,4.079500000000017
53580,40.1,37.28799999999994,2.8120000000000616
99671,42.4,40.87550000000002,1.524499999999982
13035,34.1,31.110000000000078,2.989999999999924
89451,25.6,26.05999999999999,-0.4599999999999902
79102,42.2,42.09100000000004,0.10899999999996624
31550,37.9,41.373000000000054,-3.473000000000056
72125,39.5,40.79949999999998,-1.2994999999999806
13752,32.2,38.33849999999999,-6.138499999999986
81635,25.6,33.40950000000004,-7.809500000000035
70715,42.1,44.61900000000008,-2.5190000000000765
31015,45.1,44.17249999999997,0.9275000000000304
31024,39.2,39.22750000000006,-0.027500000000060254
75974,41.7,40.26250000000009,1.4374999999999147
43528,32.5,33.62400000000003,-1.1240000000000308
69046,44.8,38.3865,6.413499999999999
68860,40.7,37.96149999999998,2.7385000000000232
72469,41.9,41.5835,0.3164999999999978
53589,34.3,30.59250000000004,3.707499999999957
67410,38.6,38.312999999999995,0.28700000000000614
82073,26.5,27.302999999999965,-0.8029999999999653
79021,36.1,39.78949999999997,-3.689499999999967
77518,39.7,43.208499999999965,-3.5084999999999624
54484,37.1,38.016999999999946,-0.9169999999999447
46011,35.0,36.64100000000001,-1.6410000000000124
53119,35.2,32.14100000000002,3.0589999999999833
75711,24.9,29.093499999999963,-4.193499999999965
78538,46.8,44.707999999999956,2.0920000000000414
47360,41.1,38.3325,2.7674999999999983
47381,41.5,37.249000000000045,4.250999999999955
43067,43.7,39.48300000000002,4.2169999999999845
96134,36.0,42.19999999999996,-6.19999999999996
12574,27.3,29.851000000000003,-2.551000000000002
79367,33.9,39.18300000000004,-5.283000000000044
96109,36.3,39.45800000000009,-3.1580000000000936
91737,29.3,30.737500000000033,-1.437500000000032
61089,38.6,34.74399999999997,3.85600000000003
68634,40.2,36.122000000000085,4.077999999999918
72635,39.3,41.212000000000025,-1.9120000000000275
92583,41.3,41.56850000000004,-0.2685000000000457
07852,22.3,28.9745,-6.674499999999998
79225,38.0,40.34249999999997,-2.3424999999999727
13786,35.3,38.988499999999966,-3.6884999999999692
50525,39.8,37.635499999999986,2.164500000000011
78850,40.4,37.24350000000005,3.1564999999999515
54303,45.1,36.4205,8.679500000000004
76643,31.4,34.54700000000002,-3.14700000000002
07624,21.8,32.33049999999998,-10.530499999999979
78384,44.9,49.850500000000046,-4.950500000000048
70519,43.1,39.39550000000004,3.7044999999999604
62626,37.0,38.68950000000004,-1.689500000000038
43106,40.6,37.50150000000002,3.09849999999998
06459,19.0,23.52649999999996,-4.5264999999999596
52161,36.4,39.058999999999926,-2.658999999999928
47866,40.3,35.80900000000002,4.490999999999978
02725,28.6,32.21599999999998,-3.6159999999999783
07827,27.6,33.245500000000035,-5.645500000000034
21040,41.6,35.10000000000003,6.499999999999972
32140,32.5,40.72750000000002,-8.22750000000002
54653,40.5,38.36300000000001,2.1369999999999933
62376,38.1,35.13450000000006,2.965499999999942
52221,41.3,39.382000000000055,1.9179999999999424
27314,35.1,36.83449999999999,-1.73449999999999
12832,32.2,38.005500000000026,-5.805500000000023
24501,41.0,37.896999999999956,3.103000000000044
95953,31.3,40.247499999999974,-8.947499999999973
26435,44.0,41.52299999999998,2.477000000000018
68028,34.5,31.6215,2.878499999999999
38879,48.5,46.79650000000002,1.703499999999977
11362,17.9,33.27500000000002,-15.375000000000021
64742,39.0,38.757999999999946,0.24200000000005417
70819,39.9,36.090000000000025,3.809999999999974
28215,34.6,37.070499999999996,-2.470499999999994
96057,32.5,37.98500000000001,-5.4850000000000065
76689,35.1,36.295000000000044,-1.195000000000043
27312,29.1,27.9825,1.1174999999999997
06089,26.4,23.95100000000002,2.4489999999999803
45821,41.2,40.32800000000007,0.8719999999999359
34734,32.7,34.94749999999997,-2.2474999999999667
10458,34.2,41.04249999999998,-6.84249999999998
65721,36.4,37.532499999999956,-1.1324999999999577
80440,23.7,24.97599999999997,-1.2759999999999714
70759,39.3,38.98299999999994,0.317000000000057
67864,36.2,37.746,-1.5459999999999994
52237,39.0,37.064,1.936
60475,40.3,38.97800000000001,1.3219999999999885
46917,40.5,38.91950000000004,1.580499999999958
79519,35.8,37.31450000000004,-1.5145000000000408
55722,37.2,38.242000000000004,-1.0420000000000016
05031,27.0,33.85299999999998,-6.85299999999998
26750,46.2,42.535999999999994,3.6640000000000086
05077,34.3,33.48599999999997,0.8140000000000285
68152,36.9,34.852000000000004,2.0479999999999947
24228,38.9,39.587999999999994,-0.6879999999999953
26546,32.6,34.620000000000104,-2.0200000000001026
07627,20.9,28.82549999999998,-7.925499999999982
45358,36.0,38.5555,-2.555500000000002
94957,19.5,25.452499999999986,-5.952499999999986
92676,25.8,28.07349999999999,-2.273499999999988
56315,36.1,37.38949999999997,-1.2894999999999683
07607,26.1,32.233,-6.132999999999996
63824,36.3,41.490000000000045,-5.1900000000000475
23462,39.4,32.310500000000005,7.089499999999994
54736,37.4,36.98850000000005,0.4114999999999469
35651,38.2,39.09050000000004,-0.8905000000000385
04472,29.2,30.961000000000013,-1.7610000000000134
92617,20.6,25.786500000000018,-5.1865000000000165
36849,43.0,43.839999999999975,-0.839999999999975
27872,47.6,44.85449999999999,2.745500000000014
62867,40.5,38.86700000000003,1.6329999999999671
64056,37.7,40.9885,-3.288499999999999
32092,29.4,31.311500000000006,-1.9115000000000073
13114,36.4,37.035499999999914,-0.6354999999999151
06779,27.4,31.61899999999996,-4.218999999999962
35089,43.5,40.86099999999992,2.639000000000081
38732,43.2,43.79700000000007,-0.5970000000000653
54722,33.3,39.76,-6.460000000000001
63539,34.7,41.010999999999974,-6.3109999999999715
13315,32.9,36.25250000000005,-3.352500000000049
91205,26.6,33.7815,-7.1815
13211,37.9,34.339,3.561
30056,36.8,38.998000000000026,-2.198000000000029
54456,37.5,38.700999999999965,-1.200999999999965
83812,36.1,36.53199999999997,-0.43199999999996663
47385,41.8,36.84150000000005,4.958499999999944
30518,33.3,34.0525,-0.7525000000000048
14755,37.7,39.98749999999996,-2.287499999999959
22181,22.0,24.926999999999985,-2.9269999999999854
43822,41.5,38.16599999999997,3.3340000000000316
87305,39.9,40.447999999999986,-0.5479999999999876
88254,37.8,38.75300000000002,-0.9530000000000243
62656,39.0,33.22450000000002,5.77549999999998
19904,44.4,34.411000000000016,9.988999999999983
57783,32.1,34.18799999999993,-2.08799999999993
46052,36.0,31.88149999999999,4.118500000000012
27943,31.4,31.40249999999998,-0.0024999999999799627
43953,39.7,39.02600000000004,0.673999999999964
39837,43.3,40.81099999999999,2.4890000000000043
85539,33.2,40.919999999999995,-7.719999999999992
04294,37.0,36.91150000000003,0.08849999999996783
75082,28.8,28.122000000000007,0.6779999999999937
75103,35.3,36.92299999999999,-1.6229999999999905
73744,36.0,37.74950000000003,-1.7495000000000331
02114,18.3,24.529500000000017,-6.229500000000016
33015,29.2,33.01799999999999,-3.817999999999987
50201,34.7,34.04249999999996,0.6575000000000415
84105,27.7,24.29200000000002,3.40799999999998
36042,36.4,39.57000000000002,-3.170000000000023
95632,31.3,32.6735,-1.3734999999999964
54956,39.9,32.9585,6.941499999999998
92110,24.2,25.751500000000018,-1.5515000000000185
74115,43.8,43.656500000000015,0.14349999999998175
11021,23.8,33.643999999999934,-9.843999999999934
35226,29.0,29.06549999999997,-0.06549999999997169
95138,21.5,33.41600000000005,-11.916000000000047
57212,36.8,34.74750000000003,2.0524999999999665
73149,44.2,44.01100000000003,0.18899999999997164
64018,37.4,37.584999999999965,-0.18499999999996675
44413,41.7,40.175499999999985,1.5245000000000175
01905,32.9,39.68300000000001,-6.783000000000008
21403,33.4,30.73599999999997,2.66400000000003
43222,43.2,45.082000000000036,-1.8820000000000334
55950,37.0,37.51600000000002,-0.5160000000000196
10545,17.5,33.57199999999993,-16.07199999999993
45815,44.2,39.45299999999998,4.747000000000021
29851,35.6,39.97950000000004,-4.379500000000036
38361,38.8,42.69250000000001,-3.8925000000000125
94503,25.1,34.804500000000026,-9.704500000000024
67651,39.4,39.39600000000004,0.0039999999999551505
54527,40.8,39.65399999999996,1.1460000000000363
51458,40.9,39.24800000000006,1.651999999999937
32131,29.6,34.94799999999996,-5.347999999999956
88435,37.8,42.368999999999936,-4.568999999999939
08816,27.0,29.75499999999998,-2.7549999999999812
76309,36.0,35.814499999999946,0.1855000000000544
23015,34.2,31.025000000000013,3.17499999999999
05483,37.7,34.27750000000001,3.4224999999999923
47140,41.8,39.36400000000006,2.435999999999936
64437,38.2,40.97900000000008,-2.7790000000000745
44046,37.7,41.100999999999985,-3.400999999999982
35766,40.5,40.64149999999997,-0.1414999999999722
74050,43.3,43.992,-0.6920000000000002
12571,26.3,26.950500000000023,-0.6505000000000223
56058,37.1,35.12000000000007,1.979999999999933
57522,33.2,32.52449999999999,0.6755000000000138
03220,33.0,35.54999999999999,-2.54999999999999
35147,32.6,33.049499999999945,-0.4494999999999436
98848,38.4,36.78899999999993,1.6110000000000682
64492,38.9,37.70600000000001,1.1939999999999884
30504,33.4,41.65949999999999,-8.259499999999989
05681,26.6,29.823000000000008,-3.223000000000006
62830,38.1,35.941,2.158999999999999
29845,40.6,40.60450000000005,-0.0045000000000499085
29455,28.7,24.346,4.353999999999999
55721,35.7,34.329999999999984,1.3700000000000188
04221,33.7,35.373,-1.6729999999999947
72102,40.1,41.33149999999996,-1.2314999999999614
93528,36.4,41.2865000000001,-4.886500000000105
50027,39.4,39.52350000000004,-0.12350000000004258
81331,26.8,31.492500000000064,-4.692500000000063
46510,39.1,37.36649999999995,1.7335000000000491
29353,41.2,38.823499999999996,2.376500000000007
53928,34.2,39.206499999999906,-5.006499999999903
62673,38.1,34.942,3.1580000000000013
13083,39.6,41.63250000000006,-2.0325000000000557
61010,39.2,32.942000000000036,6.257999999999967
79543,35.0,37.67850000000002,-2.678500000000021
50046,32.8,31.537499999999987,1.26250000000001
77443,39.3,38.10300000000003,1.1969999999999672
44830,39.7,40.73349999999998,-1.0334999999999752
49428,32.0,30.89049999999997,1.109500000000029
23126,43.1,38.81600000000005,4.283999999999949
04063,30.0,33.124,-3.1240000000000023
22556,36.9,34.37449999999999,2.525500000000008
10917,28.6,32.565499999999915,-3.9654999999999134
92037,21.3,23.124999999999982,-1.8249999999999815
30576,35.0,39.09399999999993,-4.09399999999993
44135,38.6,38.74449999999998,-0.14449999999997942
33867,39.8,40.60400000000002,-0.8040000000000234
74945,49.9,41.62849999999994,8.27150000000006
47905,30.4,32.79250000000003,-2.392500000000034
49942,36.6,38.47599999999999,-1.8759999999999906
96860,23.3,23.857999999999976,-0.557999999999975
08902,31.3,33.709999999999994,-2.409999999999993
10019,16.4,24.94400000000001,-8.544000000000011
35135,41.0,35.86649999999996,5.133500000000041
54139,42.8,38.00299999999999,4.797000000000004
59759,34.6,34.37449999999998,0.22550000000001802
48367,32.6,30.138500000000004,2.4614999999999974
45686,38.7,41.041999999999916,-2.3419999999999135
45338,39.7,41.404500000000056,-1.7045000000000528
39325,36.7,38.76499999999993,-2.0649999999999267
25060,46.0,46.832,-0.8320000000000007
95676,33.0,38.50699999999994,-5.506999999999941
65543,38.8,40.76500000000006,-1.9650000000000603
71075,47.9,48.38500000000001,-0.48500000000001364
24138,31.3,35.720499999999944,-4.420499999999944
33805,44.1,40.51100000000006,3.588999999999942
72722,37.4,38.77149999999999,-1.3714999999999904
02109,18.8,23.969499999999996,-5.169499999999996
72201,36.1,29.10250000000005,6.9974999999999525
12737,30.5,36.342000000000006,-5.842000000000006
23426,40.0,43.81600000000001,-3.8160000000000096
71401,35.7,42.434999999999974,-6.734999999999971
55725,35.8,34.14800000000002,1.6519999999999797
52658,33.9,35.34899999999991,-1.4489999999999128
30338,22.2,25.118500000000004,-2.918500000000005
53808,39.7,38.4115,1.2885000000000062
08553,25.6,30.438000000000006,-4.8380000000000045
50109,34.5,30.368000000000016,4.131999999999984
39159,49.3,46.044999999999945,3.2550000000000523
66853,39.0,36.55850000000004,2.4414999999999623
13303,36.3,37.36249999999996,-1.0624999999999645
56255,36.9,38.205999999999946,-1.3059999999999476
71225,36.9,35.58400000000004,1.3159999999999599
50249,37.5,35.258500000000005,2.241499999999995
53167,40.6,38.11649999999997,2.483500000000035
27409,37.4,30.095499999999994,7.304500000000004
04781,40.3,39.29600000000001,1.0039999999999907
82054,34.6,38.85250000000002,-4.252500000000019
20711,37.9,34.631500000000074,3.268499999999925
54872,40.2,41.89400000000005,-1.6940000000000452
99741,37.5,39.74300000000002,-2.2430000000000234
57380,42.3,41.115999999999985,1.1840000000000117
59418,33.1,36.82799999999998,-3.72799999999998
58735,35.3,33.1585,2.1415000000000006
68434,33.6,35.616500000000066,-2.0165000000000646
99166,39.5,36.63450000000003,2.865499999999969
59931,27.6,28.565999999999946,-0.9659999999999442
68920,35.0,38.97400000000001,-3.974000000000011
81155,28.4,35.98250000000004,-7.582500000000039
67954,39.5,40.964500000000015,-1.4645000000000152
57747,37.8,39.08349999999999,-1.2834999999999894
59844,35.4,37.41650000000001,-2.016500000000015
76578,35.3,35.551000000000045,-0.2510000000000474
44288,37.5,41.85550000000009,-4.355500000000092
99672,31.6,31.295500000000047,0.3044999999999547
47124,36.3,33.72499999999995,2.5750000000000455
68882,35.4,39.644500000000036,-4.244500000000038
55076,35.0,34.007999999999996,0.9920000000000044
73127,43.4,43.14299999999997,0.2570000000000263
14869,32.3,37.83349999999992,-5.5334999999999255
11218,21.2,29.18799999999999,-7.987999999999992
13774,33.8,38.53949999999996,-4.739499999999964
35806,38.5,28.042000000000026,10.457999999999974
21864,35.7,38.013000000000005,-2.3130000000000024
75218,30.1,28.079999999999988,2.020000000000014
08884,31.7,31.391000000000023,0.3089999999999762
58429,37.7,36.203500000000034,1.496499999999969
36353,43.7,41.04650000000002,2.6534999999999798
66959,41.0,38.428000000000004,2.5719999999999956
27412,30.8,29.048500000000026,1.7514999999999752
77010,34.5,29.75399999999995,4.746000000000048
22801,32.8,33.36050000000002,-0.560500000000026
23102,34.7,33.01949999999997,1.6805000000000305
30171,37.2,36.891000000000034,0.3089999999999691
60506,38.1,36.38299999999997,1.7170000000000343
50563,38.3,35.129499999999986,3.170500000000011
28031,25.8,24.00999999999999,1.7900000000000098
98104,26.1,27.620500000000007,-1.5205000000000055
73455,41.5,43.180000000000035,-1.6800000000000352
21078,35.8,28.28000000000001,7.519999999999989
64664,38.2,40.431999999999974,-2.231999999999971
92308,34.4,35.337,-0.9370000000000047
20842,26.9,29.6475,-2.7475000000000023
06412,30.3,32.82599999999999,-2.5259999999999927
39451,44.2,41.34299999999998,2.8570000000000206
98651,33.4,29.937999999999988,3.4620000000000104
12184,29.7,33.28700000000002,-3.587000000000021
27408,33.1,26.060999999999975,7.039000000000026
49321,35.6,34.0575,1.542500000000004
52767,35.2,27.298500000000026,7.901499999999977
70123,37.0,29.691500000000016,7.3084999999999845
73716,40.9,39.87399999999994,1.0260000000000602
47591,37.3,34.05499999999996,3.24500000000004
94572,30.0,38.56650000000002,-8.566500000000019
36346,40.2,40.75649999999997,-0.5564999999999642
21074,36.7,33.53549999999999,3.164500000000011
51248,38.7,40.40300000000003,-1.7030000000000243
27511,28.4,29.16750000000003,-0.7675000000000303
27568,34.5,36.413999999999994,-1.9139999999999944
76534,40.5,38.395000000000074,2.104999999999926
37892,42.8,41.413999999999916,1.386000000000081
78569,41.8,46.31350000000003,-4.513500000000036
46227,35.1,37.18050000000001,-2.080500000000008
75453,35.9,34.622000000000014,1.2779999999999845
01944,25.3,23.51900000000001,1.7809999999999917
21090,32.3,29.499000000000045,2.800999999999952
93254,30.2,39.18200000000001,-8.98200000000001
68452,41.9,39.9030000000001,1.9969999999999004
30311,38.6,36.67249999999999,1.927500000000009
49017,43.0,37.11699999999994,5.8830000000000595
97225,31.0,24.93150000000003,6.068499999999968
01351,26.6,32.11749999999997,-5.51749999999997
71971,38.0,43.54050000000007,-5.540500000000073
19803,28.2,28.008999999999997,0.1910000000000025
04040,31.4,34.82099999999997,-3.420999999999971
04964,33.1,36.62850000000001,-3.528500000000008
79534,35.2,35.10649999999998,0.09350000000002012
77573,30.2,27.43400000000001,2.7659999999999876
37348,40.5,39.5675000000001,0.932499999999898
95573,33.3,36.029999999999994,-2.729999999999997
69166,38.3,38.087500000000084,0.2124999999999133
34729,33.3,32.077999999999996,1.2220000000000013
96783,24.9,36.17699999999998,-11.27699999999998
67149,36.5,33.703999999999986,2.7960000000000136
52568,43.6,38.80800000000003,4.791999999999973
99039,35.0,28.392500000000023,6.607499999999977
43554,40.6,39.9655,0.6345000000000027
14556,44.9,44.86949999999998,0.030500000000017735
13682,39.2,36.60849999999996,2.591500000000046
86331,28.9,32.838499999999996,-3.9384999999999977
43212,26.2,25.25499999999998,0.945000000000018
03281,32.9,26.01750000000002,6.882499999999979
62558,39.5,36.30450000000003,3.195499999999967
48230,27.6,23.905000000000044,3.6949999999999577
24986,38.8,44.144000000000005,-5.344000000000008
82430,35.5,35.06600000000005,0.43399999999994776
27607,26.2,25.391500000000015,0.8084999999999845
31647,40.2,41.284000000000034,-1.0840000000000316
78801,40.6,43.831000000000046,-3.2310000000000443
65483,40.5,42.639500000000055,-2.139500000000055
48630,39.7,42.04600000000008,-2.3460000000000747
99829,37.7,36.299499999999966,1.4005000000000365
85304,30.9,31.150999999999982,-0.25099999999998346
38068,41.6,39.66649999999998,1.9335000000000235
46704,37.0,29.70350000000003,7.29649999999997
93622,45.6,51.47249999999995,-5.872499999999945
04455,41.7,41.8015,-0.10149999999999437
48658,38.7,36.755000000000074,1.9449999999999292
95831,25.8,26.78400000000002,-0.9840000000000195
46017,34.3,36.13749999999995,-1.837499999999956
67639,40.3,38.97899999999999,1.321000000000005
60189,28.5,25.54350000000001,2.9564999999999912
53213,31.6,27.076999999999988,4.523000000000014
99674,39.2,38.82150000000005,0.37849999999995276
98236,30.9,21.522499999999987,9.377500000000012
25425,38.6,35.439000000000036,3.160999999999966
22939,40.2,34.315000000000026,5.884999999999977
45439,38.3,37.69399999999994,0.6060000000000585
32536,32.2,35.01150000000001,-2.8115000000000094
28510,34.7,35.332999999999956,-0.6329999999999529
78516,44.4,45.81099999999998,-1.41099999999998
50067,43.2,40.02799999999992,3.1720000000000823
48126,36.2,39.03550000000006,-2.83550000000006
30046,37.7,36.99999999999997,0.7000000000000313
57110,36.2,33.096000000000025,3.103999999999978
27249,36.4,33.25100000000003,3.1489999999999654
47970,39.4,36.05299999999998,3.3470000000000155
72520,38.9,41.654500000000034,-2.7545000000000357
85325,31.3,37.01349999999999,-5.713499999999993
69168,38.8,38.205499999999965,0.594500000000032
99363,37.0,36.29499999999995,0.705000000000048
60163,34.1,38.634499999999996,-4.534499999999994
37342,39.7,37.52850000000007,2.1714999999999307
11939,27.1,29.97000000000001,-2.870000000000008
61032,41.9,36.17700000000004,5.722999999999956
37397,40.5,39.32300000000005,1.1769999999999499
47167,41.9,38.266,3.6340000000000003
79373,40.2,40.34199999999996,-0.14199999999996038
66779,35.2,40.25800000000007,-5.058000000000064
78726,27.7,27.995999999999995,-0.2959999999999958
54228,38.5,37.70150000000005,0.7984999999999474
48005,34.9,33.6805,1.2194999999999965
48227,48.5,42.250499999999995,6.249500000000005
03440,35.4,35.88850000000004,-0.48850000000004457
39212,47.3,41.567999999999984,5.7320000000000135
95336,31.5,34.46599999999995,-2.9659999999999513
33432,23.6,29.050500000000024,-5.450500000000023
57779,32.3,34.755999999999965,-2.4559999999999675
39776,39.7,39.80950000000011,-0.10950000000010363
11930,27.0,28.376499999999943,-1.3764999999999432
74830,43.7,41.454000000000015,2.245999999999988
78934,35.9,38.69650000000004,-2.7965000000000444
05744,37.2,36.46350000000004,0.736499999999964
34639,30.2,32.34850000000003,-2.1485000000000305
02359,28.0,26.726999999999986,1.273000000000014
52218,35.5,37.09600000000001,-1.5960000000000107
94105,14.9,23.526999999999983,-8.626999999999983
80107,24.8,23.778999999999993,1.021000000000008
19901,44.0,34.130500000000055,9.869499999999945
98550,38.1,31.095499999999998,7.004500000000004
13859,32.6,38.015000000000065,-5.415000000000063
13045,31.1,29.417999999999996,1.6820000000000057
36581,45.6,42.08499999999997,3.515000000000029
54539,35.3,37.670000000000016,-2.3700000000000188
27612,27.7,26.528999999999975,1.1710000000000242
78728,31.5,31.052499999999995,0.4475000000000051
71346,41.1,40.80449999999996,0.2955000000000396
71998,26.5,27.694499999999994,-1.1944999999999943
95133,20.9,34.75550000000002,-13.85550000000002
70630,36.7,38.24399999999999,-1.5439999999999898
54965,38.9,36.85099999999994,2.0490000000000563
37032,36.0,37.82699999999999,-1.826999999999991
72326,42.6,43.12499999999994,-0.5249999999999417
34234,35.4,38.611499999999936,-3.211499999999937
54862,35.3,40.83549999999995,-5.535499999999956
72396,44.7,43.48699999999996,1.2130000000000436
72531,37.7,39.8355,-2.1355000000000004
29036,31.3,30.086999999999957,1.2130000000000436
84310,32.2,26.725999999999978,5.474000000000025
63654,41.7,38.72399999999995,2.976000000000056
31698,28.2,30.556499999999986,-2.3564999999999863
47247,39.0,32.38200000000008,6.617999999999917
75751,35.0,36.2084999999999,-1.2084999999999013
26342,41.8,42.17499999999998,-0.3749999999999858
12861,30.3,34.87899999999995,-4.578999999999947
53195,39.2,38.731999999999914,0.4680000000000888
50256,41.4,36.25650000000005,5.143499999999946
12041,29.7,29.817499999999953,-0.11749999999995353
33598,32.4,36.452500000000065,-4.052500000000066
44236,31.6,28.460999999999984,3.139000000000017
78606,34.2,33.28300000000004,0.9169999999999661
38862,37.6,41.380500000000076,-3.7805000000000746
68376,45.5,38.40899999999995,7.091000000000051
83876,34.0,30.867499999999968,3.1325000000000323
46231,38.4,35.04949999999997,3.350500000000025
33430,36.4,46.65000000000007,-10.250000000000071
32757,34.5,33.49950000000001,1.0004999999999882
25076,47.0,47.16399999999999,-0.16399999999998727
73741,45.3,39.824,5.475999999999999
25107,42.5,44.94600000000002,-2.4460000000000193
46571,38.5,37.03749999999993,1.4625000000000696
39330,36.8,38.5184999999999,-1.7184999999998993
29712,34.3,35.955,-1.6550000000000011
54630,40.1,35.764500000000005,4.335499999999996
05874,31.8,36.121499999999976,-4.3214999999999755
74825,40.3,39.63300000000006,0.6669999999999376
63467,41.7,41.096999999999895,0.6030000000001081
68941,41.3,39.67150000000006,1.6284999999999386
08016,32.6,36.34749999999998,-3.747499999999981
46166,38.7,37.24049999999996,1.459500000000041
12009,28.1,30.638999999999946,-2.5389999999999446
54967,37.6,37.794000000000075,-0.19400000000007367
99149,34.1,34.29900000000004,-0.1990000000000407
45788,43.7,38.463999999999956,5.236000000000047
92660,22.2,26.508999999999993,-4.308999999999994
37710,46.7,40.991499999999995,5.708500000000008
48933,40.2,35.778999999999975,4.421000000000028
53559,36.8,35.197999999999986,1.602000000000011
51449,39.2,38.70600000000002,0.49399999999998556
54491,37.4,41.25199999999996,-3.8519999999999612
01588,32.7,32.18400000000002,0.515999999999984
30066,27.3,28.43000000000001,-1.1300000000000097
54130,37.2,32.47500000000002,4.72499999999998
32440,41.1,42.56050000000011,-1.4605000000001098
28382,41.0,37.86700000000004,3.13299999999996
24609,39.5,36.19900000000003,3.3009999999999735
23119,34.8,35.36049999999996,-0.560499999999962
48754,38.4,37.18750000000002,1.2124999999999773
05262,30.0,30.15650000000004,-0.15650000000004027
46947,47.7,35.35349999999996,12.346500000000042
79423,34.8,33.8595,0.9405000000000001
25011,40.1,40.22900000000003,-0.1290000000000262
79566,32.4,36.29850000000003,-3.898500000000034
30669,38.3,40.04600000000002,-1.7460000000000235
58223,39.4,34.7375,4.662500000000001
62877,37.0,33.79000000000005,3.209999999999951
70645,35.1,38.29150000000001,-3.191500000000012
56335,35.1,33.33049999999997,1.7695000000000292
83443,31.0,35.434499999999986,-4.434499999999986
73109,45.1,48.32550000000004,-3.2255000000000393
07501,39.8,41.28049999999997,-1.4804999999999708
12419,28.9,32.605000000000004,-3.7050000000000054
63021,26.9,30.6745,-3.7744999999999997
30184,35.8,31.78950000000002,4.0104999999999755
98903,38.3,35.68649999999994,2.6135000000000588
29142,42.9,41.771999999999956,1.1280000000000427
33953,30.5,35.389,-4.889000000000003
11704,30.5,33.82,-3.3200000000000003
98812,36.0,38.63149999999997,-2.631499999999967
29828,35.3,39.53150000000005,-4.231500000000054
62436,40.1,35.126000000000005,4.973999999999997
99755,31.2,27.35550000000002,3.8444999999999787
62650,39.9,30.877999999999965,9.022000000000034
05653,31.4,36.38800000000007,-4.988000000000071
24380,34.2,35.208,-1.0079999999999956
62016,38.4,33.72749999999996,4.672500000000042
39662,39.9,40.55000000000011,-0.6500000000001123
99021,33.7,32.48350000000002,1.2164999999999822
34746,39.0,33.45050000000001,5.549499999999988
63060,41.7,40.95850000000002,0.7414999999999807
01450,24.2,24.293500000000048,-0.09350000000004854
27526,30.7,28.945999999999962,1.7540000000000369
64434,37.4,38.846000000000075,-1.4460000000000761
04475,40.5,39.3875,1.1124999999999972
87327,41.8,39.315999999999974,2.484000000000023
30144,28.7,31.431500000000018,-2.7315000000000182
24426,39.7,37.780000000000044,1.919999999999959
60302,27.5,28.255000000000013,-0.7550000000000132
05902,34.2,37.59699999999995,-3.3969999999999487
48213,49.5,47.90900000000001,1.5909999999999869
55424,23.7,24.49300000000002,-0.7930000000000206
72342,49.2,47.332000000000065,1.8679999999999382
50858,39.4,37.336500000000036,2.063499999999962
50591,43.6,38.54349999999997,5.056500000000028
73103,33.3,28.51749999999999,4.782500000000006
47720,35.9,33.282999999999944,2.617000000000054
77622,35.4,36.16150000000007,-0.7615000000000691
95550,30.7,33.58600000000004,-2.886000000000042
52070,41.4,38.52599999999997,2.8740000000000308
24854,47.3,47.89850000000004,-0.598500000000044
98012,26.9,24.532499999999946,2.367500000000053
13654,41.9,38.559999999999974,3.3400000000000247
07018,36.2,40.71799999999994,-4.517999999999937
49835,39.6,37.268499999999996,2.3315000000000055
12444,33.0,36.223000000000056,-3.223000000000056
31805,43.9,40.68650000000002,3.213499999999982
67216,43.2,44.083,-0.8829999999999956
30734,36.5,41.11250000000006,-4.612500000000061
13206,39.7,34.553000000000026,5.146999999999977
61876,39.9,38.422000000000025,1.4779999999999731
61955,36.3,35.85799999999997,0.4420000000000286
11435,25.8,32.49950000000003,-6.699500000000032
59270,38.1,36.10699999999998,1.9930000000000234
51245,39.0,37.14299999999996,1.857000000000042
51544,39.2,37.24250000000002,1.9574999999999818
24569,44.0,41.02849999999998,2.9715000000000202
68718,38.7,37.129,1.571000000000005
99101,33.0,33.702499999999986,-0.7024999999999864
20607,40.1,31.725499999999982,8.374500000000019
98312,33.7,28.645500000000016,5.054499999999987
25508,44.8,37.60950000000004,7.1904999999999575
72650,40.0,45.27299999999993,-5.272999999999932
55346,25.4,24.110500000000023,1.2894999999999754
08528,26.7,31.437500000000018,-4.7375000000000185
47469,39.9,39.7895,0.11050000000000182
11778,29.1,32.788,-3.6879999999999953
54655,41.6,40.69900000000001,0.9009999999999891
29684,37.8,40.09250000000008,-2.292500000000082
64074,39.9,39.50150000000002,0.3984999999999772
84639,33.2,33.852000000000004,-0.652000000000001
95842,34.0,35.52649999999996,-1.526499999999963
35203,41.9,42.84199999999998,-0.9419999999999789
98853,36.3,33.404999999999994,2.895000000000003
85390,29.1,33.25399999999998,-4.153999999999975
13838,36.2,40.09350000000008,-3.893500000000074
47393,36.4,39.036500000000004,-2.636500000000005
74354,41.2,40.56550000000001,0.6344999999999956
27332,36.3,34.98349999999998,1.316500000000019
36741,48.2,42.22249999999999,5.977500000000013
25132,41.9,40.87450000000002,1.0254999999999797
71801,46.2,46.98550000000004,-0.7855000000000345
57340,35.6,35.75099999999992,-0.1509999999999181
37914,40.1,40.07700000000002,0.022999999999981924
79855,40.8,43.45699999999999,-2.6569999999999894
37014,31.9,30.77350000000004,1.1264999999999574
75448,36.2,38.67649999999999,-2.4764999999999873
43617,29.2,30.372499999999977,-1.1724999999999781
11206,26.8,34.86350000000003,-8.06350000000003
24593,37.7,38.09799999999995,-0.3979999999999464
59274,32.9,34.67750000000005,-1.7775000000000531
31030,42.2,42.22850000000007,-0.02850000000006503
22601,37.6,38.883500000000005,-1.2835000000000036
37604,36.9,34.162499999999994,2.7375000000000043
92242,34.6,36.924,-2.323999999999998
30319,23.4,26.627999999999997,-3.227999999999998
67876,33.8,36.4685,-2.6685000000000016
50316,42.7,43.11400000000003,-0.4140000000000299
64432,35.3,39.13599999999996,-3.835999999999963
29510,40.2,39.957500000000046,0.24249999999995708
36003,49.5,46.23499999999999,3.2650000000000077
89521,26.3,27.649999999999977,-1.3499999999999766
47282,41.8,38.57150000000003,3.2284999999999684
30417,42.2,40.048999999999985,2.1510000000000176
85646,29.2,33.840999999999944,-4.640999999999945
97386,41.0,34.537000000000006,6.462999999999994
73933,39.0,38.82400000000005,0.1759999999999522
56465,36.9,34.43900000000002,2.460999999999977
25875,41.7,41.669499999999935,0.030500000000067473
78669,29.6,28.664499999999975,0.935500000000026
76541,48.6,45.69250000000007,2.907499999999935
99705,35.9,34.16000000000007,1.739999999999931
78727,26.8,28.643000000000015,-1.8430000000000142
82836,30.8,36.60949999999998,-5.809499999999982
20628,38.3,35.55899999999996,2.741000000000035
52076,40.7,38.264499999999956,2.4355000000000473
51548,36.3,31.892500000000023,4.407499999999974
13140,37.7,41.96700000000009,-4.267000000000088
36693,35.7,35.33299999999996,0.36700000000003996
60936,38.2,37.71650000000006,0.48349999999994253
54524,40.9,38.996500000000026,1.9034999999999727
08037,30.0,35.91850000000002,-5.918500000000023
57501,34.3,32.22800000000001,2.0719999999999885
85051,33.7,33.36949999999998,0.330500000000022
29223,36.8,32.270499999999934,4.529500000000063
54561,35.3,38.159500000000016,-2.8595000000000184
62236,35.0,28.722499999999958,6.2775000000000425
59037,35.9,36.01900000000005,-0.11900000000004951
95618,23.3,29.23949999999993,-5.939499999999928
66424,40.4,37.29850000000007,3.1014999999999304
98371,36.8,31.853499999999993,4.946500000000004
64101,33.5,27.637499999999992,5.862500000000008
47842,40.9,38.23450000000002,2.66549999999998
12116,32.1,35.219500000000004,-3.119500000000002
35565,41.5,41.90149999999996,-0.4014999999999631
78957,39.8,38.31050000000006,1.4894999999999357
65284,32.0,37.49199999999999,-5.49199999999999
78005,39.4,39.47649999999993,-0.07649999999993184
95961,30.4,34.81300000000003,-4.413000000000032
74878,42.6,40.999500000000054,1.600499999999947
48504,51.6,43.29750000000003,8.302499999999974
68801,42.8,38.107000000000056,4.692999999999941
95113,25.9,33.83399999999992,-7.933999999999919
01862,25.4,29.477999999999987,-4.077999999999989
24834,45.5,44.31549999999997,1.1845000000000283
25969,39.2,42.82399999999996,-3.6239999999999597
92382,32.5,31.528500000000044,0.9714999999999563
12010,38.7,32.98449999999997,5.715500000000034
85531,32.7,33.26099999999998,-0.5609999999999786
28202,25.3,26.43050000000003,-1.1305000000000298
73042,37.8,39.83399999999991,-2.0339999999999137
97112,33.3,34.254000000000026,-0.954000000000029
23962,42.4,40.51100000000001,1.8889999999999887
73053,38.8,40.82750000000006,-2.0275000000000603
46745,39.6,35.376999999999974,4.223000000000027
74456,42.2,38.07000000000008,4.129999999999924
80235,23.0,25.8385,-2.8385
32935,34.7,32.70250000000005,1.9974999999999525
68042,38.3,33.399000000000036,4.900999999999961
43840,43.8,39.28050000000004,4.519499999999958
56571,33.9,33.107,0.7929999999999993
52807,38.5,34.56549999999995,3.9345000000000496
94618,21.5,23.09849999999996,-1.5984999999999587
37641,38.8,38.498499999999986,0.3015000000000114
03218,30.1,30.968499999999985,-0.8684999999999832
59088,36.2,36.70199999999997,-0.5019999999999669
55429,31.5,36.73699999999999,-5.236999999999988
60406,36.8,38.182,-1.382000000000005
97001,37.2,33.86449999999998,3.3355000000000246
59412,34.5,34.9835,-0.4834999999999994
43144,38.2,40.31700000000003,-2.1170000000000258
77503,38.9,40.33699999999998,-1.4369999999999834
37354,39.0,39.377,-0.37700000000000244
81527,30.2,27.177000000000007,3.0229999999999926
37880,38.1,34.736500000000014,3.3634999999999877
60946,38.6,36.94450000000002,1.6554999999999822
83404,32.6,31.809499999999986,0.7905000000000157
70546,42.5,42.36050000000001,0.13949999999999108
70514,48.9,45.98149999999997,2.91850000000003
52750,38.2,38.04400000000009,0.15599999999991354
97321,34.0,27.945999999999984,6.054000000000016
05738,33.9,30.50300000000001,3.396999999999988
14056,29.0,38.77749999999999,-9.77749999999999
67071,40.1,37.875500000000045,2.2244999999999564
47546,39.9,36.66100000000008,3.238999999999919
80223,22.8,30.500499999999974,-7.700499999999973
30040,29.3,29.28150000000006,0.01849999999993912
79355,40.6,42.622499999999924,-2.0224999999999227
80303,16.9,23.604499999999994,-6.704499999999996
11952,28.2,31.54099999999996,-3.340999999999962
33032,31.0,39.80849999999996,-8.80849999999996
32202,47.5,48.911000000000016,-1.4110000000000156
27209,42.0,41.260999999999946,0.7390000000000541
68870,38.0,34.00950000000002,3.990499999999983
50208,40.4,38.05549999999994,2.3445000000000604
97497,36.2,37.93500000000004,-1.735000000000035
25140,47.9,49.812999999999995,-1.9129999999999967
86018,23.0,24.779999999999994,-1.779999999999994
77835,34.3,36.48800000000006,-2.1880000000000663
26133,42.3,39.93949999999998,2.360500000000016
84067,33.9,32.086999999999996,1.8130000000000024
65360,39.6,42.56700000000004,-2.9670000000000414
13476,35.2,36.55949999999998,-1.3594999999999757
05841,30.2,32.90600000000005,-2.7060000000000493
13041,35.2,27.458499999999976,7.741500000000027
97333,27.2,27.981999999999967,-0.781999999999968
22211,25.1,24.122999999999998,0.9770000000000039
59011,29.7,33.05249999999997,-3.352499999999967
52752,41.8,38.865999999999985,2.9340000000000117
37826,44.4,35.972000000000016,8.427999999999983
05441,35.9,31.097000000000016,4.802999999999983
61956,37.5,34.96050000000001,2.5394999999999897
14037,33.4,31.78899999999999,1.6110000000000078
24565,46.7,47.456499999999934,-0.7564999999999316
36262,38.6,39.45150000000004,-0.851500000000037
48362,31.7,25.418500000000012,6.281499999999987
22663,35.2,35.28850000000002,-0.08850000000001756
25667,43.8,44.756499999999996,-0.9564999999999984
94086,19.4,25.65350000000001,-6.253500000000013
55063,38.8,36.904,1.8959999999999937
44864,37.6,39.26700000000001,-1.6670000000000087
10465,27.2,31.19749999999997,-3.9974999999999703
52347,45.3,39.77750000000008,5.522499999999916
44266,36.2,35.90349999999999,0.296500000000016
33973,39.9,43.163500000000084,-3.2635000000000858
31806,37.8,37.747999999999955,0.052000000000042235
24090,36.1,33.38000000000002,2.7199999999999847
78371,44.1,46.5449999999999,-2.444999999999901
88007,35.5,35.50950000000003,-0.00950000000003115
03836,32.0,32.20950000000002,-0.20950000000001978
81251,25.5,33.00599999999996,-7.505999999999958
49345,34.4,30.982499999999977,3.4175000000000217
48761,41.2,42.754000000000076,-1.554000000000073
91607,25.5,25.989000000000015,-0.489000000000015
51550,36.4,41.05199999999998,-4.65199999999998
02155,23.8,23.012000000000008,0.7879999999999932
46967,46.0,35.315999999999974,10.684000000000026
80503,16.7,20.996499999999997,-4.296499999999998
27379,42.3,41.94299999999999,0.3570000000000064
95655,29.1,28.208000000000006,0.8919999999999959
53091,43.7,37.82150000000006,5.878499999999946
55961,40.6,38.761999999999915,1.8380000000000862
01367,25.2,33.49849999999998,-8.29849999999998
70364,42.7,38.9025000000001,3.7974999999999
04009,29.9,31.001499999999982,-1.1014999999999837
68341,40.5,36.29249999999996,4.207500000000039
39474,46.4,45.92099999999991,0.4790000000000916
31810,43.0,42.38199999999999,0.6180000000000092
66035,34.4,36.138500000000015,-1.7385000000000161
58385,42.5,37.643500000000024,4.856499999999976
02563,26.0,27.760000000000055,-1.7600000000000549
53562,31.2,27.99350000000002,3.2064999999999806
94706,20.1,27.37050000000003,-7.270500000000027
96055,33.3,37.67849999999996,-4.37849999999996
33150,37.9,46.623499999999964,-8.723499999999966
47872,43.5,40.22600000000008,3.2739999999999227
85120,36.7,32.958499999999965,3.7415000000000376
52240,32.9,25.24949999999999,7.650500000000008
10018,16.7,25.702999999999957,-9.002999999999957
47977,40.6,40.07850000000008,0.5214999999999179
59827,32.7,33.538499999999964,-0.8384999999999607
99185,37.8,32.872000000000014,4.927999999999983
67110,37.7,35.090000000000025,2.609999999999978
25090,39.4,40.216999999999935,-0.8169999999999362
83657,32.4,37.30150000000003,-4.901500000000034
35460,52.1,42.97200000000002,9.127999999999979
97845,32.2,32.67799999999998,-0.4779999999999802
59745,30.1,30.250999999999966,-0.15099999999996427
67622,43.2,38.122500000000066,5.077499999999937
67644,42.2,41.197000000000045,1.0029999999999575
33521,34.7,35.80600000000001,-1.1060000000000088
77372,35.5,39.57950000000007,-4.079500000000067
75158,35.4,36.41399999999997,-1.0139999999999745
25823,43.1,42.350999999999985,0.7490000000000165
99118,39.6,33.264,6.3359999999999985
44223,34.8,29.890000000000036,4.909999999999961
33440,38.5,43.57600000000009,-5.076000000000093
64804,38.8,37.949999999999974,0.8500000000000227
52133,37.1,39.663499999999935,-2.5634999999999337
67156,39.5,32.11650000000003,7.3834999999999695
28778,31.6,32.56000000000005,-0.9600000000000506
89149,29.2,27.324500000000036,1.8754999999999633
60960,41.9,37.093000000000046,4.806999999999952
49012,35.5,30.681499999999957,4.818500000000043
33786,27.9,28.19400000000001,-0.29400000000001114
65791,41.1,43.44300000000002,-2.3430000000000177
98224,24.6,19.189500000000013,5.410499999999988
50233,34.8,35.773,-0.9730000000000061
13420,34.6,35.635500000000015,-1.0355000000000132
44011,31.6,32.48599999999998,-0.8859999999999815
02809,25.1,28.85050000000001,-3.7505000000000095
25537,43.1,38.42700000000009,4.6729999999999094
68354,41.9,37.33100000000004,4.56899999999996
33764,31.6,30.732000000000056,0.8679999999999453
64858,40.3,37.69700000000004,2.602999999999959
14779,39.1,41.08149999999997,-1.9814999999999685
56027,36.7,39.35750000000001,-2.657500000000006
89415,37.7,40.79600000000003,-3.096000000000025
98830,39.5,38.46899999999998,1.0310000000000201
77007,27.8,21.155999999999985,6.644000000000016
25173,44.0,45.86399999999991,-1.863999999999912
43524,39.7,40.52050000000006,-0.8205000000000595
59463,33.2,36.14750000000003,-2.9475000000000264
88048,41.9,44.41299999999992,-2.51299999999992
49315,31.5,29.600000000000023,1.8999999999999773
88027,37.7,36.66749999999997,1.0325000000000344
71006,38.5,37.91150000000004,0.5884999999999607
78351,41.7,39.84499999999998,1.8550000000000253
55601,36.4,38.35649999999999,-1.9564999999999912
36026,39.6,36.71599999999998,2.8840000000000217
64485,35.5,36.97150000000007,-1.47150000000007
93465,25.8,26.38849999999999,-0.5884999999999891
71457,42.7,40.907,1.7930000000000064
79563,37.4,38.75999999999997,-1.359999999999971
74445,42.4,41.773500000000006,0.626499999999993
10922,29.4,32.626500000000014,-3.2265000000000157
92262,36.9,29.842000000000017,7.057999999999982
26704,39.3,39.59800000000004,-0.29800000000004445
47901,31.3,33.779999999999994,-2.4799999999999933
51646,39.7,38.59150000000008,1.1084999999999212
98037,30.2,29.23199999999999,0.9680000000000106
56565,36.8,34.03649999999999,2.7635000000000076
50147,41.0,39.49799999999993,1.5020000000000735
34269,34.7,40.607999999999954,-5.9079999999999515
62530,40.0,34.67299999999993,5.327000000000069
13782,33.1,37.31250000000001,-4.212500000000006
72074,37.3,41.51450000000009,-4.214500000000093
38562,39.8,42.84299999999992,-3.042999999999921
38829,39.8,39.969499999999954,-0.16949999999995669
37719,41.6,36.68050000000004,4.919499999999964
61748,34.7,30.240499999999994,4.459500000000009
60447,36.3,33.00099999999997,3.299000000000028
54931,36.0,35.08350000000003,0.9164999999999708
67425,39.1,36.03200000000001,3.0679999999999907
28756,39.5,38.509000000000036,0.9909999999999641
71943,38.7,40.51200000000004,-1.8120000000000402
73066,41.6,37.1745,4.4254999999999995
67001,35.6,31.928499999999943,3.6715000000000586
87317,45.1,46.778499999999994,-1.6784999999999926
57213,34.3,35.53099999999993,-1.2309999999999306
14805,32.0,36.68450000000004,-4.6845000000000425
23513,43.3,38.91150000000002,4.388499999999979
92028,27.1,31.14249999999995,-4.042499999999947
66040,38.4,38.920000000000044,-0.5200000000000458
53110,36.4,37.134999999999934,-0.7349999999999355
83438,34.0,37.212499999999984,-3.2124999999999844
61364,39.2,35.80100000000006,3.398999999999944
11212,35.3,30.3785,4.921499999999998
89823,38.3,39.467999999999975,-1.167999999999978
93455,25.9,30.652499999999996,-4.752499999999998
55123,32.1,29.087000000000053,3.0129999999999484
24563,44.1,42.54099999999998,1.5590000000000188
78539,40.5,35.602999999999994,4.897000000000006
80809,26.9,28.188000000000052,-1.2880000000000535
84637,33.9,37.64600000000008,-3.7460000000000804
75216,45.8,41.52399999999996,4.276000000000039
04280,36.0,35.72449999999997,0.2755000000000294
05757,36.0,33.78150000000007,2.2184999999999278
04021,25.5,24.529999999999983,0.9700000000000166
30045,37.8,37.796999999999976,0.00300000000002143
63134,42.9,44.32299999999994,-1.4229999999999379
10464,24.0,30.893000000000058,-6.8930000000000575
21162,30.0,35.181499999999986,-5.181499999999986
76673,39.0,40.01299999999993,-1.012999999999927
78570,47.2,45.278999999999975,1.9210000000000278
22727,38.4,37.67400000000001,0.725999999999992
84066,32.6,38.50800000000003,-5.90800000000003
37811,42.5,41.05050000000003,1.449499999999972
46784,40.6,39.144000000000034,1.4559999999999675
85530,46.8,42.504999999999946,4.295000000000051
90008,33.0,33.86300000000004,-0.8630000000000422
27597,35.8,31.713999999999977,4.08600000000002
76882,35.8,35.88549999999993,-0.08549999999993219
12484,28.5,30.4155,-1.9155000000000015
37091,40.9,38.04950000000001,2.8504999999999896
64637,39.7,41.395999999999965,-1.6959999999999624
79540,35.3,40.64000000000007,-5.3400000000000745
74114,31.7,32.666000000000004,-0.9660000000000046
62284,39.8,36.78449999999999,3.01550000000001
67632,40.2,37.99350000000002,2.206499999999984
77477,32.8,36.694500000000026,-3.894500000000029
61369,39.2,38.18150000000001,1.018499999999996
56141,38.0,37.11900000000002,0.8809999999999789
06712,30.9,30.27650000000007,0.6234999999999289
56726,34.9,36.02099999999997,-1.1209999999999738
44833,39.3,39.07400000000003,0.22599999999997067
60060,33.2,28.55399999999997,4.646000000000033
53919,43.4,38.809000000000005,4.590999999999994
12202,40.1,39.7115,0.3885000000000005
10960,28.6,28.702000000000034,-0.10200000000003229
53920,42.3,40.584499999999956,1.7155000000000413
68015,39.5,36.19249999999998,3.3075000000000188
75078,33.0,30.936500000000027,2.063499999999973
97875,39.0,37.455999999999975,1.5440000000000254
13501,39.5,38.69700000000003,0.8029999999999688
87718,30.5,34.72550000000004,-4.225500000000039
58072,37.7,35.16249999999999,2.5375000000000156
29639,31.9,33.81499999999995,-1.9149999999999494
27983,43.0,40.864500000000014,2.135499999999986
61480,38.3,38.607500000000016,-0.30750000000001876
06524,28.6,29.04949999999995,-0.44949999999994716
76201,34.1,27.626500000000057,6.4734999999999445
02128,25.0,33.863500000000016,-8.863500000000016
28137,35.7,37.75099999999998,-2.0509999999999806
64506,39.6,37.92849999999998,1.671500000000023
68966,36.4,36.230500000000106,0.16949999999989274
26810,42.7,39.18950000000008,3.5104999999999222
43105,34.9,32.87750000000004,2.022499999999958
64620,39.4,40.24650000000001,-0.8465000000000131
21612,28.4,35.16049999999996,-6.760499999999965
33756,33.6,35.14750000000003,-1.5475000000000279
37334,41.0,39.96600000000001,1.0339999999999918
80643,34.6,31.534499999999962,3.065500000000039
37301,43.2,41.79600000000004,1.4039999999999608
22469,42.6,38.45999999999999,4.140000000000015
56024,33.8,31.71499999999997,2.0850000000000257
63463,38.9,39.19049999999996,-0.2904999999999589
64093,34.9,32.06149999999995,2.838500000000046
39166,54.6,48.92500000000005,5.6749999999999545
62015,36.1,33.578000000000024,2.521999999999977
39464,37.6,39.966000000000015,-2.366000000000014
33991,31.3,35.93650000000001,-4.636500000000009
70820,32.3,29.581000000000046,2.7189999999999515
77345,29.7,24.729499999999966,4.970500000000033
11520,35.0,36.18900000000002,-1.1890000000000214
35463,40.8,35.42150000000001,5.378499999999988
46224,41.5,37.57349999999996,3.92650000000004
98051,24.9,25.606000000000005,-0.7060000000000066
98620,34.1,32.759999999999955,1.340000000000046
35619,38.7,39.31350000000011,-0.6135000000001085
77964,36.3,38.08699999999993,-1.786999999999935
54462,35.6,41.23749999999995,-5.637499999999946
35216,32.8,35.29850000000006,-2.498500000000064
43214,28.7,27.895500000000016,0.8044999999999831
51654,41.1,36.86949999999992,4.2305000000000845
61201,40.9,33.00999999999996,7.890000000000036
38701,44.0,47.85900000000008,-3.85900000000008
83014,23.8,27.20550000000001,-3.4055000000000106
29016,34.0,32.918500000000016,1.0814999999999841
08078,28.7,34.92849999999999,-6.228499999999993
81044,33.9,39.33099999999994,-5.4309999999999405
55357,25.9,27.145000000000017,-1.2450000000000188
48043,41.9,38.370499999999986,3.529500000000013
58723,38.9,36.17649999999994,2.723500000000058
72135,35.2,33.11199999999991,2.0880000000000933
98396,36.3,28.565000000000005,7.734999999999992
07676,24.4,31.156500000000005,-6.756500000000006
31649,41.5,42.858999999999995,-1.3589999999999947
64053,41.7,44.103000000000044,-2.4030000000000413
79045,40.6,45.64400000000004,-5.04400000000004
02660,27.0,29.01750000000004,-2.017500000000041
28438,40.8,40.34049999999996,0.459500000000034
97904,36.6,36.69049999999998,-0.09049999999997738
62351,37.7,36.02099999999999,1.6790000000000163
48240,37.0,36.768000000000015,0.2319999999999851
23230,31.5,27.5665,3.9334999999999987
56551,34.2,38.125,-3.924999999999997
49408,37.3,37.37249999999999,-0.0724999999999909
27844,46.3,43.206000000000024,3.0939999999999728
49925,36.7,35.861,0.8390000000000057
83272,30.0,36.36649999999999,-6.366499999999988
72550,40.1,39.40900000000001,0.6909999999999883
75702,46.1,44.060500000000005,2.0394999999999968
92320,35.6,35.89699999999999,-0.29699999999998994
45225,50.2,43.29600000000003,6.903999999999975
53205,50.1,44.77300000000004,5.326999999999963
74860,44.6,42.250500000000066,2.349499999999935
89010,36.8,41.836499999999994,-5.036499999999997
31827,47.1,43.68999999999998,3.410000000000018
97013,35.2,32.21200000000001,2.9879999999999924
95391,22.0,28.338999999999974,-6.338999999999974
93962,33.4,40.65049999999994,-7.250499999999938
24823,46.2,47.80100000000002,-1.6010000000000204
98439,41.3,35.94250000000002,5.35749999999998
34771,36.6,35.49650000000004,1.1034999999999613
38670,53.2,49.295500000000004,3.9044999999999987
28173,31.1,25.15500000000002,5.9449999999999825
61437,37.0,33.380499999999934,3.619500000000066
44811,38.5,39.71250000000002,-1.21250000000002
65754,39.9,36.76400000000004,3.13599999999996
67659,37.5,39.1944999999999,-1.6944999999998984
11220,21.7,28.91549999999997,-7.21549999999997
73717,36.5,39.31850000000002,-2.8185000000000215
67745,42.6,39.98850000000004,2.611499999999964
81241,25.4,29.158000000000037,-3.758000000000038
10952,33.7,40.3875,-6.6875
43930,43.5,39.0805,4.419499999999999
36276,38.6,40.06499999999997,-1.4649999999999679
88029,35.8,40.72749999999996,-4.927499999999959
52659,38.2,38.065499999999986,0.13450000000001694
44428,39.1,38.26099999999996,0.8390000000000413
38722,41.6,39.33100000000009,2.268999999999913
68970,39.7,39.034000000000006,0.6659999999999968
71253,39.0,39.18699999999992,-0.18699999999991945
11758,28.0,30.07350000000001,-2.07350000000001
64856,41.8,42.63350000000005,-0.8335000000000505
50460,41.3,38.65399999999989,2.6460000000001074
01950,26.8,26.92999999999998,-0.1299999999999777
68506,33.8,28.38950000000004,5.410499999999956
29062,44.7,36.20150000000002,8.498499999999986
29556,46.1,39.81000000000005,6.289999999999949
89317,32.2,36.64000000000003,-4.440000000000026
35061,45.5,44.84749999999996,0.6525000000000389
75088,33.0,30.70149999999999,2.2985000000000113
14506,26.1,31.10250000000001,-5.002500000000008
35503,34.5,39.36199999999997,-4.8619999999999735
87747,31.8,37.47300000000006,-5.673000000000062
57644,37.7,38.755500000000005,-1.055500000000002
92109,22.5,22.889499999999995,-0.38949999999999463
49649,37.9,34.21600000000003,3.683999999999969
56216,40.7,35.74199999999999,4.958000000000013
12115,28.3,32.59300000000001,-4.29300000000001
06790,30.2,33.96500000000001,-3.7650000000000112
20777,26.8,24.019499999999983,2.7805000000000177
32204,35.0,37.293500000000066,-2.2935000000000656
46404,51.4,47.97200000000004,3.4279999999999617
14504,31.8,32.67549999999998,-0.8754999999999775
61520,40.3,34.57099999999999,5.729000000000006
69301,39.2,39.29650000000003,-0.09650000000002734
55426,25.8,25.630500000000016,0.1694999999999851
53950,43.2,38.89049999999995,4.30950000000005
50638,37.6,36.82500000000004,0.774999999999963
61318,38.2,36.34999999999999,1.8500000000000156
61073,37.1,29.859499999999993,7.240500000000008
37876,38.6,36.612499999999976,1.9875000000000256
47283,39.4,36.0795,3.3204999999999956
46574,37.1,35.81899999999994,1.2810000000000628
47879,43.4,38.919499999999964,4.480500000000035
13494,35.2,36.69400000000004,-1.4940000000000353
72703,33.8,33.565999999999946,0.2340000000000515
65338,38.4,39.85900000000003,-1.4590000000000316
30677,29.0,29.74049999999997,-0.7404999999999688
50669,36.6,33.20949999999998,3.3905000000000243
98621,40.1,32.2435,7.856500000000004
65769,39.8,43.10549999999999,-3.305499999999995
30290,30.2,30.419500000000017,-0.2195000000000178
54971,43.0,39.572999999999986,3.427000000000014
95978,33.5,39.793499999999945,-6.293499999999945
50434,38.4,34.50399999999998,3.896000000000022
78059,40.4,41.53500000000002,-1.1350000000000193
83847,33.7,35.690999999999995,-1.9909999999999926
51063,41.4,37.98450000000004,3.415499999999959
67584,35.8,39.2435,-3.4435000000000002
03574,26.6,26.69449999999999,-0.09449999999998937
11749,29.0,36.17900000000008,-7.17900000000008
51570,38.5,35.94450000000004,2.5554999999999595
32003,30.8,28.6895,2.110500000000002
10708,23.3,31.112999999999932,-7.812999999999931
27837,38.0,34.47900000000002,3.5209999999999795
71222,38.5,40.460999999999984,-1.9609999999999843
73932,38.2,41.60449999999996,-3.404499999999956
67739,39.8,38.30750000000004,1.492499999999957
63379,39.6,36.845499999999994,2.7545000000000073
14091,34.9,39.60750000000003,-4.7075000000000315
28454,38.4,37.65849999999999,0.7415000000000092
26287,40.1,40.68249999999999,-0.5824999999999889
55768,35.6,36.28149999999996,-0.6814999999999571
10527,23.1,25.20900000000001,-2.109000000000009
93514,28.3,31.472000000000012,-3.1720000000000113
39736,39.8,42.24850000000001,-2.44850000000001
48433,37.3,34.74650000000001,2.5534999999999854
63545,39.4,41.99599999999999,-2.5959999999999894
48879,36.1,35.64099999999997,0.4590000000000316
85298,27.1,25.754999999999985,1.3450000000000166
93238,35.6,37.02149999999997,-1.4214999999999662
98323,36.3,28.437999999999967,7.86200000000003
12491,28.6,31.525500000000015,-2.9255000000000138
78860,42.0,45.08049999999996,-3.080499999999958
70079,36.4,39.21650000000004,-2.8165000000000404
07029,26.1,36.050499999999985,-9.950499999999984
56318,38.0,38.36800000000007,-0.36800000000007316
03077,35.1,35.461999999999975,-0.36199999999997345
48749,39.6,39.43500000000004,0.16499999999996362
26690,41.3,43.163500000000084,-1.8635000000000872
49503,36.9,29.961000000000062,6.938999999999936
26560,45.7,41.19699999999991,4.5030000000000925
78598,40.0,42.433,-2.433
93518,34.7,37.85549999999998,-3.155499999999975
90001,34.3,38.26749999999997,-3.9674999999999727
33139,26.8,32.37499999999999,-5.574999999999992
50142,42.0,38.106499999999976,3.8935000000000244
04250,33.9,34.48999999999996,-0.5899999999999608
32431,38.7,40.07050000000002,-1.370500000000014
22936,28.8,29.32050000000001,-0.5205000000000091
07755,30.0,29.517000000000003,0.482999999999997
53816,44.1,40.77849999999999,3.3215000000000146
51545,36.0,36.84099999999999,-0.8409999999999869
95570,29.7,30.708500000000043,-1.0085000000000441
12421,30.9,37.63050000000001,-6.7305000000000135
59731,34.8,36.649999999999935,-1.8499999999999375
72672,37.9,39.10149999999998,-1.2014999999999816
68108,43.7,40.41499999999998,3.285000000000025
44062,36.1,38.59800000000001,-2.4980000000000118
74451,44.7,40.434000000000026,4.265999999999977
83611,34.6,36.25649999999999,-1.656499999999987
08720,28.3,28.181499999999986,0.11850000000001515
98563,33.8,29.42900000000001,4.370999999999988
47871,40.4,34.28300000000007,6.116999999999926
91101,23.5,28.671999999999965,-5.171999999999965
87357,42.4,39.295500000000025,3.104499999999973
64105,29.6,26.384499999999985,3.2155000000000165
21714,32.0,28.956500000000002,3.043499999999998
95366,29.9,31.83050000000004,-1.9305000000000412
51351,38.0,35.33149999999992,2.66850000000008
32343,47.3,36.37649999999997,10.923500000000026
50650,38.8,38.388500000000015,0.41149999999998244
04863,26.9,28.713000000000058,-1.8130000000000592
56742,39.2,38.897500000000065,0.30249999999993804
02652,27.0,27.92349999999999,-0.92349999999999
47885,41.0,36.99499999999994,4.005000000000059
72930,39.8,43.17700000000008,-3.3770000000000806
74054,48.4,42.50899999999997,5.891000000000027
98605,33.4,29.512999999999963,3.887000000000036
36453,40.7,39.68400000000001,1.0159999999999911
52649,38.1,37.0195,1.0805000000000007
73761,37.6,41.509000000000015,-3.909000000000013
05154,24.4,30.12199999999999,-5.721999999999991
25632,43.6,42.41450000000002,1.1854999999999833
66782,41.7,37.96249999999996,3.73750000000004
23831,37.2,35.490000000000066,1.709999999999937
84037,31.2,25.607999999999997,5.592000000000002
92389,31.1,36.97,-5.869999999999997
66042,39.8,38.387499999999974,1.4125000000000227
65020,37.3,38.77150000000002,-1.4715000000000202
28076,37.8,39.66850000000002,-1.8685000000000258
79118,35.9,36.62650000000002,-0.7265000000000228
56009,36.2,39.34450000000002,-3.144500000000015
37601,38.0,34.562500000000014,3.437499999999986
29819,40.5,40.844499999999975,-0.34449999999997516
83834,31.3,32.88349999999999,-1.5834999999999901
46798,37.1,30.636500000000005,6.463499999999996
97842,34.1,32.802,1.2980000000000018
14475,33.2,34.84950000000005,-1.649500000000046
30824,39.5,40.33600000000002,-0.8360000000000198
64784,37.2,38.54599999999998,-1.3459999999999752
04096,26.1,25.477500000000013,0.6224999999999881
48141,46.3,44.34649999999992,1.9535000000000764
30809,31.1,27.851999999999975,3.248000000000026
87566,41.5,39.66599999999998,1.8340000000000174
70037,36.4,37.18850000000002,-0.7885000000000204
59531,34.2,37.63449999999995,-3.43449999999995
45677,44.0,42.203499999999984,1.796500000000016
25204,49.8,47.28849999999997,2.5115000000000265
53189,34.7,31.701499999999967,2.9985000000000355
87523,42.7,43.8945,-1.194499999999998
66092,38.9,37.162499999999966,1.7375000000000327
98121,20.3,21.654999999999976,-1.3549999999999756
24421,39.4,35.499999999999936,3.9000000000000625
63121,43.0,43.45950000000007,-0.4595000000000695
14105,38.6,37.765999999999956,0.8340000000000458
87701,37.7,39.29950000000006,-1.5995000000000559
97089,34.1,28.510999999999967,5.589000000000034
27956,36.9,35.58099999999999,1.3190000000000097
55437,25.3,29.12299999999997,-3.8229999999999684
47859,40.8,38.368999999999986,2.4310000000000116
73568,42.9,40.788000000000046,2.111999999999952
56113,39.2,38.573499999999974,0.6265000000000285
08247,29.0,27.934499999999975,1.065500000000025
58833,36.0,38.45549999999998,-2.4554999999999794
87579,29.4,38.97950000000004,-9.579500000000039
95525,30.4,30.488000000000085,-0.08800000000008623
33903,30.5,32.704,-2.2040000000000006
43224,40.4,37.666999999999945,2.733000000000054
25670,44.3,48.190500000000036,-3.8905000000000385
24974,42.7,41.90500000000004,0.7949999999999662
26288,42.7,44.38500000000005,-1.685000000000045
48413,39.7,38.35649999999996,1.3435000000000414
54964,41.1,38.043500000000044,3.056499999999957
30228,44.3,35.248000000000026,9.051999999999971
02744,36.5,37.881000000000014,-1.3810000000000144
24412,37.4,38.82599999999999,-1.4259999999999948
30607,33.5,38.318999999999974,-4.818999999999974
76432,33.5,36.965500000000034,-3.465500000000034
43782,37.3,40.87699999999998,-3.576999999999984
79245,39.4,40.595499999999966,-1.1954999999999671
38058,42.0,39.36149999999992,2.6385000000000787
81089,29.1,36.39400000000003,-7.294000000000025
28609,36.7,31.022500000000008,5.677499999999995
96073,26.6,29.710999999999995,-3.1109999999999935
32361,34.8,39.700000000000024,-4.900000000000027
05760,29.2,33.19400000000007,-3.9940000000000673
98260,30.7,22.97300000000004,7.726999999999958
95252,30.1,35.088500000000046,-4.988500000000045
47711,38.3,37.58550000000006,0.7144999999999371
71040,47.0,46.23399999999995,0.766000000000048
59520,35.7,36.350000000000016,-0.6500000000000128
80422,25.9,25.45250000000002,0.44749999999998025
53217,30.3,28.41350000000005,1.8864999999999519
94595,22.1,28.54749999999998,-6.44749999999998
36576,34.8,35.56599999999996,-0.7659999999999627
72951,38.4,40.0325,-1.6325000000000003
81144,29.2,34.6695,-5.4695
97457,39.9,36.413000000000004,3.4869999999999948
71019,43.7,43.69249999999991,0.007500000000092655
99353,35.1,27.580000000000023,7.519999999999978
77430,35.7,40.75050000000003,-5.050500000000028
99824,35.5,27.730999999999984,7.769000000000016
70770,29.9,30.739999999999988,-0.8399999999999892
28581,35.3,30.502000000000056,4.797999999999941
13116,36.1,33.887000000000015,2.2129999999999868
64442,40.3,41.229000000000006,-0.9290000000000092
23130,35.0,37.77100000000007,-2.771000000000072
24131,38.3,38.813500000000005,-0.5135000000000076
94579,20.8,34.22700000000005,-13.427000000000046
75757,33.5,39.42450000000001,-5.924500000000009
73027,37.9,36.45799999999995,1.44200000000005
95482,29.3,36.184,-6.883999999999997
12122,32.6,35.162000000000006,-2.5620000000000047
52328,33.5,29.38449999999998,4.115500000000019
79119,32.5,29.873,2.626999999999999
89046,33.4,41.3775,-7.977499999999999
55043,34.2,30.365499999999983,3.83450000000002
52755,32.8,34.303999999999974,-1.5039999999999765
91042,26.3,30.140500000000042,-3.8405000000000413
81050,33.9,38.79900000000006,-4.899000000000065
01756,30.9,30.707999999999974,0.19200000000002504
22931,30.4,35.65499999999996,-5.25499999999996
52306,41.4,39.73349999999997,1.6665000000000276
23879,44.7,40.68049999999998,4.019500000000022
39652,49.0,49.03999999999994,-0.039999999999942304
95054,18.4,27.853000000000012,-9.453000000000014
61563,39.5,36.56950000000003,2.9304999999999666
84065,28.8,25.911499999999993,2.8885000000000076
11702,28.4,28.677999999999944,-0.2779999999999454
73448,39.1,42.32799999999991,-3.227999999999909
58642,37.6,36.04249999999999,1.5575000000000117
74434,40.3,40.93249999999993,-0.6324999999999363
37862,38.7,38.346499999999985,0.35350000000001813
13678,43.0,39.37999999999999,3.6200000000000117
64480,36.6,36.861999999999995,-0.26199999999999335
46914,47.5,35.746999999999964,11.753000000000036
06067,26.7,28.515499999999975,-1.8154999999999752
91364,23.2,25.157500000000013,-1.9575000000000138
97227,29.2,24.120000000000022,5.079999999999977
97352,41.2,30.4655,10.734500000000004
68104,40.9,37.06349999999998,3.836500000000015
95013,31.4,39.00500000000002,-7.605000000000018
67132,40.1,39.164500000000004,0.9354999999999976
65326,39.3,40.36399999999996,-1.0639999999999645
27104,36.1,27.903999999999975,8.196000000000026
44138,29.8,29.612999999999957,0.1870000000000438
43350,38.3,38.524999999999956,-0.2249999999999588
74058,39.0,39.90950000000005,-0.909500000000051
20660,41.8,32.60100000000004,9.198999999999955
21837,39.7,37.36499999999993,2.335000000000072
59421,34.9,33.60500000000004,1.294999999999959
60532,28.6,29.531,-0.9309999999999974
31315,28.5,35.902499999999975,-7.402499999999975
23842,38.5,35.319500000000005,3.180499999999995
93550,32.3,33.235000000000056,-0.9350000000000591
99771,45.5,41.609500000000004,3.890499999999996
07302,20.6,26.11500000000003,-5.515000000000029
39154,36.1,36.906500000000044,-0.8065000000000424
56443,37.6,35.79000000000002,1.809999999999981
39503,36.8,31.777499999999968,5.022500000000029
45332,36.6,38.51250000000001,-1.9125000000000085
50540,36.3,37.66200000000002,-1.3620000000000232
05261,31.9,32.09149999999999,-0.19149999999999068
61722,38.9,38.606999999999985,0.29300000000001347
65449,40.1,39.61249999999999,0.48750000000001137
31211,45.8,41.132,4.667999999999999
31563,41.2,42.471500000000034,-1.2715000000000316
13065,35.2,34.833000000000034,0.3669999999999689
05776,29.8,29.666000000000036,0.13399999999996481
68659,36.9,38.07000000000008,-1.1700000000000799
47989,38.8,37.45050000000003,1.3494999999999706
24378,39.0,38.65400000000004,0.345999999999961
12037,29.3,33.528500000000015,-4.228500000000015
24881,50.3,48.85199999999999,1.4480000000000075
48430,33.8,32.65250000000004,1.1474999999999582
81403,27.5,32.319,-4.819000000000003
06360,35.1,37.89299999999999,-2.792999999999985
78674,35.4,38.12649999999998,-2.72649999999998
77623,35.3,41.43800000000008,-6.138000000000083
76887,34.9,39.5595,-4.659500000000001
25021,51.1,47.574000000000034,3.525999999999968
71676,50.7,49.131999999999934,1.568000000000069
47250,37.1,34.726500000000044,2.3734999999999573
74761,43.0,39.261499999999984,3.738500000000016
70006,37.9,34.18500000000002,3.714999999999982
25545,42.9,39.26049999999997,3.6395000000000266
31905,30.6,29.816499999999998,0.7835000000000036
44278,34.3,29.656499999999998,4.6434999999999995
48103,26.2,22.90699999999999,3.29300000000001
66548,37.8,39.063999999999986,-1.2639999999999887
27819,46.9,41.10049999999997,5.79950000000003
43619,39.6,36.516999999999946,3.0830000000000553
95066,24.0,24.011500000000016,-0.011500000000015831
08034,24.9,29.873500000000014,-4.973500000000016
30667,36.1,39.82900000000002,-3.7290000000000205
45349,38.6,37.76449999999997,0.8355000000000317
39082,39.2,41.520999999999965,-2.3209999999999624
87035,35.0,37.33500000000006,-2.3350000000000577
75146,41.8,39.20999999999993,2.5900000000000674
31803,41.2,41.75849999999998,-0.5584999999999738
44041,44.5,42.50249999999996,1.9975000000000378
04925,36.6,35.39450000000002,1.2054999999999794
67860,37.6,37.24600000000001,0.3539999999999921
27540,28.1,27.63499999999997,0.46500000000003183
78258,27.7,32.650999999999975,-4.950999999999976
98381,32.3,34.283499999999975,-1.983499999999978
68106,33.9,27.619499999999995,6.2805000000000035
36047,50.0,42.049,7.9510000000000005
46071,35.4,31.24900000000004,4.150999999999957
53726,29.3,31.63750000000003,-2.3375000000000306
43940,41.0,40.72200000000004,0.27799999999996317
83814,31.4,31.164999999999928,0.23500000000007049
06512,33.7,34.190000000000076,-0.49000000000007304
10512,27.9,32.69349999999998,-4.79349999999998
92879,36.2,32.61500000000003,3.5849999999999724
32333,39.9,30.44850000000001,9.451499999999989
39755,45.8,41.512000000000015,4.2879999999999825
52803,42.3,34.25600000000004,8.043999999999954
23310,39.7,39.820500000000024,-0.12050000000002115
72058,39.6,35.74500000000001,3.8549999999999898
75116,38.3,42.86600000000006,-4.566000000000059
32222,36.2,36.67999999999994,-0.47999999999994003
21643,43.5,38.29749999999993,5.202500000000072
94566,20.4,24.00849999999999,-3.6084999999999923
29481,41.1,41.91099999999993,-0.8109999999999289
54963,40.4,36.44750000000002,3.9524999999999793
62701,45.0,36.37399999999995,8.626000000000047
55057,32.5,28.068499999999972,4.431500000000028
56522,36.1,36.583499999999994,-0.48349999999999227
72359,49.3,44.42200000000007,4.877999999999929
85193,41.9,40.20750000000003,1.692499999999967
22733,38.1,34.11799999999995,3.982000000000049
14533,36.0,39.85550000000002,-3.8555000000000206
37819,46.0,42.2805,3.7194999999999965
11942,30.0,34.01149999999999,-4.011499999999991
07109,26.2,32.51900000000003,-6.3190000000000275
60046,33.3,30.060499999999983,3.239500000000014
68701,39.7,39.23,0.47000000000000597
74636,34.9,38.97049999999997,-4.070499999999974
95125,25.9,31.290500000000012,-5.390500000000014
99151,35.8,36.946500000000015,-1.1465000000000174
51452,38.5,38.48549999999998,0.014500000000019497
73028,40.2,38.675999999999924,1.524000000000079
82839,31.0,34.372500000000045,-3.372500000000045
58621,37.6,37.533499999999975,0.0665000000000262
33408,22.8,27.00449999999998,-4.204499999999978
38639,52.3,49.32749999999998,2.972500000000018
52209,42.0,36.376000000000026,5.623999999999974
37190,42.8,38.353500000000075,4.446499999999922
12060,29.8,30.703000000000007,-0.9030000000000058
96108,33.1,39.350000000000016,-6.250000000000014
77461,34.2,36.96550000000002,-2.765500000000017
13815,36.5,36.177999999999955,0.32200000000004536
04109,26.6,27.774500000000007,-1.1745000000000054
35179,36.1,37.30400000000004,-1.2040000000000362
34471,35.0,31.046999999999997,3.953000000000003
32405,33.4,35.696,-2.2959999999999994
30803,37.9,40.759500000000045,-2.859500000000047
03588,35.5,35.6185,-0.11849999999999739
13302,38.4,38.93199999999999,-0.5319999999999894
78732,26.6,23.119999999999994,3.4800000000000075
47853,43.8,41.67850000000005,2.1214999999999478
56180,34.1,34.620500000000014,-0.5205000000000126
78376,41.0,48.157999999999966,-7.157999999999966
53142,38.8,34.50799999999997,4.29200000000003
21835,38.2,36.769999999999925,1.4300000000000779
72632,37.1,44.20400000000001,-7.104000000000006
52660,34.6,37.21300000000004,-2.613000000000035
75220,38.4,39.36900000000001,-0.9690000000000083
37167,39.0,36.57949999999995,2.4205000000000467
61036,34.7,28.65999999999995,6.040000000000052
14413,37.1,35.08900000000003,2.0109999999999744
55411,37.4,36.99600000000004,0.40399999999996083
28909,36.9,35.08649999999998,1.813500000000019
04691,39.8,38.52149999999997,1.2785000000000295
75770,33.8,37.760500000000036,-3.9605000000000388
14881,25.4,30.213500000000025,-4.813500000000026
45306,38.4,37.74549999999995,0.6545000000000485
93706,44.9,45.21350000000001,-0.3135000000000119
22015,23.7,30.671500000000005,-6.971500000000006
55052,37.5,37.26349999999998,0.2365000000000208
61414,35.5,33.04950000000001,2.450499999999991
34685,28.9,27.130499999999966,1.7695000000000327
67060,38.4,34.97999999999997,3.42000000000003
74561,41.5,42.39299999999996,-0.892999999999958
65349,40.7,44.62449999999993,-3.9244999999999237
61080,40.3,35.51000000000001,4.789999999999985
60422,31.4,29.5645,1.8354999999999997
70352,44.2,44.828999999999915,-0.6289999999999125
37050,38.5,36.058499999999945,2.4415000000000546
67010,39.8,34.684000000000005,5.1159999999999926
46779,35.7,34.97249999999998,0.7275000000000205
39361,45.7,46.169000000000025,-0.4690000000000225
60951,40.3,37.80599999999998,2.494000000000014
75492,36.6,35.89899999999997,0.7010000000000289
57054,34.1,35.593999999999966,-1.4939999999999642
85377,25.9,23.447500000000026,2.452499999999972
35453,42.2,36.11199999999998,6.088000000000022
62885,38.5,36.21349999999994,2.2865000000000606
60043,23.1,18.323000000000032,4.776999999999969
57769,31.6,32.18400000000004,-0.5840000000000387
48309,28.8,27.00450000000001,1.7954999999999899
32321,45.7,40.71299999999994,4.987000000000066
57348,35.1,37.39799999999993,-2.2979999999999308
73030,42.3,43.79350000000003,-1.493500000000033
91962,26.7,32.537999999999954,-5.837999999999955
30234,41.2,40.597499999999975,0.6025000000000276
04469,24.0,24.140500000000017,-0.14050000000001717
12921,33.9,36.42900000000006,-2.5290000000000603
75457,35.5,35.56250000000008,-0.06250000000007816
26676,40.0,40.67800000000004,-0.6780000000000399
57479,35.9,35.484000000000016,0.4159999999999826
38358,40.3,37.09749999999996,3.202500000000036
32305,41.9,42.77350000000001,-0.8735000000000142
87083,34.1,36.45149999999996,-2.351499999999959
72949,40.0,43.48850000000006,-3.4885000000000588
39428,40.9,41.599499999999914,-0.6994999999999152
34291,32.4,33.247999999999976,-0.8479999999999777
80105,27.7,31.691499999999966,-3.9914999999999665
46792,38.8,36.42699999999991,2.37300000000009
06027,29.9,32.04050000000006,-2.14050000000006
56362,35.5,35.33400000000003,0.1659999999999684
33905,32.7,32.19199999999995,0.5080000000000524
97449,32.8,32.07950000000003,0.7204999999999657
80720,26.1,30.37,-4.27
84622,30.9,39.21700000000006,-8.317000000000064
14035,30.7,35.888000000000005,-5.188000000000006
21622,37.5,39.613499999999966,-2.1134999999999664
84724,37.4,34.91850000000002,2.4814999999999756
12863,38.8,37.05350000000001,1.7464999999999904
77978,33.9,40.357500000000066,-6.457500000000067
21227,34.1,36.44349999999994,-2.343499999999942
44721,38.0,34.508500000000005,3.491499999999995
74940,40.7,41.944000000000024,-1.244000000000021
50577,43.1,37.69199999999999,5.408000000000008
74558,39.4,45.97499999999995,-6.574999999999953
96734,26.4,26.04700000000001,0.3529999999999873
52572,42.5,38.673000000000044,3.8269999999999555
24318,36.7,35.05100000000001,1.6489999999999938
24599,40.3,38.39399999999996,1.9060000000000343
38551,41.0,42.363500000000066,-1.3635000000000659
55785,34.8,38.21549999999998,-3.41549999999998
60623,40.0,30.224500000000003,9.775499999999997
49431,40.3,35.77999999999994,4.52000000000006
37160,45.4,39.918000000000035,5.481999999999964
74864,43.3,40.963,2.336999999999996
45701,35.0,33.17449999999999,1.8255000000000123
29685,35.8,32.73049999999999,3.069500000000005
45419,32.3,33.10550000000008,-0.8055000000000803
78535,37.9,39.62499999999997,-1.724999999999973
50075,36.9,34.418999999999976,2.481000000000023
35760,40.5,35.85399999999991,4.646000000000093
13796,32.3,37.412500000000016,-5.1125000000000185
50243,33.7,30.74350000000004,2.956499999999963
75928,45.9,43.31600000000005,2.5839999999999463
32205,33.7,32.83499999999998,0.8650000000000233
64628,35.5,40.287500000000044,-4.787500000000044
75062,33.4,35.89400000000004,-2.4940000000000424
58731,42.3,36.82000000000002,5.479999999999976
99014,31.5,27.429000000000034,4.070999999999966
52242,28.8,30.851499999999977,-2.051499999999976
11542,31.4,34.51050000000002,-3.110500000000023
94805,28.9,34.45600000000002,-5.556000000000019
43046,35.6,35.343000000000046,0.25699999999995526
43070,42.0,40.565500000000064,1.434499999999936
75980,38.6,39.821,-1.2209999999999965
24954,41.1,45.571500000000015,-4.471500000000013
07503,36.4,46.85199999999998,-10.451999999999984
33527,32.8,36.038000000000004,-3.2380000000000067
02804,29.3,30.398000000000007,-1.098000000000006
81505,28.0,30.42249999999993,-2.4224999999999284
25036,42.2,41.52050000000002,0.6794999999999831
98585,38.8,35.16349999999992,3.6365000000000762
72052,42.0,40.27400000000002,1.7259999999999778
21702,36.5,32.855499999999985,3.644500000000015
06262,33.6,39.97649999999994,-6.376499999999936
46128,39.3,37.758500000000005,1.541499999999992
53517,34.9,34.81199999999994,0.08800000000005781
76164,39.2,49.02900000000004,-9.829000000000036
38019,46.7,38.25600000000006,8.443999999999946
83805,33.3,36.482999999999926,-3.1829999999999288
78344,44.6,47.43099999999993,-2.830999999999932
07604,27.0,34.569499999999955,-7.569499999999955
78573,44.5,40.50100000000005,3.9989999999999526
91405,29.3,35.22699999999995,-5.926999999999946
49349,40.1,39.6195,0.48049999999999926
93723,33.4,37.35949999999994,-3.9594999999999416
58011,34.7,31.034000000000027,3.6659999999999755
43209,31.9,28.418000000000028,3.481999999999971
35235,40.6,39.08450000000002,1.5154999999999816
52362,40.8,37.95600000000003,2.8439999999999657
78009,38.6,39.416499999999985,-0.8164999999999836
66780,38.9,38.99250000000003,-0.09250000000002956
65333,34.7,40.180499999999995,-5.480499999999992
78382,35.7,39.6555,-3.9555000000000007
59058,33.0,32.27150000000002,0.7284999999999826
71852,40.0,41.56650000000005,-1.5665000000000475
47515,36.4,35.131,1.2689999999999984
29316,36.6,32.62199999999995,3.9780000000000513
35570,41.2,38.8875,2.3125
04634,32.3,33.30550000000002,-1.0055000000000263
01063,13.9,21.311000000000035,-7.411000000000035
06610,35.0,42.47650000000005,-7.476500000000051
61830,37.7,33.77150000000001,3.9284999999999926
81059,29.8,34.18250000000006,-4.382500000000061
73021,39.8,40.07550000000003,-0.2755000000000294
33127,35.9,42.63450000000005,-6.734500000000054
05777,35.7,32.439999999999934,3.260000000000069
99034,35.3,35.172999999999966,0.12700000000003087
53072,32.8,31.668499999999952,1.1315000000000452
23188,32.0,28.199999999999992,3.800000000000008
29332,34.9,39.12550000000007,-4.225500000000075
13147,33.9,35.89950000000005,-1.9995000000000545
30043,32.9,29.018999999999963,3.8810000000000358
74023,41.5,42.252999999999865,-0.7529999999998651
89115,38.8,35.56250000000002,3.237499999999976
05664,28.7,32.201000000000015,-3.5010000000000154
19808,30.2,32.28350000000006,-2.083500000000061
78361,44.8,51.4324999999999,-6.632499999999901
45711,37.1,36.701500000000024,0.3984999999999772
07844,30.5,36.13100000000004,-5.631000000000043
47928,41.0,39.03499999999998,1.9650000000000176
56474,37.2,37.86250000000005,-0.662500000000044
81335,25.6,32.765000000000036,-7.165000000000035
46127,40.7,37.15199999999993,3.548000000000073
74429,36.7,36.446000000000005,0.2539999999999978
33572,28.4,31.144999999999946,-2.7449999999999477
62238,38.6,34.82899999999993,3.771000000000072
68462,33.9,26.931999999999974,6.968000000000025
23836,36.4,34.85849999999996,1.5415000000000418
72073,41.1,42.60049999999999,-1.5004999999999882
76018,33.0,36.42300000000007,-3.423000000000073
06350,33.2,38.95949999999996,-5.75949999999996
25271,43.1,43.63299999999997,-0.5329999999999657
39309,26.6,27.889499999999995,-1.2894999999999932
49249,35.1,32.938000000000024,2.1619999999999777
44010,40.5,37.279,3.2209999999999965
92867,24.7,28.701,-4.001000000000001
23690,37.2,34.71750000000009,2.4824999999999093
99550,40.6,39.85400000000005,0.7459999999999525
59801,27.0,28.120500000000042,-1.1205000000000425
93223,39.2,44.30700000000001,-5.107000000000006
78260,29.0,30.58750000000001,-1.5875000000000092
44555,33.3,38.394500000000015,-5.094500000000018
28138,35.6,36.12299999999996,-0.5229999999999606
02215,17.8,25.73049999999997,-7.93049999999997
12583,28.4,30.831000000000046,-2.431000000000047
55104,33.2,25.500500000000017,7.699499999999986
21140,31.5,26.53599999999998,4.96400000000002
49601,38.7,34.60600000000001,4.093999999999994
20854,20.6,24.014,-3.413999999999998
49891,36.1,37.95149999999997,-1.851499999999966
57231,34.5,36.783499999999954,-2.283499999999954
65727,38.4,38.908500000000046,-0.5085000000000477
83619,31.6,37.11900000000008,-5.5190000000000765
28211,26.0,31.587499999999974,-5.587499999999974
14168,39.8,41.12399999999995,-1.3239999999999554
54480,45.5,40.14850000000002,5.35149999999998
90034,22.6,22.418500000000016,0.18149999999998556
55378,31.3,32.326499999999996,-1.026499999999995
96025,32.4,36.754499999999986,-4.354499999999987
98019,24.3,20.565999999999995,3.7340000000000053
87511,39.3,39.58349999999999,-0.2834999999999894
07724,31.9,31.217500000000015,0.6824999999999832
48185,34.0,34.58849999999999,-0.5884999999999891
62501,39.3,34.53199999999995,4.76800000000005
49721,40.8,33.896,6.903999999999996
50469,39.9,37.61999999999999,2.2800000000000082
58472,38.4,34.87899999999997,3.521000000000029
60085,40.6,32.68150000000001,7.9184999999999945
92860,36.6,30.309500000000018,6.290499999999984
47172,40.9,34.435,6.464999999999996
22602,37.8,34.77149999999999,3.028500000000008
39040,44.8,43.76849999999997,1.0315000000000296
56152,36.9,39.08400000000004,-2.18400000000004
73432,39.4,41.74050000000005,-2.3405000000000484
05350,31.3,30.919500000000056,0.38049999999994455
58338,37.2,31.292,5.908000000000001
97420,33.9,31.469500000000007,2.4304999999999914
83801,32.3,30.648000000000046,1.6519999999999513
03443,29.5,31.883999999999965,-2.383999999999965
06798,26.2,29.276500000000006,-3.0765000000000065
57034,37.4,38.01550000000001,-0.6155000000000115
73944,40.8,36.88550000000006,3.91449999999994
10017,14.9,26.204499999999992,-11.304499999999992
83639,32.5,38.98750000000001,-6.487500000000011
94304,19.2,26.721,-7.521000000000001
29532,47.1,41.392999999999994,5.707000000000008
66740,38.0,36.89050000000003,1.1094999999999686
91905,32.7,39.65900000000005,-6.959000000000046
54141,41.8,37.305,4.494999999999997
65744,38.4,40.633500000000026,-2.233500000000028
10977,36.1,37.67599999999995,-1.5759999999999508
07719,30.1,29.0735,1.0265000000000022
13649,41.4,38.162999999999954,3.2370000000000445
13901,35.4,35.59450000000001,-0.1945000000000121
98258,31.7,25.906000000000034,5.793999999999965
49021,39.4,35.53150000000001,3.8684999999999903
95670,29.5,32.41000000000001,-2.910000000000011
44050,35.9,37.240000000000066,-1.3400000000000674
10022,15.2,22.77500000000001,-7.57500000000001
56468,35.3,34.71899999999995,0.5810000000000457
08046,37.4,33.148500000000034,4.2514999999999645
44818,37.2,37.97100000000003,-0.7710000000000292
89704,27.8,27.621499999999983,0.17850000000001742
48627,38.8,36.35300000000005,2.446999999999946
84340,30.8,28.144999999999953,2.6550000000000473
55982,38.1,35.54550000000004,2.554499999999962
48197,30.5,24.476500000000037,6.023499999999963
36583,39.6,39.26750000000008,0.33249999999992497
71462,46.2,42.60350000000005,3.5964999999999563
43764,40.4,40.12499999999994,0.2750000000000554
87575,39.2,38.782499999999985,0.4175000000000182
76258,35.7,36.55199999999999,-0.8519999999999897
50665,39.0,38.30300000000002,0.6969999999999814
73119,44.8,43.48050000000006,1.319499999999934
52626,39.4,35.211500000000015,4.1884999999999835
23009,35.1,30.812000000000015,4.287999999999986
26424,42.7,41.980000000000075,0.7199999999999278
23307,44.8,40.70449999999998,4.0955000000000155
72025,39.5,40.61250000000005,-1.112500000000047
61368,36.9,34.328000000000024,2.5719999999999743
59086,28.7,31.94450000000001,-3.2445000000000093
12108,30.6,36.82299999999995,-6.222999999999949
85263,26.2,27.866499999999995,-1.6664999999999957
49680,39.8,38.043000000000006,1.7569999999999908
91306,26.7,31.843999999999955,-5.143999999999956
34232,31.0,29.397000000000002,1.602999999999998
46037,32.2,27.555500000000016,4.6444999999999865
97603,37.0,32.885999999999974,4.114000000000026
56710,39.8,36.87249999999993,2.927500000000066
14741,35.5,37.86750000000002,-2.367500000000021
29571,45.8,42.187500000000036,3.6124999999999616
32534,36.7,32.81350000000002,3.886499999999984
65667,42.3,43.36850000000002,-1.0685000000000215
98819,31.5,34.09250000000003,-2.5925000000000296
30733,37.1,40.88550000000003,-3.7855000000000274
94301,20.9,25.230500000000006,-4.330500000000008
70426,46.8,45.275,1.5249999999999986
43963,42.0,41.374500000000054,0.6254999999999455
33705,37.2,34.54299999999995,2.6570000000000533
30180,34.2,35.279999999999994,-1.0799999999999912
47043,40.6,39.47500000000004,1.1249999999999645
92833,22.7,34.29149999999995,-11.59149999999995
35124,31.9,32.14950000000002,-0.24950000000001893
11581,29.0,33.91650000000005,-4.916500000000049
47983,28.7,29.274500000000018,-0.5745000000000182
79508,31.7,34.74849999999999,-3.0484999999999935
65109,36.0,37.43150000000001,-1.4315000000000069
92058,24.8,28.118999999999936,-3.318999999999935
92625,21.5,25.873999999999953,-4.373999999999953
06414,28.7,32.39549999999998,-3.695499999999978
26662,41.5,43.55300000000004,-2.05300000000004
13207,44.5,34.679500000000026,9.820499999999974
30741,37.5,37.19249999999999,0.30750000000001165
45826,33.2,37.12549999999998,-3.9254999999999782
28715,32.7,34.81799999999994,-2.117999999999938
75764,33.4,38.97399999999999,-5.573999999999991
64788,37.6,40.02800000000004,-2.42800000000004
12847,29.6,34.88649999999998,-5.286499999999975
71958,38.6,40.49550000000007,-1.8955000000000695
77857,36.6,39.046499999999995,-2.4464999999999932
62460,38.8,37.99950000000001,0.8004999999999853
04353,33.5,33.29900000000003,0.2009999999999721
55711,40.7,37.07149999999999,3.6285000000000096
64134,43.4,38.900499999999994,4.499500000000005
23114,32.4,28.653000000000016,3.746999999999982
98901,41.4,38.47200000000004,2.9279999999999617
54135,44.8,41.345999999999975,3.454000000000022
88244,37.8,35.09250000000002,2.7074999999999747
77483,35.5,37.31699999999999,-1.816999999999993
21917,40.2,37.46049999999995,2.7395000000000493
36009,40.1,39.660000000000025,0.4399999999999764
53221,35.9,37.7545,-1.8545000000000016
58058,39.0,37.589000000000055,1.4109999999999445
96006,33.5,39.68199999999994,-6.181999999999938
99639,35.0,36.62050000000003,-1.6205000000000283
31038,37.6,37.989499999999985,-0.38949999999998397
21921,42.0,35.79799999999999,6.202000000000012
39208,41.6,38.110000000000014,3.489999999999988
33928,26.4,29.422000000000015,-3.0220000000000162
03823,31.5,28.74800000000003,2.7519999999999705
74034,41.4,42.78449999999995,-1.384499999999953
62059,54.6,46.22200000000001,8.377999999999993
54733,39.5,39.23999999999994,0.26000000000006196
27889,38.6,35.48249999999997,3.117500000000028
55967,37.1,35.74200000000002,1.3579999999999828
37658,39.4,42.583500000000015,-3.1835000000000164
87832,37.1,38.23850000000006,-1.1385000000000574
47020,40.5,38.36600000000006,2.1339999999999435
78390,43.0,45.323000000000064,-2.3230000000000643
81526,29.4,28.141499999999997,1.2585000000000015
75846,36.9,38.05300000000003,-1.1530000000000342
62320,38.0,35.402500000000025,2.5974999999999753
46635,32.1,32.70799999999995,-0.6079999999999472
94720,19.5,30.429500000000004,-10.929500000000004
50449,43.2,36.66300000000002,6.536999999999985
37145,38.8,37.10000000000008,1.6999999999999176
30248,42.4,35.99099999999999,6.409000000000006
99623,39.0,34.49899999999999,4.501000000000012
33838,46.4,45.33449999999998,1.0655000000000214
37820,37.0,38.874500000000026,-1.874500000000026
03466,29.9,29.141999999999992,0.7580000000000062
63471,34.5,37.324500000000015,-2.8245000000000147
45002,33.3,35.00750000000004,-1.7075000000000458
59736,29.6,37.44299999999994,-7.84299999999994
45656,43.3,39.59699999999997,3.7030000000000243
01929,27.2,26.72599999999993,0.4740000000000677
66223,27.9,29.10949999999998,-1.2094999999999807
19733,34.1,36.77850000000002,-2.678500000000021
71921,39.8,40.304500000000054,-0.504500000000057
30067,29.8,32.105499999999985,-2.3054999999999843
08345,36.2,38.19850000000005,-1.9985000000000497
08401,37.9,40.06849999999995,-2.168499999999952
13153,33.4,26.622500000000013,6.777499999999986
66106,40.0,39.30199999999998,0.6980000000000217
43557,39.7,37.35000000000002,2.34999999999998
84521,30.5,32.46900000000003,-1.9690000000000296
75102,37.2,39.80199999999999,-2.6019999999999897
92841,22.9,35.047,-12.146999999999998
80833,31.2,37.16299999999992,-5.962999999999919
49961,33.4,37.364499999999936,-3.964499999999937
87124,31.8,31.37250000000001,0.42749999999999133
54410,40.9,39.237500000000004,1.6624999999999943
45314,29.8,23.968000000000007,5.831999999999994
84734,34.4,34.12599999999999,0.274000000000008
35211,45.9,42.772500000000015,3.1274999999999835
64481,40.9,41.73799999999995,-0.8379999999999512
22436,46.7,40.65499999999997,6.04500000000003
73120,35.8,32.54699999999994,3.253000000000057
33573,26.8,32.716499999999975,-5.916499999999974
54613,40.8,39.34000000000001,1.4599999999999866
13780,37.0,38.417000000000044,-1.4170000000000442
49274,39.4,38.63199999999999,0.7680000000000078
92620,17.7,26.868999999999982,-9.168999999999983
30427,39.9,41.129999999999974,-1.2299999999999756
62640,38.5,38.02900000000007,0.4709999999999326
57455,36.7,37.37500000000005,-0.6750000000000469
78163,34.3,31.89849999999998,2.4015000000000164
33812,36.0,33.71450000000002,2.2854999999999777
21045,33.5,28.458999999999968,5.041000000000032
68355,45.3,39.50649999999998,5.793500000000016
84667,29.0,33.2665,-4.266500000000001
79928,34.4,33.66149999999999,0.738500000000009
07003,25.8,34.78300000000002,-8.983000000000022
55448,36.5,34.90800000000001,1.5919999999999916
60949,34.0,32.078999999999986,1.9210000000000136
72338,47.3,42.888500000000064,4.411499999999933
75494,34.8,37.90900000000002,-3.109000000000023
21794,28.3,26.10650000000002,2.1934999999999825
68039,47.2,41.56649999999994,5.633500000000062
08731,29.0,29.861999999999995,-0.8619999999999948
65614,38.5,37.29399999999994,1.20600000000006
55902,33.9,26.777500000000053,7.122499999999945
34233,29.3,30.624000000000056,-1.324000000000055
28553,35.5,32.53249999999997,2.9675000000000296
29572,30.6,32.812,-2.211999999999996
65761,41.8,43.41399999999992,-1.6139999999999262
53526,40.6,38.91849999999997,1.6815000000000282
98178,25.1,28.579000000000004,-3.4790000000000028
62410,38.9,36.39649999999994,2.5035000000000593
07927,21.8,31.68299999999994,-9.882999999999939
62279,37.7,34.02549999999996,3.6745000000000445
12950,33.6,33.065000000000005,0.5349999999999966
63874,42.0,41.83500000000001,0.16499999999999204
38036,42.5,42.882499999999915,-0.382499999999915
94025,22.5,25.110499999999988,-2.6104999999999876
21561,36.8,38.69299999999994,-1.8929999999999438
82720,32.5,37.63150000000008,-5.131500000000081
11970,27.3,38.42950000000002,-11.129500000000018
39209,50.3,44.80849999999997,5.4915000000000305
63368,34.7,30.63000000000003,4.069999999999972
20716,39.7,31.671499999999988,8.028500000000015
59466,34.2,38.62199999999995,-4.421999999999947
29631,31.9,30.35749999999998,1.5425000000000182
33896,36.8,31.004000000000005,5.795999999999992
76084,34.6,35.32850000000002,-0.7285000000000181
68817,41.5,39.40600000000002,2.09399999999998
61435,37.5,36.719,0.7809999999999988
44141,27.9,25.84450000000004,2.0554999999999595
24121,35.1,33.2145,1.8855000000000004
37330,35.2,37.80950000000005,-2.609500000000047
99173,36.1,35.232000000000006,0.867999999999995
50276,36.2,33.56449999999999,2.6355000000000146
73736,42.9,40.33350000000004,2.566499999999955
43910,41.7,40.829499999999946,0.8705000000000567
54162,41.0,38.4215,2.5784999999999982
24413,34.7,35.51400000000005,-0.8140000000000498
43760,39.0,39.65000000000009,-0.650000000000091
44023,30.8,31.08899999999999,-0.2889999999999908
83118,35.4,35.60049999999998,-0.2004999999999839
83851,36.6,39.87449999999995,-3.2744999999999465
20190,24.0,27.720499999999983,-3.7204999999999835
53571,36.0,34.68300000000005,1.3169999999999504
84655,31.8,25.796499999999973,6.003500000000027
21028,32.9,28.478500000000007,4.421499999999991
01921,26.2,26.565499999999993,-0.3654999999999937
95818,27.6,26.293000000000003,1.3069999999999986
21212,32.3,30.522500000000015,1.777499999999982
28340,49.1,43.433,5.667000000000002
71261,45.0,46.485499999999995,-1.4854999999999947
97455,35.1,29.562000000000044,5.537999999999958
43344,43.3,37.514,5.785999999999994
64136,37.4,41.06849999999995,-3.668499999999952
71302,50.3,43.88050000000001,6.419499999999985
19951,32.3,35.53300000000007,-3.233000000000075
33607,32.0,32.43049999999998,-0.4304999999999808
47147,40.6,38.18350000000007,2.416499999999928
63090,38.3,34.798499999999954,3.5015000000000427
47117,43.5,37.58949999999994,5.910500000000063
37018,40.0,38.918499999999995,1.0815000000000055
19711,29.7,34.569499999999955,-4.869499999999956
14026,29.7,29.834999999999944,-0.13499999999994472
37924,35.1,35.48699999999997,-0.38699999999997203
81036,27.4,33.058499999999974,-5.658499999999975
47135,44.9,36.969499999999975,7.930500000000023
94589,31.5,34.021500000000024,-2.5215000000000245
32730,30.8,31.291499999999974,-0.4914999999999736
34293,28.8,28.17999999999996,0.6200000000000401
66944,33.3,40.45550000000005,-7.155500000000053
74766,43.4,42.809000000000054,0.5909999999999442
04777,42.6,40.02649999999996,2.5735000000000383
79411,41.1,43.04249999999995,-1.9424999999999457
22033,22.4,26.709999999999983,-4.3099999999999845
81327,27.5,32.091000000000015,-4.591000000000015
37915,47.3,45.258000000000074,2.0419999999999234
32147,31.7,36.84300000000003,-5.143000000000033
32803,29.2,26.712999999999937,2.4870000000000623
43747,40.3,42.21300000000002,-1.9130000000000251
67853,40.9,40.43899999999995,0.46100000000004826
67732,34.8,36.15599999999997,-1.3559999999999732
47003,37.4,34.839000000000055,2.560999999999943
58838,39.9,35.98999999999997,3.910000000000032
29458,35.8,38.092999999999954,-2.2929999999999566
70563,39.3,40.181,-0.8810000000000002
54159,37.5,38.75849999999997,-1.2584999999999695
14874,33.9,35.12149999999999,-1.2214999999999918
76115,39.7,48.244000000000014,-8.544000000000011
59336,30.3,33.766000000000055,-3.4660000000000544
95678,28.2,26.50749999999995,1.6925000000000487
48449,38.0,37.74400000000002,0.2559999999999789
29479,48.3,48.28199999999998,0.018000000000014893
84654,37.2,32.820000000000036,4.379999999999967
78041,41.0,36.20650000000006,4.793499999999938
48316,33.8,31.35650000000001,2.443499999999986
57103,38.0,34.91549999999998,3.08450000000002
04650,32.3,34.66999999999998,-2.3699999999999832
53936,41.4,42.178999999999924,-0.7789999999999253
90305,32.3,35.03650000000005,-2.7365000000000563
56361,35.1,36.96499999999995,-1.8649999999999451
70510,44.4,38.80949999999995,5.590500000000048
04257,35.0,37.21049999999995,-2.2104999999999535
08844,25.0,30.308000000000003,-5.308000000000003
58571,40.2,37.51650000000002,2.683499999999981
24375,39.1,38.576000000000064,0.523999999999937
62823,38.4,39.42400000000002,-1.0240000000000222
83469,29.7,31.779499999999967,-2.0794999999999675
63852,46.0,46.60299999999994,-0.6029999999999376
68901,41.4,36.08199999999999,5.318000000000012
83634,30.1,30.368000000000038,-0.2680000000000362
75182,27.1,35.584500000000084,-8.484500000000082
67730,41.8,38.55199999999995,3.2480000000000473
73835,40.2,42.027,-1.8269999999999982
22567,37.5,38.53850000000002,-1.0385000000000204
39345,45.5,41.69899999999993,3.801000000000073
73857,39.9,40.50299999999998,-0.6029999999999802
99251,21.2,18.58800000000001,2.6119999999999877
48468,37.8,37.637499999999974,0.16250000000002274
73647,42.4,42.30749999999999,0.09250000000000824
47358,37.0,36.89099999999995,0.1090000000000515
67418,40.1,36.69399999999997,3.4060000000000343
32824,33.7,34.924499999999966,-1.2244999999999635
75642,38.0,36.76999999999993,1.230000000000068
36020,45.2,40.46350000000002,4.736499999999985
27704,42.2,36.1835,6.016500000000001
95957,32.0,36.58600000000001,-4.586000000000013
35748,38.6,34.044499999999985,4.555500000000016
97489,34.5,29.78249999999999,4.717500000000008
91040,25.9,31.835999999999995,-5.935999999999996
23889,44.9,42.349499999999914,2.550500000000085
60169,26.2,30.122500000000024,-3.9225000000000243
75976,37.4,41.632500000000036,-4.232500000000037
74073,40.0,36.82600000000004,3.173999999999957
04750,40.0,41.52800000000005,-1.5280000000000484
04772,40.0,42.460000000000015,-2.460000000000015
92801,28.0,37.45900000000005,-9.459000000000053
28345,44.0,38.831499999999934,5.168500000000066
56762,39.7,38.46749999999995,1.2325000000000514
45845,38.7,35.440999999999974,3.2590000000000288
30118,26.0,27.845999999999975,-1.8459999999999752
22560,42.9,39.87050000000003,3.0294999999999703
75972,45.2,43.66250000000003,1.537499999999973
23358,36.3,36.93750000000002,-0.6375000000000242
97034,29.9,26.01249999999998,3.887500000000017
08533,29.6,34.90699999999999,-5.306999999999988
32336,37.1,37.8465,-0.7464999999999975
12732,29.1,36.68400000000006,-7.58400000000006
52301,44.3,35.54500000000008,8.754999999999917
54856,39.3,38.57350000000004,0.7264999999999588
91741,23.0,28.991999999999983,-5.991999999999983
73938,39.5,41.33,-1.8299999999999983
71038,48.7,47.07549999999998,1.624500000000026
88116,34.9,38.64549999999998,-3.7454999999999785
60615,33.0,29.85249999999995,3.1475000000000506
14569,36.1,36.584499999999956,-0.4844999999999544
69142,37.4,36.80500000000003,0.5949999999999704
88043,35.5,38.35750000000003,-2.85750000000003
36475,45.9,44.29550000000004,1.604499999999959
72579,42.9,40.86800000000003,2.031999999999968
62255,36.1,36.28750000000005,-0.18750000000004974
93670,40.5,45.92049999999998,-5.420499999999983
89117,29.6,30.774999999999956,-1.1749999999999545
31006,42.6,42.39750000000001,0.20249999999999346
62305,36.5,32.80300000000005,3.696999999999953
01453,34.0,32.81849999999995,1.1815000000000495
26416,41.9,40.05450000000001,1.845499999999987
22652,31.6,30.086500000000083,1.5134999999999188
76798,25.8,33.999499999999976,-8.199499999999976
76133,34.9,37.9935,-3.093499999999999
44408,37.3,38.164999999999964,-0.8649999999999665
92561,36.8,35.65049999999997,1.1495000000000246
97065,36.5,36.1615,0.33850000000000335
45426,44.7,43.728999999999985,0.9710000000000178
32163,29.0,24.326499999999992,4.673500000000008
01074,34.2,37.49500000000001,-3.295000000000009
23696,31.2,29.477999999999987,1.722000000000012
55397,35.0,34.864,0.13600000000000279
47162,41.8,33.801500000000026,7.9984999999999715
31323,38.2,43.68750000000003,-5.487500000000026
48167,27.3,26.613000000000035,0.6869999999999656
26681,41.6,40.56399999999996,1.036000000000044
33316,26.3,28.975999999999967,-2.6759999999999664
26030,41.3,41.33649999999999,-0.03649999999998954
31096,46.4,41.80850000000001,4.591499999999989
65735,41.8,40.72499999999995,1.0750000000000455
65660,40.4,39.37249999999997,1.0275000000000318
65656,42.9,42.34349999999998,0.5565000000000211
37332,41.0,39.58450000000007,1.4154999999999305
43451,42.9,40.36900000000005,2.530999999999949
80922,27.7,26.49750000000001,1.20249999999999
67002,36.5,32.453999999999986,4.046000000000014
25270,40.5,43.35549999999999,-2.855499999999992
85641,29.4,27.424000000000024,1.9759999999999742
37807,40.1,37.655000000000065,2.4449999999999363
50846,40.2,38.51050000000007,1.6894999999999314
67073,40.3,39.317500000000045,0.982499999999952
48169,32.7,27.921999999999993,4.778000000000009
47633,40.3,36.32099999999996,3.9790000000000347
12930,39.4,37.80249999999997,1.5975000000000321
14145,34.5,35.167999999999964,-0.6679999999999637
38317,43.2,40.255500000000026,2.9444999999999766
76266,35.7,33.067499999999974,2.6325000000000287
75025,29.0,28.0025,0.9974999999999987
60545,41.5,32.060499999999955,9.439500000000045
67525,38.4,38.055000000000064,0.3449999999999349
20016,17.9,19.59650000000002,-1.6965000000000217
44057,38.6,36.38700000000001,2.212999999999994
14517,33.7,38.06749999999997,-4.367499999999964
29591,41.0,42.38200000000006,-1.3820000000000618
60053,23.3,29.293000000000003,-5.993000000000002
50607,38.9,40.653500000000015,-1.7535000000000167
83101,36.7,37.564999999999934,-0.8649999999999309
29209,35.8,32.07200000000003,3.727999999999966
80305,15.9,21.313000000000024,-5.413000000000023
39661,41.3,41.725499999999954,-0.4254999999999569
57252,37.1,37.57150000000002,-0.47150000000002024
67127,39.6,38.881499999999996,0.7185000000000059
36763,41.0,42.45799999999996,-1.4579999999999629
48897,39.0,38.565,0.4350000000000023
13502,37.9,37.85500000000002,0.04499999999998039
11412,31.3,31.159000000000006,0.14099999999999469
04357,31.7,37.061499999999924,-5.361499999999925
12762,31.1,37.04600000000001,-5.946000000000005
55802,39.0,36.449000000000005,2.550999999999995
61067,38.2,36.79250000000005,1.4074999999999562
97834,39.0,34.34249999999995,4.657500000000049
48809,40.0,36.20449999999997,3.7955000000000325
32625,32.0,35.75999999999998,-3.7599999999999767
32072,40.8,43.165499999999966,-2.365499999999969
30412,39.4,40.09400000000001,-0.6940000000000097
24127,36.8,35.61850000000003,1.1814999999999642
82925,31.8,31.654999999999994,0.14500000000000668
33042,24.4,27.490999999999964,-3.0909999999999656
90263,12.3,17.98050000000001,-5.680500000000009
68313,36.7,38.13799999999994,-1.4379999999999384
94507,24.0,25.965999999999998,-1.9659999999999975
77466,39.8,42.41299999999994,-2.6129999999999427
70578,42.5,40.985500000000066,1.5144999999999342
53932,34.8,38.51299999999995,-3.7129999999999512
44669,37.6,37.22949999999998,0.37050000000002115
36006,41.9,40.28799999999997,1.6120000000000303
95815,35.8,36.78200000000003,-0.9820000000000348
57052,32.8,32.02950000000002,0.7704999999999771
75550,38.2,40.91350000000006,-2.71350000000006
95124,23.6,28.960500000000003,-5.360500000000002
60120,35.9,37.069000000000074,-1.169000000000075
05829,32.4,33.7845,-1.3845000000000027
10308,28.9,30.083500000000022,-1.1835000000000235
43767,42.3,38.69449999999997,3.6055000000000277
65464,41.1,42.920499999999954,-1.820499999999953
57543,37.3,38.36550000000003,-1.0655000000000356
82331,37.4,38.837499999999984,-1.4374999999999858
98503,31.4,29.094999999999985,2.305000000000014
72823,44.3,40.18949999999993,4.110500000000066
45316,35.8,33.05450000000005,2.74549999999995
71935,41.5,40.90099999999994,0.5990000000000606
12486,30.4,31.388000000000034,-0.9880000000000351
83803,31.7,32.08349999999999,-0.3834999999999873
85920,29.0,35.24250000000001,-6.242500000000007
49430,30.9,29.265499999999996,1.6345000000000027
04048,34.1,32.89800000000001,1.201999999999991
73722,36.4,37.79249999999999,-1.3924999999999912
72937,35.4,39.81749999999999,-4.41749999999999
53202,30.7,26.901500000000002,3.798499999999997
79511,35.1,38.467499999999994,-3.3674999999999926
64756,41.8,43.082999999999984,-1.282999999999987
76459,37.2,39.96299999999996,-2.7629999999999555
81611,20.9,22.52000000000001,-1.6200000000000117
82832,31.5,34.56499999999999,-3.0649999999999906
27605,27.4,22.30549999999999,5.094500000000007
61012,36.2,36.725000000000016,-0.5250000000000128
44439,40.2,44.638500000000015,-4.438500000000012
96786,27.8,33.45650000000006,-5.656500000000062
45146,40.0,36.71049999999998,3.289500000000018
54842,42.1,36.31150000000005,5.788499999999949
13115,33.4,36.42099999999992,-3.0209999999999226
29452,40.5,40.635,-0.134999999999998
84636,34.2,35.32399999999998,-1.123999999999974
72719,34.3,32.443500000000014,1.8564999999999827
25169,47.0,42.09950000000007,4.90049999999993
61021,40.0,35.38600000000001,4.61399999999999
23693,30.7,31.560999999999957,-0.860999999999958
37308,37.7,37.65299999999998,0.047000000000025466
29431,38.9,37.825999999999986,1.0740000000000123
73075,38.3,43.42149999999998,-5.121499999999983
49685,35.3,30.380499999999948,4.919500000000049
98642,34.0,29.912000000000067,4.0879999999999335
78712,33.9,35.980500000000006,-2.080500000000008
63879,42.6,42.220999999999975,0.3790000000000262
31907,43.0,31.75050000000004,11.249499999999959
54082,36.5,36.099000000000025,0.40099999999997493
99621,41.9,44.801500000000004,-2.9015000000000057
63944,40.2,43.991500000000016,-3.7915000000000134
63303,35.0,31.846999999999948,3.153000000000052
59062,32.0,33.15049999999991,-1.1504999999999086
72205,36.8,33.88650000000005,2.9134999999999494
67563,39.5,38.64550000000001,0.8544999999999874
68765,39.7,38.003999999999934,1.696000000000069
44867,36.7,38.66700000000006,-1.9670000000000556
79932,31.3,38.07600000000007,-6.776000000000071
72473,43.2,42.36149999999996,0.838500000000046
49130,35.9,36.30850000000001,-0.40850000000001074
44405,43.9,40.765499999999925,3.134500000000074
05155,25.8,31.652999999999942,-5.852999999999941
39045,44.4,40.37700000000007,4.022999999999925
33412,24.2,26.81199999999999,-2.611999999999991
52573,40.4,38.39849999999999,2.001500000000007
56737,38.7,39.92850000000002,-1.2285000000000181
64873,39.6,40.53699999999999,-0.9369999999999905
24529,40.1,38.622000000000014,1.4779999999999873
50325,33.4,32.89200000000006,0.5079999999999387
24237,42.2,42.53799999999997,-0.33799999999996544
57741,32.0,36.80249999999998,-4.802499999999981
02721,35.3,33.27549999999996,2.024500000000039
56145,41.0,37.590500000000006,3.409499999999994
98155,23.3,22.21200000000002,1.0879999999999797
93111,23.5,31.194999999999983,-7.6949999999999825
93460,25.6,27.998499999999964,-2.398499999999963
99148,33.5,33.039500000000004,0.46049999999999613
37351,32.0,29.79650000000006,2.2034999999999414
62077,39.5,39.84150000000003,-0.3415000000000319
28036,25.0,27.962999999999987,-2.9629999999999868
64118,38.4,33.37999999999997,5.0200000000000315
28447,41.9,38.25799999999995,3.6420000000000456
35755,38.3,36.547499999999985,1.752500000000012
94552,19.7,24.75449999999998,-5.05449999999998
95148,20.1,28.649500000000018,-8.549500000000016
64467,37.5,40.314000000000114,-2.8140000000001137
47451,38.9,33.581500000000084,5.318499999999915
28312,40.6,36.78049999999998,3.819500000000019
35576,40.0,39.974500000000035,0.02549999999996544
96778,34.0,36.694499999999955,-2.6944999999999553
53183,33.6,34.26999999999991,-0.6699999999999093
50028,38.0,36.85549999999993,1.1445000000000718
53959,41.0,38.86649999999997,2.1335000000000335
38473,40.6,39.426500000000026,1.1734999999999758
32162,27.0,28.290500000000012,-1.2905000000000122
51562,39.0,38.77849999999998,0.22150000000002024
06248,29.3,29.805499999999974,-0.505499999999973
70358,43.4,40.84550000000003,2.554499999999969
70585,41.4,39.10299999999993,2.297000000000068
98248,27.2,27.735999999999976,-0.5359999999999765
95776,27.2,35.38100000000001,-8.181000000000008
82059,33.2,36.039999999999985,-2.839999999999982
21824,34.4,38.466499999999975,-4.0664999999999765
51103,42.1,40.88699999999999,1.213000000000008
98846,32.8,37.25600000000002,-4.456000000000024
46321,33.1,30.385499999999976,2.714500000000026
04451,42.2,40.79999999999999,1.4000000000000128
47141,42.3,37.003000000000036,5.2969999999999615
59631,32.8,33.38099999999994,-0.5809999999999462
93067,23.6,26.671000000000028,-3.0710000000000264
44450,40.0,41.71550000000003,-1.7155000000000271
21538,38.9,39.515,-0.615000000000002
58748,37.3,34.628500000000024,2.6714999999999733
34688,28.9,28.93250000000002,-0.03250000000002018
43548,37.9,40.20800000000002,-2.308000000000021
21793,35.5,33.7375,1.7625000000000028
14169,29.0,35.912500000000016,-6.912500000000016
49713,36.5,34.28600000000005,2.213999999999949
97538,36.4,38.585499999999975,-2.1854999999999762
93301,40.0,43.04999999999995,-3.0499999999999474
59211,35.8,34.389999999999986,1.4100000000000108
65329,37.3,43.13749999999998,-5.837499999999984
67647,43.0,38.26249999999999,4.737500000000011
98860,37.2,30.15349999999998,7.046500000000023
54457,39.8,38.642500000000005,1.1574999999999918
76077,35.6,36.86500000000001,-1.2650000000000077
65617,39.4,41.21149999999992,-1.8114999999999242
39664,40.9,40.865500000000004,0.0344999999999942
04487,43.4,41.976999999999954,1.4230000000000445
32967,28.8,35.71899999999997,-6.918999999999972
54901,41.4,31.013999999999992,10.386000000000006
84749,33.0,34.08849999999993,-1.0884999999999323
04783,40.2,39.06349999999999,1.1365000000000123
28170,44.8,40.18800000000007,4.611999999999924
93304,40.3,36.61699999999999,3.683000000000007
66773,44.4,36.253499999999946,8.146500000000053
21676,29.2,34.41249999999993,-5.212499999999931
37013,35.6,33.04500000000001,2.5549999999999926
05351,27.4,31.200999999999972,-3.8009999999999735
31313,33.5,36.17299999999997,-2.6729999999999734
31716,42.7,38.1445000000001,4.555499999999903
49101,36.1,33.5485,2.5515000000000043
53901,35.1,40.21999999999997,-5.119999999999969
01864,23.9,23.796000000000006,0.1039999999999921
75411,36.9,39.24650000000001,-2.346500000000013
73435,37.1,42.47600000000002,-5.376000000000019
43154,37.3,37.73799999999997,-0.43799999999997397
81054,36.7,44.13150000000008,-7.431500000000078
56591,45.2,39.04900000000002,6.150999999999982
23021,36.8,38.409499999999944,-1.6094999999999473
31630,41.6,41.2615,0.33850000000000335
43521,38.3,38.45650000000005,-0.15650000000005093
24020,20.6,23.58149999999997,-2.9814999999999685
71073,44.8,42.73549999999994,2.0645000000000593
77306,35.9,38.406500000000044,-2.5065000000000452
95206,34.0,36.10149999999999,-2.1014999999999873
34498,34.1,40.1525,-6.052500000000002
01463,25.9,28.331500000000005,-2.431500000000007
12786,29.8,37.48750000000001,-7.687500000000011
79605,35.0,38.17700000000008,-3.1770000000000778
47557,36.8,36.09449999999995,0.7055000000000504
98058,24.2,26.002999999999975,-1.802999999999976
50599,39.2,37.54300000000005,1.6569999999999538
63362,39.1,36.12750000000003,2.972499999999968
90740,21.3,28.225499999999982,-6.925499999999982
77013,44.6,43.55849999999993,1.0415000000000703
28530,43.5,40.56249999999991,2.9375000000000924
22473,37.6,37.26900000000001,0.33099999999998886
37362,43.8,38.76500000000004,5.034999999999954
45330,38.9,37.71500000000005,1.1849999999999454
70448,35.1,33.566500000000005,1.5334999999999965
45820,36.0,38.324000000000076,-2.3240000000000762
61850,41.3,38.420000000000016,2.8799999999999812
46536,35.0,36.15300000000003,-1.1530000000000271
61553,38.2,36.403,1.7970000000000041
20841,21.7,29.758999999999997,-8.058999999999997
80909,30.4,32.14999999999999,-1.749999999999993
56547,33.6,34.36400000000002,-0.7640000000000171
27950,33.8,32.236499999999964,1.5635000000000332
34788,35.9,37.79050000000002,-1.8905000000000243
77357,35.9,38.865499999999976,-2.9654999999999774
25404,39.5,40.07100000000001,-0.5710000000000122
95023,31.8,35.71800000000001,-3.91800000000001
73071,37.5,34.05350000000002,3.446499999999979
75069,38.0,36.2645,1.7355000000000018
81049,28.8,37.29899999999997,-8.49899999999997
49119,40.8,38.69049999999995,2.109500000000047
66616,42.9,40.35650000000001,2.5434999999999874
21771,34.7,29.18999999999993,5.510000000000073
57738,36.2,37.801999999999914,-1.6019999999999115
36260,41.3,41.9475,-0.6475000000000009
32459,27.6,25.6455,1.954500000000003
65011,38.0,43.29449999999997,-5.294499999999971
22443,41.4,43.52849999999996,-2.12849999999996
29927,36.1,39.8564999999999,-3.756499999999896
79356,41.5,44.462000000000025,-2.9620000000000246
78266,32.6,30.534500000000058,2.0654999999999433
28692,35.4,35.580499999999944,-0.18049999999994526
80214,25.8,28.067000000000004,-2.267000000000003
02050,28.1,27.507,0.593
89425,35.3,37.49899999999995,-2.1989999999999554
47324,34.1,36.84150000000004,-2.7415000000000376
07418,27.7,34.49050000000002,-6.790500000000019
75235,35.1,34.910500000000035,0.18949999999996692
45156,38.9,39.86999999999999,-0.9699999999999918
73848,39.2,42.411499999999954,-3.211499999999951
59843,35.3,33.93650000000004,1.3634999999999593
30420,38.0,37.9355,0.06450000000000244
36080,38.2,39.76050000000006,-1.5605000000000544
84760,38.1,34.92549999999996,3.1745000000000445
80449,25.2,26.650000000000006,-1.4500000000000064
33606,25.1,24.322499999999987,0.7775000000000141
49230,38.0,33.56799999999998,4.4320000000000235
20664,39.7,34.52049999999998,5.179500000000026
55782,36.2,34.863999999999976,1.336000000000027
08014,32.6,36.537499999999966,-3.9374999999999645
49922,34.6,33.623,0.9770000000000039
11769,28.4,30.438500000000026,-2.0385000000000275
33626,26.2,29.63550000000003,-3.4355000000000295
97068,31.9,25.480000000000008,6.419999999999991
75009,33.5,28.685499999999948,4.814500000000052
76458,37.9,37.838999999999984,0.061000000000014154
45248,32.2,29.10800000000001,3.0919999999999916
01949,28.1,34.63249999999991,-6.5324999999999065
50594,42.1,37.906500000000065,4.193499999999936
58041,37.0,37.29700000000002,-0.29700000000001836
33565,32.1,38.54849999999991,-6.44849999999991
43007,42.2,33.24549999999998,8.954500000000024
83203,47.2,37.93700000000007,9.262999999999934
77072,38.7,38.350499999999926,0.3495000000000772
08234,29.1,30.875499999999988,-1.7754999999999868
93737,29.3,32.44249999999997,-3.1424999999999663
71322,48.2,49.24550000000005,-1.0455000000000467
45106,38.1,39.106500000000025,-1.006500000000024
04011,25.5,30.71300000000006,-5.213000000000061
24104,37.2,35.43600000000005,1.7639999999999532
14616,33.0,36.17299999999999,-3.1729999999999876
33876,37.3,42.93400000000001,-5.6340000000000146
98383,30.2,26.645999999999976,3.5540000000000234
31650,42.7,45.80399999999995,-3.1039999999999495
97838,37.7,38.31950000000002,-0.6195000000000164
33947,29.3,28.80200000000005,0.49799999999995137
54026,35.9,36.354499999999945,-0.45449999999994617
35613,38.5,32.43599999999998,6.064000000000021
96001,29.0,31.06849999999996,-2.068499999999961
23315,37.1,38.83150000000004,-1.7315000000000396
37078,40.4,40.01949999999997,0.38050000000002626
48382,30.9,26.89949999999999,4.0005000000000095
10968,24.7,28.50799999999996,-3.8079999999999607
79781,39.9,42.11199999999999,-2.211999999999989
68852,42.6,39.18949999999997,3.4105000000000345
65638,39.1,44.02149999999997,-4.921499999999966
33004,32.9,37.29449999999997,-4.394499999999972
62691,38.1,34.918499999999966,3.1815000000000353
06608,37.7,46.87400000000003,-9.174000000000028
75070,32.4,27.19649999999998,5.2035000000000196
73662,42.0,44.55400000000006,-2.554000000000059
87005,33.1,30.902000000000033,2.1979999999999684
05468,27.7,28.361500000000007,-0.6615000000000073
97341,33.8,31.296999999999993,2.5030000000000037
34990,24.7,24.697500000000005,0.0024999999999941735
61078,38.7,37.94649999999995,0.7535000000000522
08867,26.3,31.70749999999998,-5.4074999999999775
58069,43.2,36.00849999999997,7.191500000000033
04668,42.4,41.4745,0.9254999999999995
43148,35.0,36.823,-1.8230000000000004
28461,31.1,28.13950000000005,2.96049999999995
52645,38.9,34.829,4.070999999999998
10974,27.7,31.751999999999963,-4.051999999999964
92347,35.7,38.10000000000005,-2.4000000000000483
86043,43.7,40.59100000000003,3.1089999999999733
73742,37.9,41.256,-3.3560000000000016
59739,29.0,33.66550000000001,-4.665500000000009
08620,25.6,31.451999999999963,-5.851999999999961
52739,39.9,37.547999999999945,2.3520000000000536
46142,38.5,34.21000000000001,4.289999999999992
21206,40.4,36.62599999999998,3.774000000000015
48074,36.2,35.81750000000001,0.3824999999999932
49720,35.1,32.29000000000002,2.809999999999981
54737,40.7,38.40899999999997,2.2910000000000323
90290,23.7,23.909999999999982,-0.2099999999999831
23433,34.2,28.902999999999988,5.297000000000015
87724,36.9,40.641777777777804,-3.7417777777778056
43205,39.7,37.30199999999995,2.398000000000053
85501,30.7,36.53749999999998,-5.837499999999981
88042,38.2,38.98599999999996,-0.7859999999999587
29829,36.3,36.81899999999998,-0.5189999999999841
10535,25.0,33.0745,-8.0745
53233,39.0,42.00700000000003,-3.0070000000000334
48831,37.1,35.93300000000005,1.1669999999999519
79783,34.5,37.15299999999999,-2.6529999999999916
89448,26.4,29.20149999999996,-2.8014999999999617
84715,34.7,33.605000000000004,1.0949999999999989
77665,37.0,38.78699999999999,-1.786999999999992
74349,40.7,41.741499999999995,-1.041499999999992
68636,42.4,39.08950000000002,3.3104999999999762
61239,42.0,37.98350000000004,4.016499999999958
25422,42.5,45.167999999999964,-2.6679999999999637
01519,30.0,32.47100000000008,-2.471000000000082
37212,22.9,25.829500000000007,-2.929500000000008
48130,26.7,23.276999999999983,3.423000000000016
85701,33.2,31.323999999999987,1.8760000000000154
06370,31.2,34.25850000000004,-3.0585000000000413
51576,36.2,34.233499999999964,1.966500000000039
10028,15.4,22.597500000000014,-7.197500000000014
79347,38.8,43.18750000000004,-4.3875000000000455
38506,37.9,34.61000000000004,3.2899999999999565
38754,51.6,46.73650000000001,4.863499999999995
13620,41.6,37.47749999999993,4.122500000000073
73747,40.1,38.51799999999999,1.582000000000015
58456,35.2,37.48899999999994,-2.2889999999999375
99752,38.0,36.71349999999995,1.2865000000000535
11697,21.2,28.646500000000007,-7.4465000000000074
97451,34.4,29.529999999999976,4.870000000000022
49971,37.1,37.82750000000003,-0.7275000000000276
55947,33.0,31.737999999999975,1.2620000000000253
36455,40.4,40.45449999999995,-0.054499999999954696
13326,28.8,31.96350000000003,-3.163500000000031
01832,32.3,37.48249999999999,-5.18249999999999
33840,47.2,43.67499999999995,3.5250000000000554
83646,28.7,24.251000000000023,4.448999999999977
38015,44.8,39.010000000000076,5.789999999999921
60070,27.0,29.29800000000002,-2.2980000000000196
02556,23.8,23.470500000000012,0.3294999999999888
02664,27.3,28.693999999999942,-1.3939999999999415
47683,39.8,37.15600000000007,2.6439999999999273
59540,37.3,37.27500000000002,0.024999999999977263
24445,38.8,40.43000000000005,-1.6300000000000523
59929,28.8,37.306499999999936,-8.506499999999935
58750,40.0,37.312999999999974,2.687000000000026
57242,36.1,37.65300000000001,-1.5530000000000115
53952,43.7,40.97349999999995,2.726500000000051
95356,33.8,36.404000000000025,-2.6040000000000276
52404,38.2,34.3375,3.8625000000000043
87728,31.6,36.95700000000002,-5.357000000000021
34953,31.8,30.825499999999934,0.9745000000000665
59936,34.0,35.780999999999956,-1.7809999999999562
04495,42.2,41.012500000000045,1.1874999999999574
76849,37.8,40.99500000000002,-3.1950000000000216
64040,37.4,39.013000000000055,-1.6130000000000564
04640,30.0,32.76349999999994,-2.7634999999999366
95422,37.2,40.58049999999993,-3.380499999999927
81426,25.1,19.179000000000006,5.920999999999996
49028,36.1,38.64349999999998,-2.5434999999999803
34285,27.2,26.771499999999996,0.4285000000000032
97008,33.6,26.767999999999947,6.832000000000054
87056,24.2,27.342999999999993,-3.1429999999999936
12185,31.3,35.86549999999999,-4.5654999999999895
78116,33.2,36.067499999999995,-2.8674999999999926
35545,40.3,38.39449999999999,1.9055000000000106
57263,35.5,36.261000000000045,-0.7610000000000454
84740,33.3,34.874499999999955,-1.5744999999999578
93741,39.7,39.877000000000024,-0.17700000000002092
49335,34.7,34.0415,0.6585000000000036
76463,34.9,36.980499999999985,-2.0804999999999865
06409,26.8,30.819000000000003,-4.019000000000002
54517,39.0,39.279500000000006,-0.27950000000000585
96726,33.2,33.79400000000006,-0.594000000000058
98582,40.4,36.11750000000001,4.282499999999992
74081,40.4,41.509499999999974,-1.1094999999999757
69122,39.0,38.57999999999992,0.42000000000007987
98546,33.5,30.949499999999986,2.5505000000000138
87417,35.0,38.1655,-3.1655000000000015
75780,35.0,40.14249999999997,-5.14249999999997
33187,28.1,40.064,-11.963999999999999
84329,34.6,34.24350000000003,0.3564999999999685
53715,32.4,33.163500000000006,-0.7635000000000076
45220,31.2,32.76050000000003,-1.5605000000000295
36318,39.0,37.57949999999997,1.4205000000000325
67135,36.6,34.38850000000003,2.2114999999999725
59241,32.0,33.53099999999993,-1.5309999999999278
50648,38.1,34.90500000000001,3.194999999999993
62037,38.5,31.732999999999997,6.767000000000003
76841,34.6,38.64949999999999,-4.049499999999988
12742,34.3,40.13049999999996,-5.830499999999965
71027,43.9,39.91300000000003,3.9869999999999663
48069,28.4,23.05400000000001,5.345999999999989
38449,40.3,37.83300000000003,2.4669999999999703
89130,31.4,33.990499999999976,-2.5904999999999774
32128,29.4,31.14749999999999,-1.7474999999999916
27810,38.7,40.27899999999999,-1.5789999999999864
31626,40.8,39.00749999999999,1.792500000000004
55923,38.7,36.43050000000007,2.2694999999999297
05446,24.9,25.79750000000003,-0.8975000000000328
97396,38.0,35.31799999999996,2.6820000000000377
99566,33.3,34.81499999999996,-1.514999999999965
04624,28.7,35.56500000000003,-6.865000000000034
30536,34.1,36.71350000000001,-2.613500000000009
14728,33.9,36.747999999999976,-2.8479999999999777
36048,48.0,43.390500000000046,4.609499999999954
50066,36.3,35.926500000000104,0.37349999999989336
03445,30.4,32.83450000000001,-2.434500000000014
96782,23.4,33.58699999999996,-10.186999999999962
73801,41.9,38.013000000000076,3.8869999999999223
24550,35.5,37.314000000000085,-1.8140000000000853
30757,33.4,32.586499999999994,0.8135000000000048
92350,24.3,28.018499999999946,-3.7184999999999455
74651,44.5,41.68550000000001,2.8144999999999882
95452,23.7,30.124500000000044,-6.4245000000000445
95551,32.9,37.72099999999995,-4.820999999999948
04572,31.1,32.47849999999997,-1.378499999999967
54730,40.5,36.37149999999993,4.1285000000000664
44703,50.1,46.508500000000005,3.5914999999999964
23030,42.5,40.43550000000002,2.064499999999981
27041,38.9,35.95249999999996,2.9475000000000406
65759,36.5,39.84749999999991,-3.3474999999999113
73080,39.9,39.82950000000005,0.07049999999994583
92093,18.6,23.90150000000004,-5.30150000000004
50626,39.3,31.784000000000013,7.515999999999984
79927,35.7,37.412499999999966,-1.712499999999963
32601,31.8,29.825000000000003,1.9749999999999979
29546,47.4,44.0895,3.3104999999999976
72933,37.1,38.24299999999996,-1.142999999999958
79785,38.6,42.11799999999992,-3.5179999999999154
91803,21.0,34.77650000000001,-13.776500000000013
27505,35.8,36.72100000000004,-0.921000000000042
97022,38.1,36.463000000000065,1.6369999999999365
82620,36.3,37.83350000000004,-1.5335000000000463
08050,27.6,27.582000000000022,0.017999999999979366
61467,35.2,33.40250000000004,1.797499999999964
53719,31.0,28.92150000000004,2.078499999999959
33760,35.0,32.64199999999998,2.3580000000000183
67634,40.0,37.53600000000005,2.463999999999949
74030,41.8,40.99799999999994,0.8020000000000564
36854,39.8,37.34300000000001,2.4569999999999865
60428,40.8,37.766000000000005,3.033999999999992
05101,27.7,31.515500000000035,-3.8155000000000356
61755,35.8,32.713499999999975,3.0865000000000222
46920,40.6,35.827000000000076,4.772999999999925
13616,38.8,36.77349999999995,2.0265000000000484
88312,28.7,33.053499999999985,-4.353499999999986
79502,36.0,38.916,-2.915999999999997
28117,29.4,30.75549999999998,-1.3554999999999815
20762,34.2,27.436999999999966,6.763000000000037
14884,36.2,33.674499999999924,2.525500000000079
73547,42.7,38.78899999999996,3.911000000000044
11210,26.4,28.75300000000004,-2.3530000000000406
14740,33.4,36.56000000000002,-3.160000000000018
74733,41.8,41.50099999999997,0.2990000000000279
99827,34.4,30.90200000000004,3.4979999999999585
38865,40.7,41.978500000000025,-1.2785000000000224
46506,42.4,40.70850000000006,1.691499999999941
78159,39.4,41.421499999999995,-2.021499999999996
12405,35.4,35.940999999999995,-0.5409999999999968
02910,32.3,36.60749999999998,-4.307499999999983
28523,38.6,38.24250000000002,0.3574999999999804
63663,40.7,40.71499999999999,-0.014999999999986358
79837,40.4,44.75250000000002,-4.3525000000000205
83615,35.3,37.57449999999992,-2.274499999999925
28405,32.5,31.93099999999999,0.5690000000000097
45659,43.2,41.67100000000002,1.5289999999999822
23837,38.3,34.513000000000055,3.786999999999942
33069,31.4,34.2405,-2.8404999999999987
24083,31.9,32.31100000000003,-0.4110000000000298
29527,36.8,37.10400000000001,-0.30400000000001626
02379,28.2,29.568000000000005,-1.3680000000000057
47346,37.7,37.73750000000005,-0.037500000000044054
33708,29.1,27.70850000000002,1.3914999999999829
62918,38.6,35.295499999999954,3.304500000000047
12976,39.0,32.89449999999998,6.105500000000021
62548,36.7,36.168499999999995,0.5315000000000083
19720,37.3,27.736500000000024,9.563499999999973
63935,41.4,42.26999999999998,-0.8699999999999832
44110,49.2,48.33099999999987,0.8690000000001348
75855,39.9,41.34050000000002,-1.4405000000000214
61075,36.5,34.50799999999999,1.9920000000000115
30512,34.6,35.34600000000003,-0.7460000000000306
95451,32.1,31.481999999999974,0.618000000000027
69132,37.0,34.97300000000003,2.0269999999999726
64149,31.7,34.174,-2.474
24219,43.1,38.75499999999997,4.345000000000034
56211,38.5,38.56800000000005,-0.06800000000004758
01741,21.7,25.039,-3.339000000000002
29635,34.4,34.23699999999996,0.16300000000003934
61367,38.1,37.758,0.34199999999999875
47174,46.4,41.412500000000065,4.987499999999933
46076,37.8,37.55200000000001,0.24799999999999045
52345,40.3,33.97100000000004,6.328999999999958
37665,40.4,42.99750000000001,-2.597500000000011
53505,41.6,40.77099999999996,0.8290000000000433
68660,34.7,40.14800000000002,-5.448000000000015
38452,38.9,37.38850000000001,1.511499999999991
02199,18.7,24.414,-5.714000000000002
92266,39.2,44.63599999999996,-5.435999999999957
03104,33.2,29.19200000000001,4.007999999999992
88301,32.7,40.329000000000015,-7.629000000000012
89442,35.5,39.373000000000054,-3.8730000000000544
29410,37.1,34.77950000000002,2.3204999999999814
76306,39.0,39.23050000000008,-0.23050000000007742
07023,23.5,25.509999999999987,-2.0099999999999874
92267,32.8,34.407000000000046,-1.607000000000049
48801,35.7,37.24699999999994,-1.5469999999999402
79081,37.1,38.90100000000009,-1.8010000000000872
69148,39.2,37.63649999999999,1.5635000000000119
08057,26.2,30.163000000000025,-3.963000000000026
87521,32.9,38.156000000000056,-5.256000000000057
36313,43.2,37.799000000000035,5.400999999999968
02917,26.5,29.46700000000003,-2.9670000000000307
13491,35.4,35.878500000000024,-0.47850000000002524
26463,39.0,39.48400000000001,-0.48400000000000887
80916,32.8,35.09299999999998,-2.292999999999985
81121,30.1,36.787000000000006,-6.687000000000005
30013,39.3,33.553499999999985,5.746500000000012
45776,39.7,39.95400000000001,-0.2540000000000049
85622,25.9,31.272499999999955,-5.372499999999956
84033,21.0,33.67349999999995,-12.673499999999947
91324,24.5,31.561500000000034,-7.061500000000034
34446,31.7,37.73099999999995,-6.030999999999953
59743,29.8,32.25950000000003,-2.4595000000000304
57456,36.1,37.66799999999999,-1.5679999999999907
50532,42.3,35.49049999999998,6.809500000000014
34207,35.9,36.30800000000005,-0.408000000000051
55325,36.6,36.812999999999995,-0.21299999999999386
13110,35.0,31.142000000000017,3.8579999999999828
97461,34.3,29.582499999999968,4.71750000000003
47373,46.0,42.01,3.990000000000002
28629,35.5,38.68400000000005,-3.1840000000000472
20143,30.1,32.90449999999993,-2.8044999999999263
29440,35.7,36.59899999999999,-0.8989999999999867
32332,50.2,42.40450000000008,7.795499999999926
75933,42.7,41.11199999999994,1.588000000000065
30471,42.2,41.74850000000001,0.4514999999999958
78148,32.3,36.99350000000007,-4.693500000000071
78564,43.2,48.539499999999954,-5.339499999999951
43787,43.0,40.66,2.3400000000000034
94015,19.1,28.859000000000066,-9.759000000000064
60642,25.1,22.747999999999998,2.352000000000004
50602,39.1,40.35050000000001,-1.2505000000000095
52561,39.7,38.59699999999996,1.1030000000000442
50567,44.2,38.960000000000015,5.239999999999988
95608,29.1,27.384999999999994,1.715000000000007
43445,37.0,37.4795,-0.4795000000000016
70607,46.4,45.0759999999999,1.3240000000000975
48656,42.9,40.50800000000004,2.3919999999999604
31793,35.6,39.26350000000005,-3.663500000000049
44483,41.7,39.18299999999995,2.5170000000000528
01757,33.2,33.77200000000001,-0.5720000000000098
12850,36.4,34.3575,2.042499999999997
38018,34.7,27.94749999999999,6.752500000000012
56569,43.4,38.44749999999995,4.95250000000005
76904,33.0,33.56349999999998,-0.5634999999999835
97350,42.5,35.08300000000006,7.416999999999938
97322,40.6,34.66850000000002,5.9314999999999785
35072,42.2,40.74650000000002,1.453499999999984
76364,37.5,42.24649999999999,-4.74649999999999
48075,40.1,34.40850000000002,5.691499999999984
01220,33.2,33.68499999999997,-0.4849999999999639
64431,38.5,39.23050000000003,-0.7305000000000277
78611,34.5,34.00850000000005,0.4914999999999523
04626,38.5,38.43300000000008,0.06699999999992201
38225,41.3,38.44999999999996,2.850000000000037
50542,40.6,40.23100000000004,0.36899999999996425
08224,33.5,41.24499999999998,-7.744999999999983
86023,26.9,27.929999999999954,-1.029999999999955
08889,26.1,26.88149999999999,-0.781499999999987
03583,33.0,31.520000000000003,1.4799999999999969
78681,31.7,32.27700000000002,-0.577000000000023
36441,41.2,39.627500000000026,1.5724999999999767
54930,41.0,40.047,0.953000000000003
74562,38.7,42.85250000000002,-4.152500000000018
56050,35.4,33.72600000000001,1.6739999999999853
08836,24.2,27.7905,-3.5905000000000022
06241,33.3,37.3799999999999,-4.079999999999906
02647,28.5,33.536999999999985,-5.036999999999985
45741,46.5,44.313000000000066,2.1869999999999337
33129,24.1,31.32200000000002,-7.222000000000019
37762,41.0,40.83049999999997,0.16950000000002774
81328,26.8,29.93849999999999,-3.13849999999999
14757,35.3,34.605999999999995,0.6940000000000026
77837,37.7,39.95899999999994,-2.2589999999999364
59546,40.0,37.96750000000003,2.0324999999999704
87749,30.7,35.96950000000002,-5.2695000000000185
89423,26.7,26.43749999999997,0.2625000000000277
01854,26.8,32.76349999999998,-5.9634999999999785
94110,19.7,25.280500000000032,-5.580500000000033
54474,35.6,34.188500000000026,1.4114999999999753
53029,34.0,30.607500000000027,3.3924999999999734
97486,33.9,32.89500000000001,1.0049999999999883
44706,44.0,40.39449999999994,3.605500000000063
54985,45.5,36.13700000000005,9.36299999999995
13406,36.5,38.322,-1.8220000000000027
32578,28.7,28.032999999999994,0.6670000000000051
37409,34.8,30.74400000000004,4.055999999999958
82604,36.5,36.366500000000045,0.13349999999995532
97067,34.6,29.020500000000034,5.5794999999999675
32607,31.4,27.70950000000002,3.690499999999979
38952,41.9,44.168499999999995,-2.268499999999996
99137,35.0,34.24349999999992,0.7565000000000808
11419,23.9,38.05150000000004,-14.151500000000041
47987,42.9,37.94200000000008,4.95799999999992
51555,35.6,35.83099999999998,-0.23099999999998033
21036,27.9,25.117500000000017,2.782499999999981
58565,41.5,35.845500000000015,5.6544999999999845
58001,34.5,27.03150000000003,7.46849999999997
62550,37.1,36.681500000000014,0.41849999999998744
90039,23.8,26.951,-3.151
92115,26.3,29.147500000000072,-2.847500000000071
55315,31.9,29.601999999999993,2.2980000000000054
73102,38.8,34.96999999999997,3.8300000000000267
56080,34.2,31.574500000000036,2.625499999999967
73084,44.4,42.01549999999998,2.384500000000017
79535,36.9,40.48199999999994,-3.581999999999944
11024,26.0,31.846500000000006,-5.846500000000006
13327,40.0,37.90800000000004,2.0919999999999632
99371,32.6,32.84199999999997,-0.2419999999999689
47041,35.3,35.36450000000004,-0.06450000000004508
33306,25.8,28.94049999999995,-3.1404999999999497
28216,34.1,32.94900000000004,1.1509999999999607
48386,32.8,25.909500000000023,6.8904999999999745
06897,21.3,28.473499999999948,-7.173499999999947
56438,39.7,37.058000000000014,2.641999999999989
60950,36.4,29.366499999999945,7.033500000000053
64057,33.6,41.14599999999996,-7.545999999999957
83115,35.2,37.08549999999997,-1.8854999999999649
27048,36.8,37.55950000000003,-0.7595000000000312
30222,43.0,42.667500000000054,0.3324999999999463
59063,31.5,32.48600000000002,-0.9860000000000184
27606,28.3,26.09200000000007,2.207999999999931
21788,35.8,32.273999999999994,3.5260000000000034
93291,32.1,37.426000000000016,-5.326000000000015
91911,29.1,28.761499999999973,0.3385000000000282
77407,28.5,31.392,-2.8919999999999995
76864,33.2,37.54450000000002,-4.344500000000018
14840,33.9,34.69800000000001,-0.7980000000000089
39057,42.4,42.450500000000005,-0.05050000000000665
93624,48.3,48.82450000000003,-0.5245000000000317
11563,29.9,33.75350000000005,-3.8535000000000537
76065,34.9,32.54849999999998,2.3515000000000157
24719,45.3,39.71599999999997,5.5840000000000245
62418,39.5,37.28399999999996,2.2160000000000366
26575,43.0,42.74400000000007,0.2559999999999292
52585,42.1,38.626999999999995,3.473000000000006
46702,40.7,38.00900000000006,2.6909999999999457
26716,37.5,39.36600000000004,-1.8660000000000423
69022,43.8,39.498000000000005,4.3019999999999925
66733,37.9,37.1665,0.7334999999999994
66203,34.5,34.36949999999995,0.13050000000004758
52720,41.3,36.61750000000004,4.682499999999955
24862,48.3,48.592500000000015,-0.2925000000000182
60007,27.0,30.728999999999992,-3.728999999999992
56224,37.2,33.83249999999998,3.367500000000021
66609,39.5,36.499000000000045,3.000999999999955
43119,32.9,35.93799999999999,-3.0379999999999896
70817,30.5,28.04199999999998,2.4580000000000197
11958,28.3,34.61000000000001,-6.310000000000006
43155,35.3,38.75999999999999,-3.4599999999999937
28311,40.9,32.97049999999999,7.9295000000000115
26175,43.0,40.66199999999995,2.3380000000000507
99561,41.2,44.125000000000036,-2.9250000000000327
66960,41.6,38.544999999999916,3.055000000000085
93427,25.6,30.464000000000006,-4.864000000000004
25646,44.3,44.82050000000003,-0.5205000000000339
51023,35.7,38.8805,-3.180499999999995
14611,42.8,42.187500000000085,0.6124999999999119
68438,31.5,30.34149999999996,1.1585000000000392
08826,28.3,32.884500000000074,-4.584500000000073
47460,41.1,32.989000000000026,8.110999999999976
99556,34.8,38.41450000000008,-3.614500000000085
28435,41.8,38.889000000000046,2.9109999999999516
45327,33.9,37.212500000000034,-3.3125000000000355
30004,23.9,25.53550000000002,-1.6355000000000217
24635,44.7,40.76549999999997,3.9345000000000354
62946,39.8,34.32249999999997,5.477500000000028
71602,42.8,43.088499999999975,-0.2884999999999778
58416,38.9,32.29999999999995,6.600000000000051
30114,34.5,35.59249999999998,-1.0924999999999798
14626,30.4,31.166999999999987,-0.7669999999999888
35214,43.6,39.514499999999956,4.085500000000046
12186,28.6,26.545999999999957,2.0540000000000447
55373,33.0,27.754499999999975,5.245500000000025
85741,30.2,30.422499999999964,-0.22249999999996461
03464,30.1,34.02600000000001,-3.926000000000009
71201,42.4,40.0445,2.3554999999999993
87416,40.1,40.85900000000008,-0.7590000000000785
39332,41.5,41.219499999999925,0.2805000000000746
72116,36.3,35.60700000000005,0.6929999999999481
28763,37.8,37.837500000000034,-0.03750000000003695
27291,36.3,34.701999999999984,1.5980000000000132
25185,43.8,44.40149999999994,-0.6014999999999446
70806,37.8,38.71400000000007,-0.9140000000000725
79056,34.5,36.95349999999999,-2.453499999999991
98596,38.3,32.94750000000005,5.352499999999949
47524,39.8,38.31250000000003,1.4874999999999687
72764,40.2,38.11750000000001,2.082499999999996
63770,33.6,39.04549999999998,-5.445499999999981
98564,39.0,35.45200000000002,3.5479999999999805
43078,43.2,36.684499999999986,6.515500000000017
59803,25.3,25.343500000000002,-0.04350000000000165
21057,27.8,29.15549999999993,-1.3554999999999282
97132,34.9,25.880500000000016,9.019499999999983
37336,39.2,36.88249999999999,2.3175000000000097
74055,34.5,34.59850000000002,-0.09850000000002268
26269,39.6,40.022999999999996,-0.4229999999999947
92136,33.9,41.39049999999995,-7.490499999999955
53573,41.7,40.085999999999956,1.614000000000047
80650,34.8,35.523999999999944,-0.7239999999999469
50579,41.5,35.763000000000055,5.736999999999945
06107,26.4,27.978500000000007,-1.578500000000009
87105,37.3,36.84649999999995,0.453500000000048
07407,28.6,35.72999999999999,-7.129999999999988
48836,34.8,35.07749999999998,-0.2774999999999821
01245,28.8,29.916499999999957,-1.1164999999999559
26812,43.4,42.08849999999996,1.3115000000000379
01560,28.8,32.087499999999956,-3.2874999999999552
64772,37.3,38.53950000000004,-1.2395000000000422
90241,28.0,37.19549999999995,-9.195499999999953
85172,42.8,42.424999999999955,0.37500000000004263
49968,37.1,39.552,-2.451999999999998
43901,41.7,40.42149999999995,1.2785000000000508
62009,37.9,38.503,-0.6030000000000015
02062,25.1,27.3715,-2.2714999999999996
81625,28.4,30.258500000000005,-1.8585000000000065
21919,40.2,37.01100000000003,3.1889999999999716
54645,39.2,38.228000000000044,0.9719999999999587
20615,34.7,33.64200000000006,1.057999999999943
68964,42.5,38.72299999999998,3.7770000000000223
51028,38.3,38.29700000000002,0.0029999999999787974
01570,35.2,36.710999999999984,-1.5109999999999815
11791,23.1,31.85100000000002,-8.751000000000019
53949,43.7,40.07099999999993,3.629000000000076
62050,37.8,35.22850000000001,2.571499999999986
44813,36.2,37.41350000000004,-1.2135000000000389
10560,22.3,28.56299999999997,-6.26299999999997
79343,41.5,42.70650000000008,-1.2065000000000765
31730,46.4,42.65900000000002,3.7409999999999783
31639,37.7,41.42950000000005,-3.7295000000000442
70343,39.2,38.750500000000045,0.4494999999999578
29803,31.0,28.99599999999999,2.0040000000000084
30104,40.4,41.14400000000001,-0.744000000000014
03595,33.5,31.693500000000036,1.8064999999999642
27258,39.0,34.64800000000001,4.35199999999999
30401,44.2,41.74350000000003,2.45649999999997
31783,38.4,39.90049999999994,-1.5004999999999384
98345,28.0,22.941000000000034,5.0589999999999655
06754,27.4,34.05149999999995,-6.651499999999949
23432,41.0,36.796000000000014,4.203999999999986
61761,35.2,32.06350000000001,3.136499999999991
04478,36.2,37.61799999999999,-1.417999999999985
92083,28.2,34.15899999999995,-5.95899999999995
10307,28.8,32.58950000000003,-3.7895000000000287
55303,36.2,32.47000000000003,3.7299999999999756
43320,40.1,40.08399999999999,0.01600000000001245
78024,33.2,36.06600000000001,-2.8660000000000068
54451,44.1,38.713499999999996,5.386500000000005
91762,33.5,32.53749999999998,0.9625000000000199
32616,30.8,32.27550000000001,-1.4755000000000074
23113,31.3,27.32349999999998,3.9765000000000192
43533,37.3,37.527,-0.22700000000000387
97389,38.7,32.126500000000036,6.573499999999967
27850,38.4,37.51800000000005,0.8819999999999482
68065,38.5,36.75900000000002,1.7409999999999783
22307,25.3,27.368500000000022,-2.0685000000000215
28532,37.6,34.17750000000002,3.422499999999978
66105,46.3,50.30249999999995,-4.002499999999955
93612,36.7,37.60249999999999,-0.9024999999999892
72165,40.7,43.05450000000005,-2.3545000000000442
21902,45.9,37.82949999999993,8.070500000000067
25864,40.2,42.66249999999995,-2.462499999999949
83501,37.1,35.2425,1.8575000000000017
95623,28.8,31.01500000000007,-2.215000000000071
98601,36.3,32.70049999999998,3.5995000000000203
48137,32.1,31.625500000000006,0.4744999999999955
39845,39.8,40.161999999999914,-0.3619999999999166
13902,22.6,26.498499999999982,-3.8984999999999808
62269,33.8,30.348000000000017,3.4519999999999804
70653,42.0,39.504500000000014,2.4954999999999856
52056,33.3,35.95199999999992,-2.651999999999923
68122,36.3,29.445999999999984,6.854000000000013
07006,21.2,30.52949999999997,-9.329499999999971
68418,40.3,36.97600000000003,3.3239999999999696
44903,40.2,37.541999999999966,2.6580000000000368
56723,38.2,33.867000000000054,4.332999999999949
22448,31.9,28.92049999999999,2.9795000000000087
30708,44.1,38.90849999999998,5.191500000000019
20868,27.0,32.2715,-5.271500000000003
73628,41.3,37.35150000000004,3.94849999999996
95667,29.2,28.596000000000007,0.6039999999999921
33815,44.8,42.292500000000025,2.507499999999972
83809,35.8,38.701,-2.9010000000000034
65023,37.8,39.24749999999997,-1.4474999999999696
79904,36.9,42.48599999999998,-5.585999999999984
24221,40.3,41.450000000000024,-1.150000000000027
82244,35.9,36.06450000000005,-0.1645000000000536
12084,25.3,29.33000000000001,-4.030000000000008
55046,36.7,32.294999999999945,4.405000000000058
66024,39.2,38.05550000000001,1.1444999999999936
58071,35.5,32.157999999999994,3.342000000000006
76934,35.4,37.483499999999985,-2.0834999999999866
65722,39.4,44.77699999999999,-5.376999999999988
43217,35.9,37.683999999999976,-1.7839999999999776
45070,39.0,38.42899999999999,0.5710000000000122
75076,32.8,36.612999999999964,-3.812999999999967
93705,41.4,40.53499999999998,0.8650000000000162
14411,35.1,39.99149999999992,-4.891499999999915
74059,38.1,39.45850000000002,-1.3585000000000207
85006,36.0,37.52249999999996,-1.5224999999999582
39759,36.1,33.19449999999995,2.9055000000000533
68933,41.2,37.96099999999994,3.239000000000061
11713,32.3,34.439,-2.139000000000003
62967,37.9,34.75150000000005,3.148499999999949
28114,36.0,36.218999999999944,-0.21899999999994435
52353,40.1,39.00549999999993,1.0945000000000746
72729,37.2,39.54150000000006,-2.3415000000000603
43518,40.3,38.54100000000007,1.7589999999999293
32535,42.8,40.9045,1.8954999999999984
45891,38.0,40.11950000000002,-2.1195000000000235
55128,34.3,27.93100000000002,6.3689999999999785
60948,40.1,38.41099999999997,1.6890000000000285
46222,45.0,37.658000000000044,7.341999999999956
30429,45.8,42.37250000000003,3.4274999999999665
75845,37.7,41.034,-3.333999999999996
64422,37.7,37.29950000000002,0.40049999999997965
49241,36.9,33.96850000000002,2.9314999999999785
74029,46.8,44.44049999999997,2.3595000000000255
44055,45.7,44.18450000000001,1.5154999999999959
56173,37.6,38.399000000000015,-0.7990000000000137
39356,44.7,42.635000000000026,2.0649999999999764
58712,42.9,36.52350000000002,6.376499999999979
28463,44.3,41.77049999999999,2.529500000000006
71469,37.6,37.18450000000006,0.4154999999999447
98053,20.5,21.390000000000008,-0.8900000000000077
29461,38.6,34.89449999999999,3.705500000000015
85745,31.6,31.164999999999985,0.4350000000000165
72857,42.3,41.81049999999999,0.4895000000000067
96032,31.4,35.73299999999998,-4.332999999999984
49913,38.7,37.08400000000002,1.6159999999999854
60537,37.4,34.04450000000003,3.355499999999971
37690,35.9,37.455,-1.5549999999999997
99179,30.9,27.429000000000006,3.470999999999993
97435,37.4,32.89750000000004,4.502499999999955
12461,29.1,30.576999999999963,-1.4769999999999612
87821,30.2,35.372,-5.172000000000001
55443,28.7,34.65700000000003,-5.957000000000033
95051,19.5,24.72400000000001,-5.224000000000011
43845,43.2,41.49999999999998,1.7000000000000242
44880,39.5,40.02599999999998,-0.525999999999982
01030,31.3,34.158999999999956,-2.8589999999999556
36205,42.8,45.49749999999994,-2.697499999999941
49656,39.2,39.284500000000065,-0.08450000000006241
68946,45.3,35.57499999999997,9.72500000000003
37175,40.2,39.87800000000002,0.3219999999999814
71674,40.5,42.914500000000054,-2.4145000000000536
49696,34.8,32.90250000000005,1.897499999999944
35550,38.3,40.72899999999993,-2.428999999999931
38685,42.7,43.13950000000007,-0.4395000000000664
10279,14.7,19.855499999999978,-5.155499999999979
49747,39.9,37.79750000000003,2.1024999999999707
62345,40.5,36.74999999999994,3.750000000000057
60517,30.7,28.549499999999966,2.150500000000033
34288,32.3,33.217499999999966,-0.9174999999999685
74942,38.2,40.9775,-2.7774999999999963
05846,33.2,36.94100000000004,-3.741000000000035
07723,28.3,30.780500000000025,-2.480500000000024
71331,40.3,42.89049999999994,-2.590499999999942
23829,43.8,40.493,3.306999999999995
23834,37.4,32.98050000000005,4.41949999999995
38759,44.8,46.903999999999925,-2.103999999999928
75431,38.9,41.98400000000002,-3.0840000000000245
44670,36.6,32.74100000000005,3.858999999999952
55358,36.5,35.280000000000015,1.2199999999999847
08514,28.6,29.953000000000028,-1.3530000000000264
57337,35.4,38.30900000000004,-2.9090000000000416
60133,30.3,34.64549999999997,-4.345499999999969
89027,29.8,36.41649999999999,-6.616499999999991
06906,26.9,38.07400000000003,-11.174000000000028
76845,37.4,39.10949999999998,-1.7094999999999843
23607,48.9,41.97249999999996,6.9275000000000375
61750,39.4,33.82649999999997,5.573500000000031
44107,30.7,24.16850000000003,6.531499999999969
35055,35.9,34.66700000000006,1.2329999999999401
46041,40.9,41.967499999999994,-1.0674999999999955
68872,38.1,34.304499999999905,3.7955000000000965
85625,30.3,37.70049999999999,-7.40049999999999
33908,26.4,28.82149999999997,-2.42149999999997
05079,34.8,36.73850000000005,-1.9385000000000545
72834,40.8,39.087500000000055,1.7124999999999417
28774,30.5,30.660999999999973,-0.16099999999997294
84630,31.2,35.05699999999999,-3.8569999999999887
81321,28.5,33.03549999999995,-4.535499999999949
11554,27.2,31.024499999999968,-3.8244999999999685
45223,40.3,37.05249999999995,3.247500000000045
50458,38.0,35.53950000000003,2.4604999999999677
98208,31.1,28.087,3.0130000000000017
10705,31.3,37.67749999999996,-6.377499999999959
23325,43.4,38.79949999999995,4.600500000000046
74833,43.3,42.78950000000003,0.5104999999999649
60502,28.7,33.15450000000002,-4.454500000000021
84404,35.5,31.913,3.5869999999999997
21520,37.0,37.77650000000003,-0.7765000000000271
08107,30.2,36.15699999999998,-5.956999999999983
47022,34.7,33.86599999999993,0.8340000000000742
06479,29.9,32.49899999999999,-2.5989999999999895
46376,35.0,32.180999999999955,2.8190000000000452
05060,32.9,33.05550000000002,-0.15550000000002484
27937,39.2,36.74000000000004,2.4599999999999653
95828,29.2,33.22149999999999,-4.0214999999999925
29849,43.8,39.775500000000044,4.024499999999954
83466,32.1,35.97900000000002,-3.879000000000019
34491,33.3,36.605000000000004,-3.305000000000007
35640,36.7,37.03650000000004,-0.33650000000003644
38930,42.8,45.08150000000005,-2.281500000000051
90601,27.7,36.49599999999994,-8.795999999999939
21779,35.5,38.21600000000008,-2.7160000000000792
47396,33.6,34.19950000000003,-0.5995000000000275
92239,43.3,44.262000000000015,-0.9620000000000175
94040,20.9,25.70200000000005,-4.802000000000053
60050,32.9,33.80750000000004,-0.9075000000000415
81641,26.6,31.924499999999963,-5.324499999999961
30552,33.0,38.428500000000014,-5.428500000000014
02347,28.8,30.23450000000001,-1.4345000000000105
25442,38.0,36.94900000000006,1.050999999999938
36569,40.7,39.00400000000002,1.6959999999999837
93101,28.2,32.436999999999955,-4.236999999999956
79905,41.3,49.299499999999995,-7.999499999999998
61931,37.2,35.368999999999986,1.8310000000000173
80232,23.7,26.636,-2.936
14860,36.8,38.932500000000005,-2.1325000000000074
75973,41.7,41.16449999999992,0.5355000000000842
60474,38.0,36.09950000000001,1.9004999999999868
33890,38.4,40.44500000000009,-2.045000000000094
24639,40.8,40.62750000000005,0.1724999999999497
85347,41.5,42.82849999999997,-1.3284999999999698
06235,33.9,37.29499999999998,-3.394999999999982
88337,36.3,34.473500000000044,1.8264999999999532
96765,23.8,35.466499999999925,-11.666499999999925
56237,38.1,37.536500000000004,0.5634999999999977
51543,37.1,35.986999999999966,1.113000000000035
90291,23.8,23.68850000000003,0.11149999999997107
26298,42.6,37.64649999999992,4.9535000000000835
36538,40.6,37.8245,2.775500000000001
45877,43.2,36.908500000000025,6.291499999999978
84629,29.6,36.06100000000001,-6.461000000000006
68627,33.9,36.86150000000002,-2.9615000000000222
39823,40.7,41.29200000000004,-0.5920000000000343
95211,19.0,17.224,1.7759999999999998
97504,31.4,28.50400000000006,2.895999999999937
63041,40.0,40.02200000000004,-0.022000000000041098
74120,35.6,37.43050000000007,-1.8305000000000717
02655,25.0,26.743500000000004,-1.7435000000000045
03751,31.5,36.66899999999995,-5.168999999999947
34236,27.6,32.21399999999997,-4.613999999999969
23959,40.3,41.06699999999994,-0.7669999999999462
65757,38.3,36.72299999999995,1.577000000000048
80112,23.2,21.23300000000003,1.9669999999999703
80808,29.5,30.057999999999982,-0.5579999999999821
56137,35.9,37.28600000000001,-1.38600000000001
78352,42.5,40.86899999999997,1.6310000000000286
47116,44.3,40.41000000000005,3.8899999999999437
97753,35.8,30.560500000000044,5.239499999999953
97635,34.8,38.10949999999994,-3.309499999999943
49918,35.6,35.22549999999999,0.3745000000000118
23304,30.9,31.57299999999993,-0.6729999999999308
81133,30.8,38.03349999999993,-7.233499999999932
08317,30.3,37.1755,-6.875499999999999
29544,32.8,34.18250000000003,-1.3825000000000358
50228,37.5,36.11699999999998,1.3830000000000169
46747,36.9,35.39599999999999,1.504000000000012
53061,34.4,36.36349999999997,-1.963499999999975
55795,39.4,38.71449999999999,0.6855000000000118
11730,28.9,31.104499999999938,-2.204499999999939
29112,42.2,39.88699999999997,2.313000000000031
61235,37.4,37.61550000000003,-0.21550000000003422
13480,34.7,36.03850000000002,-1.3385000000000176
77382,27.3,31.725499999999993,-4.425499999999992
46764,41.1,37.47850000000004,3.621499999999962
63531,39.8,41.67000000000003,-1.870000000000033
08734,27.9,32.05599999999995,-4.155999999999949
56453,38.6,38.93100000000002,-0.3310000000000173
85194,38.0,36.126999999999974,1.873000000000026
29206,29.5,24.404000000000018,5.095999999999982
07005,23.0,30.03000000000002,-7.030000000000019
97524,34.1,33.3935,0.7064999999999984
96091,33.3,35.767999999999944,-2.4679999999999467
29655,37.3,37.74599999999996,-0.4459999999999624
69032,42.2,39.97500000000005,2.2249999999999517
72301,49.6,48.6335,0.9665000000000035
60048,29.9,25.73700000000005,4.162999999999947
31645,37.7,39.96850000000007,-2.268500000000067
76126,30.0,31.238999999999997,-1.2389999999999972
85371,41.7,42.63950000000002,-0.9395000000000167
70723,44.9,38.509999999999934,6.3900000000000645
68849,28.3,30.957500000000017,-2.6575000000000166
98354,34.9,29.50050000000001,5.399499999999989
80012,30.0,35.09450000000003,-5.094500000000032
67671,38.4,38.06499999999999,0.33500000000000796
13069,38.3,38.628999999999955,-0.328999999999958
78607,34.6,37.632999999999974,-3.032999999999973
14478,26.5,29.137500000000024,-2.637500000000024
58497,40.0,35.47950000000003,4.52049999999997
77044,39.2,34.09350000000004,5.106499999999961
45346,36.3,39.33349999999999,-3.0334999999999894
81122,21.9,27.475999999999985,-5.575999999999986
12766,28.6,38.11049999999999,-9.510499999999986
66502,28.9,30.686999999999966,-1.786999999999967
78635,37.6,38.57000000000007,-0.9700000000000699
32317,30.2,28.96249999999996,1.2375000000000398
44637,38.4,39.366000000000064,-0.966000000000065
80446,23.6,24.08400000000005,-0.48400000000004795
36444,44.2,45.58150000000007,-1.3815000000000666
44682,43.1,38.83349999999996,4.266500000000043
49261,39.1,37.995999999999945,1.104000000000056
47949,43.0,36.070999999999955,6.929000000000045
80512,23.5,21.134000000000018,2.365999999999982
12720,28.3,31.015500000000088,-2.7155000000000875
14001,32.5,34.707500000000074,-2.207500000000074
95606,29.4,37.30499999999998,-7.90499999999998
67491,38.5,40.151499999999956,-1.651499999999956
95587,30.9,38.285,-7.384999999999998
33175,27.9,31.129999999999992,-3.2299999999999933
62995,51.5,47.528499999999994,3.971500000000006
49886,38.7,36.36199999999999,2.338000000000015
44118,32.9,32.21100000000002,0.6889999999999787
73048,37.8,39.74099999999999,-1.9409999999999954
56134,37.3,36.816999999999915,0.48300000000008225
13625,40.4,35.83300000000004,4.5669999999999575
63014,39.2,39.453999999999944,-0.25399999999994094
13410,38.4,35.54450000000001,2.855499999999985
38560,40.6,41.267500000000034,-0.6675000000000324
24945,40.9,39.52499999999999,1.375000000000007
06750,27.0,34.08000000000001,-7.0800000000000125
49250,38.2,37.39049999999998,0.8095000000000212
55042,32.2,26.297499999999967,5.902500000000035
22932,28.4,27.988499999999974,0.41150000000002507
35989,39.3,39.38800000000003,-0.08800000000002939
06424,29.4,31.41049999999992,-2.0104999999999222
91502,26.0,32.35749999999996,-6.357499999999959
01349,26.7,30.477500000000017,-3.7775000000000176
32226,31.9,35.14900000000004,-3.249000000000045
29733,37.9,37.446500000000015,0.453499999999984
23139,36.3,28.803500000000028,7.496499999999969
14873,38.0,37.61249999999998,0.38750000000001705
26638,42.6,42.72400000000009,-0.1240000000000876
76261,35.3,38.82850000000005,-3.528500000000051
14609,36.9,36.21700000000003,0.6829999999999714
57051,36.9,34.55750000000005,2.3424999999999514
68430,34.0,29.31500000000005,4.684999999999949
35160,46.0,37.995499999999964,8.004500000000036
89015,32.1,33.25749999999998,-1.1574999999999775
74554,38.9,38.683999999999955,0.2160000000000437
97266,30.5,34.63400000000001,-4.1340000000000074
56332,34.8,32.227000000000054,2.5729999999999436
70438,44.2,44.988499999999895,-0.7884999999998925
96779,28.4,34.060999999999964,-5.660999999999966
73718,41.6,40.88399999999998,0.7160000000000224
12542,29.5,30.940499999999975,-1.4404999999999752
54635,39.0,38.70949999999999,0.29050000000000864
94528,25.1,24.364500000000024,0.735499999999977
02764,29.3,29.923999999999996,-0.6239999999999952
02322,27.6,33.97749999999997,-6.377499999999969
59419,32.6,37.03000000000005,-4.4300000000000495
29303,40.8,38.57699999999995,2.2230000000000487
58258,39.2,36.6315,2.5685000000000002
68783,39.1,38.68550000000002,0.41449999999998255
45111,29.9,22.961000000000023,6.938999999999975
46814,33.8,24.960500000000007,8.83949999999999
78721,34.0,32.333999999999975,1.6660000000000252
10314,28.5,30.81599999999998,-2.315999999999981
43723,38.9,41.36500000000003,-2.465000000000032
28773,31.7,32.76400000000002,-1.0640000000000178
32818,40.5,38.18450000000006,2.3154999999999433
02532,26.5,28.882,-2.3820000000000014
74431,43.6,44.522499999999916,-0.9224999999999142
48038,36.5,30.244999999999983,6.255000000000017
01520,29.5,29.001499999999986,0.49850000000001415
52255,42.5,38.30000000000006,4.199999999999939
68332,35.4,36.13900000000006,-0.7390000000000612
14590,39.7,39.88450000000006,-0.18450000000005673
39402,36.8,34.556499999999986,2.2435000000000116
70342,41.8,39.77699999999997,2.0230000000000246
44866,39.8,38.11749999999997,1.6825000000000259
13617,36.4,32.507499999999965,3.892500000000034
33834,41.1,41.69499999999996,-0.5949999999999562
26656,40.9,43.44949999999995,-2.549499999999952
21811,31.7,30.66550000000002,1.03449999999998
72539,38.9,41.79599999999998,-2.8959999999999795
33312,32.5,39.69849999999996,-7.19849999999996
67109,40.4,37.8815,2.518499999999996
03253,29.4,32.92049999999997,-3.52049999999997
47370,38.7,38.236999999999945,0.4630000000000578
97459,32.9,29.779500000000038,3.1204999999999607
25928,45.6,42.75400000000003,2.845999999999968
56289,38.1,34.693500000000014,3.406499999999987
75602,42.2,39.71800000000002,2.481999999999985
08036,27.7,31.454000000000033,-3.7540000000000333
77632,37.1,35.858000000000054,1.2419999999999476
89143,30.1,29.220999999999986,0.8790000000000155
56629,39.4,36.129,3.271000000000001
32963,21.7,27.503499999999967,-5.803499999999968
56339,39.1,36.26050000000002,2.8394999999999797
80202,18.7,22.393,-3.6930000000000014
02571,30.2,30.90350000000002,-0.7035000000000196
72616,38.5,41.67699999999994,-3.1769999999999428
56169,38.3,37.98399999999997,0.3160000000000238
55360,34.3,34.61800000000002,-0.31800000000002626
20754,33.8,28.405999999999985,5.394000000000013
24330,41.4,40.74099999999997,0.6590000000000273
32221,34.3,39.125,-4.825000000000003
92352,30.7,31.083499999999994,-0.3834999999999944
39337,34.9,38.299499999999945,-3.3994999999999465
27201,32.6,34.1985,-1.5985000000000014
72067,38.0,41.86199999999998,-3.8619999999999806
66543,42.9,40.5169999999999,2.383000000000095
25503,42.6,41.897499999999994,0.7025000000000077
04862,30.7,32.16949999999994,-1.4694999999999432
25156,38.2,38.323,-0.12299999999999756
75926,37.0,37.71150000000006,-0.7115000000000578
48471,39.6,39.32449999999997,0.2755000000000294
69161,38.3,37.61200000000004,0.6879999999999598
28667,31.0,36.40650000000001,-5.406500000000008
11234,25.1,26.53550000000002,-1.4355000000000189
63071,41.9,42.22750000000003,-0.327500000000029
37343,32.2,32.91399999999996,-0.713999999999956
07645,23.8,32.160499999999956,-8.360499999999956
55382,36.8,33.6165,3.183499999999995
85941,45.0,41.82699999999994,3.1730000000000587
66204,33.0,32.43799999999995,0.5620000000000474
87514,25.4,30.381500000000003,-4.981500000000004
37383,20.1,24.208000000000013,-4.108000000000011
84737,34.2,27.63049999999997,6.569500000000033
97467,38.7,35.361500000000035,3.338499999999968
83549,32.6,38.54400000000004,-5.944000000000038
95032,22.4,28.885499999999983,-6.485499999999984
72629,41.7,42.8225,-1.1224999999999952
39534,20.0,23.649499999999993,-3.6494999999999926
07463,24.8,28.498499999999975,-3.6984999999999744
59853,36.2,37.38349999999997,-1.1834999999999667
10588,23.3,28.034499999999927,-4.734499999999926
10034,23.7,32.18299999999997,-8.482999999999972
75850,35.3,37.167,-1.8670000000000044
56044,38.4,34.788499999999985,3.6115000000000137
14855,35.8,37.356499999999976,-1.5564999999999785
56129,37.3,38.096000000000025,-0.7960000000000278
66736,39.8,39.32049999999997,0.47950000000003
98327,32.5,26.229000000000024,6.270999999999976
27529,32.9,31.337999999999994,1.5620000000000047
49796,34.3,35.19850000000003,-0.898500000000034
56641,37.3,42.26800000000009,-4.968000000000096
19962,42.2,36.631499999999996,5.568500000000007
04551,29.5,30.594999999999967,-1.0949999999999669
52315,38.9,36.10699999999995,2.793000000000049
69127,36.2,38.21649999999991,-2.0164999999999083
86336,24.6,24.868499999999994,-0.2684999999999924
60633,36.3,38.57149999999996,-2.2714999999999606
05486,29.3,30.61550000000002,-1.3155000000000179
98068,31.5,23.712500000000006,7.787499999999994
48741,41.5,37.387500000000024,4.112499999999976
63012,39.5,35.476999999999975,4.023000000000025
23843,42.4,41.237999999999964,1.1620000000000346
75645,37.9,39.44500000000001,-1.5450000000000088
57434,35.1,37.43100000000004,-2.3310000000000386
47115,43.0,36.274500000000046,6.725499999999954
03864,33.5,34.518499999999975,-1.0184999999999746
95368,34.3,35.836499999999916,-1.5364999999999185
78133,36.5,30.591000000000008,5.908999999999992
50861,36.9,33.027000000000065,3.8729999999999336
58630,36.7,31.691,5.009000000000004
34667,32.0,33.62749999999996,-1.6274999999999622
07738,28.0,23.78849999999997,4.211500000000029
90720,23.6,25.561,-1.9609999999999985
70560,44.5,37.37249999999998,7.127500000000019
85008,35.4,37.14249999999995,-1.74249999999995
78648,41.3,39.5435,1.7564999999999955
27539,27.7,23.908999999999974,3.7910000000000252
58216,40.6,37.60500000000005,2.994999999999955
67451,41.9,38.73999999999999,3.160000000000011
55366,39.1,36.59999999999996,2.5000000000000426
58029,34.3,31.752999999999993,2.547000000000004
71945,39.4,41.88400000000004,-2.4840000000000444
96858,22.2,18.560000000000027,3.639999999999972
37306,36.4,40.60949999999997,-4.20949999999997
46186,42.3,35.10150000000001,7.198499999999989
01378,25.8,33.30550000000001,-7.5055000000000085
05257,27.9,28.968499999999995,-1.0684999999999967
38231,41.8,41.75249999999997,0.04750000000002785
58231,35.7,35.75999999999998,-0.05999999999997385
01010,30.9,34.3285,-3.4284999999999997
21830,38.5,36.48199999999998,2.018000000000022
48170,27.4,28.031499999999983,-0.6314999999999849
82223,34.7,34.990000000000045,-0.2900000000000418
62044,39.5,38.33450000000006,1.1654999999999376
79036,34.6,36.12749999999998,-1.527499999999982
70757,44.3,42.439499999999924,1.8605000000000729
60556,35.0,35.06849999999995,-0.06849999999995049
98859,30.2,34.62050000000005,-4.42050000000005
49632,38.7,38.623999999999995,0.07600000000000762
21853,40.0,38.299000000000085,1.7009999999999152
96713,35.0,35.55200000000003,-0.552000000000028
23605,44.7,39.66599999999998,5.03400000000002
60134,31.2,25.240000000000013,5.959999999999987
97498,32.2,29.072500000000005,3.1274999999999977
47110,46.2,38.18549999999996,8.01450000000004
56519,34.6,36.06199999999998,-1.461999999999982
85631,42.0,39.926500000000004,2.0734999999999957
14821,36.1,37.75049999999995,-1.6504999999999512
81045,27.8,35.93900000000006,-8.139000000000056
77905,36.4,38.82350000000001,-2.4235000000000113
20617,37.0,31.70500000000002,5.29499999999998
26541,34.9,36.37500000000004,-1.475000000000044
46538,39.0,36.79150000000001,2.2084999999999866
20019,34.6,35.94799999999991,-1.3479999999999066
45362,35.3,37.94100000000001,-2.6410000000000124
77624,41.7,40.62300000000007,1.0769999999999342
29626,38.4,39.38149999999993,-0.981499999999933
63401,40.7,39.848000000000035,0.8519999999999683
70725,37.9,36.61699999999994,1.283000000000058
25051,47.0,41.184499999999964,5.815500000000036
91011,18.5,28.050000000000008,-9.550000000000008
60041,36.2,33.93850000000003,2.2614999999999696
70001,38.7,35.990000000000016,2.7099999999999866
98329,37.0,25.959000000000017,11.040999999999983
32428,40.1,39.21150000000004,0.8884999999999579
23150,36.9,34.763500000000015,2.136499999999984
14803,36.3,38.09949999999995,-1.7994999999999521
78950,32.5,32.43750000000005,0.06249999999995026
97301,46.1,34.25499999999998,11.84500000000002
04263,38.3,37.94699999999995,0.35300000000004417
70393,39.7,42.07750000000003,-2.377500000000026
68937,38.1,38.49649999999994,-0.39649999999993923
72430,39.0,40.18650000000004,-1.1865000000000379
61816,32.2,30.792500000000015,1.4074999999999882
27101,45.2,38.60200000000002,6.597999999999985
77049,40.0,36.25749999999999,3.742500000000007
58492,37.4,31.16099999999994,6.239000000000058
49622,36.9,34.15049999999995,2.7495000000000474
84004,28.5,21.859499999999972,6.640500000000028
45238,36.7,33.27900000000002,3.420999999999985
67561,45.2,39.11899999999999,6.08100000000001
75565,37.2,36.61099999999996,0.5890000000000413
50277,37.4,38.222999999999935,-0.8229999999999364
99160,39.6,34.88449999999997,4.715500000000034
84071,36.8,33.41799999999998,3.382000000000019
98926,34.2,27.5585,6.641500000000004
08080,29.8,28.937499999999986,0.8625000000000149
38363,42.6,42.68400000000003,-0.0840000000000316
68628,40.6,39.2470000000001,1.352999999999902
26631,44.1,46.684499999999915,-2.584499999999913
54494,39.3,37.055500000000045,2.2444999999999524
29175,35.0,39.46799999999996,-4.467999999999961
99739,42.6,39.50950000000003,3.0904999999999703
38579,41.2,37.98600000000004,3.213999999999963
81429,30.8,38.649000000000015,-7.849000000000014
23140,37.9,34.57700000000003,3.322999999999972
93210,41.5,40.60650000000006,0.8934999999999391
96029,31.6,37.95499999999995,-6.354999999999947
33616,29.0,31.726500000000055,-2.7265000000000548
28278,28.1,29.33350000000006,-1.2335000000000598
94707,21.3,23.068500000000007,-1.7685000000000066
46791,41.2,36.18500000000007,5.0149999999999295
34237,33.1,33.99549999999996,-0.8954999999999558
13135,36.3,35.63250000000001,0.6674999999999898
01266,28.3,32.614,-4.3139999999999965
99692,28.1,37.83800000000004,-9.738000000000035
75402,34.9,36.71800000000002,-1.8180000000000192
35068,36.1,37.446499999999986,-1.3464999999999847
20005,20.4,16.603000000000012,3.7969999999999864
57219,33.6,35.94000000000002,-2.3400000000000176
55726,37.1,38.30000000000001,-1.20000000000001
63373,38.4,38.64650000000004,-0.24650000000004013
79836,37.7,48.38299999999995,-10.68299999999995
03854,29.2,28.04899999999999,1.1510000000000105
55367,34.3,34.553000000000054,-0.25300000000005696
24243,40.9,39.384999999999984,1.5150000000000148
76103,39.1,44.11199999999996,-5.011999999999958
23824,43.4,39.30549999999997,4.094500000000032
88101,39.9,34.88599999999996,5.014000000000038
73032,38.5,38.79649999999995,-0.296499999999952
29944,41.9,41.02500000000003,0.8749999999999716
99152,36.2,30.78849999999994,5.411500000000064
77363,36.0,40.133000000000024,-4.133000000000024
80728,28.7,37.078500000000005,-8.378500000000006
10199,20.9,28.188999999999982,-7.288999999999984
79065,38.3,38.82750000000011,-0.52750000000011
46799,40.3,33.721000000000075,6.5789999999999225
98844,34.5,36.89850000000001,-2.3985000000000127
45653,44.1,40.40499999999997,3.6950000000000287
64150,41.4,38.43950000000007,2.960499999999925
77664,36.8,37.66350000000001,-0.8635000000000161
62532,40.2,31.07800000000002,9.121999999999982
95039,34.6,40.250500000000066,-5.650500000000065
60155,38.0,35.60550000000005,2.394499999999951
95351,40.6,39.032499999999935,1.5675000000000665
13020,35.4,34.59150000000003,0.8084999999999667
54946,27.9,39.589500000000015,-11.689500000000017
97810,36.9,35.802000000000014,1.0979999999999848
74330,39.9,40.65400000000006,-0.7540000000000617
72617,38.1,40.54849999999992,-2.4484999999999175
60118,33.3,27.6525,5.647499999999997
80547,22.3,18.894999999999985,3.4050000000000153
55017,32.7,36.59699999999999,-3.8969999999999843
28788,34.3,33.03750000000004,1.2624999999999602
68182,20.3,17.793499999999987,2.5065000000000133
68813,39.9,38.49750000000003,1.4024999999999679
56252,39.1,37.169999999999966,1.9300000000000352
54481,35.3,29.308000000000007,5.99199999999999
45645,41.4,40.4335,0.9664999999999964
22701,38.6,34.84349999999993,3.7565000000000737
45855,42.0,38.672999999999966,3.3270000000000337
60402,32.8,32.23399999999993,0.5660000000000664
19973,37.8,40.04150000000002,-2.2415000000000234
72040,41.3,43.657,-2.3569999999999993
45101,43.5,44.45650000000004,-0.956500000000041
79748,37.2,38.355500000000056,-1.1555000000000533
49946,38.6,36.12400000000009,2.475999999999914
55430,31.0,36.46150000000005,-5.461500000000051
61611,37.1,32.691499999999984,4.408500000000018
54769,36.5,39.22099999999998,-2.7209999999999823
89124,30.4,35.059000000000026,-4.659000000000027
07756,31.0,29.799500000000016,1.200499999999984
49636,28.7,29.02600000000004,-0.3260000000000396
84784,33.9,29.10099999999998,4.799000000000017
63880,47.0,46.211500000000086,0.7884999999999138
23518,37.8,33.59949999999996,4.200500000000034
72333,47.9,50.98300000000005,-3.083000000000048
27808,34.1,33.96300000000006,0.1369999999999436
71079,40.8,43.637499999999946,-2.837499999999949
95242,28.6,29.491500000000006,-0.8915000000000042
28390,40.1,35.63950000000007,4.460499999999932
08270,36.0,35.97199999999997,0.028000000000027114
29519,48.0,44.667999999999964,3.3320000000000363
45694,41.5,37.72249999999991,3.7775000000000887
74883,43.3,43.543499999999995,-0.24349999999999739
80011,33.4,38.22050000000001,-4.82050000000001
35446,43.9,39.936999999999955,3.9630000000000436
57433,34.8,38.21050000000008,-3.4105000000000842
47590,37.6,38.12500000000002,-0.5250000000000199
89040,30.2,39.294000000000054,-9.094000000000054
33860,40.4,40.07049999999999,0.3295000000000101
12946,33.9,32.71399999999999,1.186000000000007
44683,46.2,39.17550000000004,7.024499999999961
79097,35.6,38.16549999999997,-2.5654999999999717
97368,39.3,36.20600000000006,3.0939999999999372
97828,34.2,33.484999999999964,0.7150000000000389
47880,36.7,34.96400000000001,1.73599999999999
72611,40.2,43.7585,-3.558499999999995
50063,34.3,34.03400000000002,0.2659999999999769
94938,21.8,27.603000000000005,-5.803000000000004
14750,33.2,33.69100000000001,-0.49100000000000676
95683,26.3,24.674499999999995,1.625500000000006
57379,35.0,34.913499999999964,0.08650000000003644
33707,31.0,29.972,1.0279999999999987
30730,34.5,41.461499999999916,-6.961499999999916
90272,20.7,25.24200000000001,-4.542000000000012
02649,26.6,28.995500000000007,-2.3955000000000055
24938,38.8,36.973500000000044,1.8264999999999532
27401,43.0,38.62,4.380000000000003
13164,34.6,29.089999999999954,5.510000000000048
49705,44.0,37.75699999999999,6.243000000000009
79832,23.2,26.163000000000032,-2.963000000000033
73112,37.4,33.66849999999997,3.7315000000000254
52656,34.2,36.46249999999997,-2.2624999999999673
33545,32.0,34.40299999999999,-2.4029999999999916
47006,37.3,36.95149999999998,0.3485000000000156
64001,34.9,38.01450000000007,-3.1145000000000707
72454,39.5,42.553499999999964,-3.053499999999964
44432,43.4,39.80999999999997,3.590000000000032
36618,42.3,39.874500000000054,2.4254999999999427
72152,47.6,46.78049999999992,0.8195000000000832
54654,39.6,38.596000000000004,1.0039999999999978
03102,34.2,27.22900000000006,6.970999999999943
04276,37.6,38.65450000000004,-1.05450000000004
20155,30.3,30.988000000000007,-0.6880000000000059
29493,40.6,40.73099999999998,-0.1309999999999789
91602,24.4,27.178999999999977,-2.7789999999999786
71957,40.8,43.09449999999996,-2.294499999999964
27504,35.4,33.977500000000035,1.422499999999964
80228,22.3,21.080999999999996,1.2190000000000047
26601,42.1,44.96450000000011,-2.864500000000106
78257,27.7,31.155000000000026,-3.4550000000000267
77562,38.8,37.53400000000005,1.2659999999999485
75647,37.2,40.02799999999999,-2.8279999999999887
04414,34.6,38.04050000000007,-3.440500000000071
98524,33.5,29.577499999999986,3.9225000000000136
76389,35.6,36.95449999999999,-1.3544999999999874
20632,37.7,33.1385,4.561500000000002
14716,36.8,37.12099999999994,-0.3209999999999411
14845,27.8,32.40399999999996,-4.60399999999996
26845,37.7,37.898000000000046,-0.19800000000004303
45131,41.8,39.838999999999935,1.9610000000000625
90061,34.6,40.058999999999976,-5.458999999999975
12781,30.3,36.88150000000002,-6.581500000000016
02081,23.4,26.652500000000035,-3.252500000000037
27509,38.2,38.923999999999985,-0.7239999999999824
95357,35.8,37.256499999999946,-1.4564999999999486
98239,32.0,24.685000000000006,7.314999999999994
68413,40.2,38.53900000000001,1.6609999999999943
23027,38.1,35.40350000000004,2.696499999999965
29805,36.1,38.50400000000001,-2.4040000000000106
67751,37.6,37.83400000000007,-0.2340000000000657
70719,38.4,36.83749999999999,1.562500000000007
91730,31.7,30.54950000000002,1.1504999999999797
65729,43.3,48.10400000000001,-4.804000000000016
08106,26.7,31.278000000000002,-4.578000000000003
22025,33.4,30.379000000000065,3.0209999999999333
31216,40.4,36.380500000000055,4.019499999999944
78748,30.1,28.61499999999999,1.48500000000001
51244,35.0,35.12549999999998,-0.12549999999998107
43065,29.9,27.341499999999982,2.5585000000000164
47125,39.9,36.404500000000056,3.495499999999943
48035,38.9,35.12650000000003,3.77349999999997
60644,45.4,40.46849999999994,4.931500000000057
29611,39.8,37.94050000000002,1.8594999999999757
70083,45.3,41.01350000000002,4.286499999999975
22191,36.7,33.01399999999993,3.686000000000071
66757,40.2,38.69999999999989,1.5000000000001137
34141,28.5,37.02699999999993,-8.52699999999993
55047,32.6,28.13499999999996,4.4650000000000425
75790,35.6,36.68450000000007,-1.0845000000000695
45168,39.7,39.00700000000003,0.6929999999999694
78560,43.7,43.92850000000003,-0.22850000000002524
84523,32.2,36.43899999999996,-4.238999999999955
35582,39.5,38.93549999999994,0.5645000000000593
23389,38.6,37.90350000000001,0.6964999999999932
31097,38.1,39.39349999999999,-1.2934999999999874
64840,38.4,40.482500000000016,-2.0825000000000173
56516,41.8,39.99749999999999,1.802500000000009
88419,33.8,39.5425,-5.7425
67428,38.4,39.63600000000008,-1.2360000000000824
83643,34.9,36.57449999999993,-1.6744999999999308
55926,36.8,37.679999999999964,-0.879999999999967
33411,26.9,29.66999999999993,-2.769999999999932
11576,23.5,26.279000000000025,-2.779000000000025
55734,36.6,33.479499999999994,3.120500000000007
43512,35.7,36.18250000000001,-0.4825000000000088
45231,38.4,34.78349999999993,3.616500000000066
37764,38.1,38.4865,-0.38649999999999807
04411,40.3,39.572500000000005,0.727499999999992
77375,33.6,31.58750000000005,2.012499999999953
83334,36.1,42.65949999999999,-6.559499999999986
14522,36.2,34.247000000000014,1.9529999999999887
89045,39.1,37.69249999999999,1.407500000000013
65676,44.3,44.89799999999997,-0.5979999999999706
53516,40.6,38.61650000000004,1.9834999999999638
50841,39.3,38.79799999999999,0.5020000000000095
63005,25.0,26.720500000000005,-1.7205000000000048
47906,26.1,25.557000000000038,0.5429999999999637
74555,41.1,41.90949999999992,-0.8094999999999217
82212,35.6,37.474999999999994,-1.874999999999993
43623,33.7,36.53449999999996,-2.834499999999956
51346,40.0,38.48949999999998,1.5105000000000217
01379,26.6,33.2035,-6.603499999999997
74547,39.4,39.22299999999994,0.17700000000005645
28527,40.2,36.28750000000008,3.9124999999999233
72841,37.8,40.90400000000007,-3.1040000000000703
36830,34.2,32.02650000000003,2.173499999999976
12977,41.9,36.45450000000001,5.4454999999999885
99750,42.8,40.96100000000004,1.838999999999956
12747,35.3,41.985499999999966,-6.685499999999969
36612,53.0,48.22350000000005,4.776499999999949
49779,41.1,37.500000000000036,3.599999999999966
66781,44.1,39.31350000000003,4.786499999999968
46516,47.2,38.6835,8.5165
56055,35.5,36.02799999999996,-0.5279999999999632
28328,43.2,38.80099999999996,4.3990000000000435
30327,21.9,25.311500000000013,-3.4115000000000144
46075,32.0,25.253,6.747
92129,20.0,24.487999999999996,-4.487999999999996
88112,36.6,33.706999999999994,2.893000000000008
71032,45.3,44.45399999999999,0.8460000000000036
02052,22.7,23.179500000000026,-0.47950000000002646
01452,32.7,33.50099999999999,-0.8009999999999877
64012,39.5,36.63900000000008,2.860999999999919
54114,39.0,39.54749999999999,-0.5474999999999923
52754,40.9,37.29050000000002,3.6094999999999757
84735,28.9,29.259499999999935,-0.35949999999993665
50008,42.3,38.61750000000007,3.6824999999999264
55710,36.4,37.80500000000004,-1.4050000000000438
56382,36.9,39.34249999999996,-2.44249999999996
53716,34.4,33.71199999999997,0.6880000000000308
62808,37.6,34.21649999999999,3.383500000000012
74848,43.0,41.07799999999995,1.9220000000000468
56711,35.5,33.29350000000001,2.2064999999999912
59824,35.0,36.32100000000003,-1.3210000000000335
64421,40.2,38.687999999999946,1.5120000000000573
32922,39.1,38.10400000000002,0.9959999999999809
98023,25.9,25.655000000000005,0.2449999999999939
03845,30.6,30.097000000000058,0.5029999999999433
21047,32.6,28.851499999999987,3.748500000000014
51033,37.8,38.46799999999999,-0.6679999999999922
57651,35.4,32.94499999999994,2.455000000000055
13308,36.5,32.55550000000004,3.9444999999999624
78411,40.8,40.39399999999998,0.4060000000000201
84751,29.5,34.33250000000005,-4.832500000000053
63106,49.8,41.59400000000007,8.205999999999925
67667,40.0,35.384000000000036,4.615999999999964
26161,44.6,44.34050000000004,0.2594999999999601
99009,37.0,30.82649999999995,6.17350000000005
94568,18.6,24.855499999999974,-6.255499999999973
12496,33.6,36.11299999999992,-2.51299999999992
39854,41.9,41.98050000000008,-0.08050000000007884
64487,38.7,40.23949999999998,-1.5394999999999754
73016,37.4,39.526999999999994,-2.1269999999999953
81225,23.3,19.774500000000035,3.5254999999999654
65334,34.4,38.57599999999995,-4.175999999999952
60550,34.3,34.66700000000009,-0.3670000000000897
24851,40.0,41.73949999999998,-1.7394999999999783
10526,21.9,25.57249999999997,-3.672499999999971
68366,38.7,36.768999999999934,1.9310000000000684
51022,35.8,34.78149999999996,1.0185000000000386
25672,44.4,47.02099999999995,-2.6209999999999525
37691,41.1,41.021000000000015,0.07899999999998641
10541,26.8,30.13700000000002,-3.337000000000021
65283,38.0,40.9145,-2.9144999999999968
76519,38.1,35.125500000000045,2.9744999999999564
76107,31.1,32.05700000000006,-0.9570000000000576
30821,43.9,44.04049999999991,-0.14049999999991059
56181,37.6,38.20200000000005,-0.6020000000000465
68770,42.0,40.16700000000001,1.8329999999999913
96813,25.0,30.3865,-5.386500000000002
92236,40.7,41.95100000000003,-1.251000000000026
95223,26.5,28.932,-2.4319999999999986
81427,23.8,24.55699999999998,-0.7569999999999801
36574,35.7,38.050499999999985,-2.3504999999999825
50231,35.6,34.946000000000026,0.653999999999975
75093,30.0,25.996000000000016,4.003999999999984
45881,39.8,38.434499999999964,1.3655000000000328
53066,34.9,31.262499999999953,3.6375000000000455
43750,36.5,38.79250000000003,-2.2925000000000324
04416,31.6,34.617999999999974,-3.0179999999999723
55955,35.1,31.00700000000004,4.092999999999961
56727,39.1,39.13349999999997,-0.03349999999996811
98223,33.8,27.365999999999943,6.434000000000054
56340,35.6,35.77349999999997,-0.17349999999996868
04453,43.4,38.74099999999997,4.659000000000027
72573,42.5,41.08849999999998,1.411500000000018
08515,25.3,29.060999999999964,-3.7609999999999637
03273,32.7,27.020500000000013,5.67949999999999
43778,36.4,42.04799999999997,-5.647999999999975
54664,38.9,39.03949999999994,-0.13949999999994134
13783,34.0,37.58450000000001,-3.5845000000000127
45783,43.4,42.87399999999997,0.5260000000000318
77318,31.2,36.68949999999999,-5.489499999999989
05751,33.8,30.111,3.6889999999999965
79851,36.9,40.917999999999964,-4.017999999999965
70763,38.8,35.99050000000002,2.8094999999999786
62688,37.8,35.73199999999999,2.068000000000005
11739,27.2,30.64600000000005,-3.4460000000000512
61434,38.8,37.978499999999954,0.821500000000043
12918,33.0,36.36850000000002,-3.3685000000000187
24534,42.5,41.8645,0.6355000000000004
71009,35.9,37.32399999999994,-1.4239999999999426
92256,36.7,35.160500000000035,1.5394999999999683
57345,34.5,36.32549999999995,-1.8254999999999484
27947,35.7,34.276000000000025,1.4239999999999782
28387,31.0,28.01299999999998,2.9870000000000196
47615,39.4,35.96150000000006,3.438499999999941
30411,44.2,41.279999999999994,2.920000000000009
50603,39.7,40.44400000000004,-0.7440000000000353
38337,41.3,37.331999999999994,3.9680000000000035
95930,34.1,40.872499999999974,-6.772499999999972
82063,25.2,22.588500000000035,2.611499999999964
32334,42.4,38.05649999999995,4.3435000000000485
76255,35.9,38.78099999999999,-2.880999999999993
54943,40.8,40.72749999999996,0.07250000000004064
07108,41.0,42.47150000000002,-1.4715000000000202
43542,31.0,33.60150000000004,-2.601500000000037
73440,38.2,42.01699999999998,-3.816999999999979
98262,25.6,25.094499999999996,0.505500000000005
24595,26.2,30.25900000000005,-4.059000000000051
92020,29.4,35.92449999999992,-6.524499999999918
36870,40.4,36.02249999999997,4.377500000000026
52313,41.5,35.92450000000002,5.575499999999977
99688,39.2,35.4435,3.7565000000000026
05652,30.2,34.66449999999998,-4.464499999999983
59544,40.1,38.52900000000005,1.5709999999999482
06078,30.0,31.691999999999947,-1.6919999999999469
55957,37.7,34.35750000000002,3.34249999999998
70548,43.6,42.57550000000005,1.0244999999999536
21787,40.9,38.26000000000003,2.639999999999965
60601,22.2,22.775999999999982,-0.5759999999999827
67055,34.9,31.004999999999985,3.895000000000014
23899,39.7,37.19800000000001,2.5019999999999953
98024,23.4,21.237500000000015,2.1624999999999837
13635,42.2,38.84349999999997,3.3565000000000325
66219,31.1,28.313000000000006,2.7869999999999955
59633,29.3,30.263999999999925,-0.963999999999924
51360,37.7,32.53300000000004,5.166999999999966
58045,38.1,33.88400000000004,4.2159999999999584
01536,30.2,30.068500000000018,0.1314999999999813
68309,43.3,39.05550000000001,4.244499999999988
27807,35.8,36.674500000000016,-0.8745000000000189
73072,33.4,31.734999999999978,1.6650000000000205
62538,38.4,35.55350000000001,2.846499999999992
75203,42.8,45.85600000000012,-3.0560000000001253
24733,37.6,39.24749999999992,-1.6474999999999156
02638,24.7,31.44049999999995,-6.740499999999951
98672,32.1,27.908500000000004,4.191499999999998
33186,27.2,30.869500000000045,-3.6695000000000455
08072,31.9,35.5315,-3.6315000000000026
04442,34.0,35.6985,-1.6985000000000028
78736,29.0,27.082500000000024,1.9174999999999756
60922,37.4,32.11500000000005,5.284999999999947
05667,28.4,31.4705,-3.0705000000000027
53059,42.4,37.97449999999996,4.425500000000035
62624,38.0,32.68599999999997,5.3140000000000285
48855,32.5,33.117500000000085,-0.617500000000085
57645,41.7,40.65900000000001,1.0409999999999897
32358,40.9,41.18900000000002,-0.2890000000000228
29369,36.1,33.563500000000055,2.536499999999947
33540,31.9,37.42750000000003,-5.527500000000032
78636,35.7,33.85800000000003,1.8419999999999703
44691,36.7,32.261999999999944,4.438000000000059
71237,42.5,42.09450000000002,0.4054999999999822
04852,31.4,26.556499999999986,4.843500000000013
97145,35.6,32.48649999999992,3.11350000000008
80010,35.1,36.539500000000004,-1.4395000000000024
56257,35.3,36.663,-1.3629999999999995
75668,38.0,39.63799999999999,-1.637999999999991
19734,32.2,34.393499999999996,-2.193499999999993
10915,31.3,34.44700000000003,-3.1470000000000304
55106,32.8,34.63250000000003,-1.8325000000000315
37172,39.3,41.97549999999997,-2.675499999999971
67133,36.8,33.35400000000002,3.4459999999999766
78141,36.4,39.86199999999998,-3.461999999999982
13835,33.0,37.28949999999997,-4.289499999999968
63130,30.9,31.486500000000042,-0.5865000000000435
50240,38.0,35.677999999999926,2.322000000000074
28644,36.5,36.60049999999992,-0.10049999999991854
48731,40.1,38.732500000000044,1.367499999999957
61262,36.1,34.835000000000015,1.2649999999999864
14212,41.4,42.486999999999995,-1.0869999999999962
78224,37.3,47.59150000000002,-10.29150000000002
90670,28.3,36.363000000000014,-8.063000000000013
94401,25.6,27.48850000000003,-1.888500000000029
10989,27.2,31.446499999999983,-4.246499999999983
95726,30.5,33.65300000000003,-3.153000000000027
23320,39.7,28.325000000000045,11.374999999999957
25535,42.2,41.64450000000005,0.5554999999999524
05070,34.3,34.54149999999998,-0.24149999999998073
49412,36.2,35.55000000000004,0.649999999999963
68647,39.7,32.19249999999991,7.507500000000093
03063,32.2,30.53350000000002,1.6664999999999814
85192,39.7,40.11249999999999,-0.4124999999999872
29669,35.4,35.854000000000035,-0.45400000000003615
60061,28.1,26.78150000000002,1.3184999999999825
26238,43.4,42.15700000000003,1.2429999999999666
49339,40.6,34.685500000000026,5.914499999999975
76828,37.0,34.62899999999999,2.3710000000000093
77034,39.9,38.984000000000066,0.9159999999999329
90805,30.7,32.9425,-2.2425000000000033
44224,33.6,29.186000000000014,4.413999999999987
22627,35.7,37.558000000000014,-1.8580000000000112
39096,42.1,41.42200000000007,0.6779999999999333
95348,31.0,38.211499999999994,-7.211499999999994
46113,36.0,32.23199999999998,3.768000000000022
93640,46.2,48.376999999999946,-2.1769999999999428
28347,42.0,38.84750000000001,3.152499999999989
80701,32.4,33.61449999999997,-1.2144999999999726
25825,41.6,41.735000000000056,-0.13500000000005485
49325,36.7,34.89049999999999,1.809500000000014
29689,35.4,35.324000000000005,0.0759999999999934
74570,39.6,40.14249999999997,-0.5424999999999685
14781,35.8,37.86599999999999,-2.0659999999999954
70657,40.0,37.976000000000056,2.023999999999944
87122,26.0,23.69949999999996,2.3005000000000386
96797,22.5,29.38299999999992,-6.882999999999921
12520,28.0,30.81099999999994,-2.8109999999999395
34105,23.9,26.7985,-2.898500000000002
45305,36.1,26.782999999999994,9.317000000000007
38965,38.8,42.81200000000007,-4.0120000000000715
74370,41.2,40.92200000000011,0.2779999999998921
89446,36.7,33.73599999999998,2.96400000000002
01053,22.4,28.371999999999968,-5.971999999999969
33404,33.0,41.65749999999996,-8.657499999999963
56033,37.3,37.300500000000035,-0.0005000000000379146
55979,35.2,36.812000000000005,-1.6120000000000019
93424,23.3,26.277999999999967,-2.977999999999966
48210,44.0,43.997000000000064,0.002999999999936165
12993,34.3,37.32099999999994,-3.020999999999944
67074,39.7,37.78250000000004,1.9174999999999613
48228,47.7,37.36950000000004,10.330499999999965
92258,41.3,41.13149999999994,0.1685000000000585
13691,38.1,35.77399999999997,2.326000000000029
62478,39.7,33.31799999999999,6.382000000000012
49075,34.3,39.985499999999924,-5.6854999999999265
20708,41.7,36.78300000000001,4.9169999999999945
43017,28.4,30.590000000000014,-2.1900000000000155
11215,19.0,20.64300000000003,-1.643000000000029
32227,27.7,31.13649999999999,-3.4364999999999917
99301,35.3,36.62149999999995,-1.3214999999999506
07079,22.7,28.487499999999972,-5.787499999999973
68717,41.3,34.73750000000006,6.562499999999936
04258,36.9,37.309000000000054,-0.40900000000005576
04344,33.3,37.459499999999984,-4.159499999999987
35601,42.8,39.62400000000006,3.175999999999938
27406,43.1,29.772999999999982,13.32700000000002
92780,26.5,32.90050000000001,-6.400500000000008
89131,28.9,32.01549999999997,-3.115499999999969
47959,47.4,40.000500000000024,7.399499999999975
79414,37.1,35.346499999999985,1.7535000000000167
76092,25.7,31.147000000000002,-5.447000000000003
85332,26.7,32.277999999999935,-5.5779999999999355
91384,25.9,31.16950000000004,-5.26950000000004
64741,33.8,38.87550000000003,-5.075500000000034
33037,26.4,32.39150000000003,-5.9915000000000305
67301,37.9,36.07000000000002,1.829999999999977
69356,38.1,33.77,4.329999999999998
54646,41.6,42.486,-0.8859999999999957
28217,33.4,35.26699999999998,-1.8669999999999831
57770,44.2,41.97449999999999,2.225500000000011
20781,41.9,37.65,4.25
78076,43.9,47.312999999999974,-3.4129999999999754
63349,41.8,40.21800000000004,1.581999999999958
31322,30.2,32.49399999999999,-2.2939999999999934
12159,26.7,27.284000000000013,-0.5840000000000138
12749,32.6,38.42250000000004,-5.822500000000041
62876,37.2,36.27700000000001,0.9229999999999947
52352,35.6,36.257,-0.6569999999999965
33548,27.3,29.163500000000003,-1.863500000000002
27019,38.8,35.41250000000008,3.3874999999999176
26431,41.5,40.76500000000006,0.7349999999999426
04985,36.3,38.55999999999999,-2.259999999999991
97130,30.1,32.20050000000004,-2.1005000000000393
89026,35.2,37.47650000000001,-2.2765000000000057
56725,40.4,36.11450000000006,4.285499999999935
25102,44.7,44.81999999999999,-0.11999999999999034
79371,40.6,42.55800000000009,-1.9580000000000908
43407,38.7,39.0860000000001,-0.38600000000009516
44509,44.3,43.807499999999976,0.49250000000002103
37373,34.2,34.239000000000004,-0.03900000000000148
94951,26.0,29.449500000000008,-3.4495000000000076
45884,39.9,38.2005,1.6995000000000005
45882,37.6,39.50250000000006,-1.9025000000000603
38614,45.9,44.559000000000005,1.340999999999994
23669,40.4,32.62449999999999,7.775500000000008
14778,21.7,23.83899999999999,-2.1389999999999922
57026,39.0,33.637,5.3629999999999995
71064,46.6,43.17550000000011,3.424499999999888
61570,39.1,35.11549999999991,3.9845000000000894
80814,24.9,30.191000000000027,-5.291000000000029
68068,42.9,35.10250000000002,7.797499999999978
32060,39.0,38.969499999999975,0.03050000000002484
64072,36.6,36.44950000000003,0.15049999999997254
33162,32.7,40.1605,-7.460499999999996
87551,38.6,39.210500000000025,-0.6105000000000231
74446,40.9,42.16399999999992,-1.2639999999999247
58357,45.2,40.77700000000003,4.422999999999973
64429,40.5,37.74949999999998,2.7505000000000166
76108,32.7,34.17400000000002,-1.474000000000018
05676,26.1,25.221,0.8790000000000013
33706,28.5,28.06449999999999,0.43550000000001177
50161,34.4,33.01749999999996,1.3825000000000358
30108,33.4,36.85549999999998,-3.4554999999999794
52552,38.2,38.39850000000005,-0.19850000000004542
13325,42.1,37.49450000000004,4.605499999999964
24530,43.1,39.50800000000006,3.591999999999942
38601,40.6,41.14700000000009,-0.5470000000000894
51249,40.6,39.657000000000046,0.9429999999999552
06079,25.2,29.865499999999994,-4.665499999999994
70524,49.5,45.04899999999998,4.451000000000022
78631,34.8,37.13649999999994,-2.336499999999944
43973,39.2,39.1185,0.08150000000000546
20833,25.1,28.90299999999996,-3.802999999999958
81140,29.5,38.02600000000004,-8.526000000000039
73735,41.3,39.80350000000007,1.4964999999999264
37090,32.0,34.465499999999935,-2.4654999999999347
61102,49.6,43.57549999999995,6.024500000000053
62997,39.0,35.06299999999994,3.9370000000000616
46391,42.1,40.301000000000016,1.7989999999999853
96772,28.4,35.0355,-6.6355
84052,32.8,36.34449999999998,-3.544499999999985
06260,34.7,39.92300000000011,-5.223000000000106
72738,40.2,42.56850000000011,-2.368500000000104
68456,34.6,36.79600000000002,-2.1960000000000193
62663,39.1,36.498999999999945,2.601000000000056
30187,32.2,36.54050000000006,-4.3405000000000555
61422,39.7,37.070000000000014,2.6299999999999883
46570,44.6,37.86300000000003,6.7369999999999735
37650,39.0,40.408999999999935,-1.408999999999935
66537,42.3,39.08299999999995,3.2170000000000485
38382,40.4,42.13599999999999,-1.73599999999999
71241,37.6,45.28300000000003,-7.683000000000028
44250,38.2,39.317000000000014,-1.1170000000000115
50455,42.3,39.47249999999994,2.8275000000000574
44094,35.5,32.45349999999992,3.04650000000008
05904,34.6,34.42950000000003,0.17049999999996857
82401,33.8,39.271499999999946,-5.471499999999949
93740,29.6,35.09349999999994,-5.4934999999999405
14710,33.7,33.66299999999999,0.037000000000013245
60963,42.3,38.80150000000002,3.4984999999999786
01432,26.4,31.736,-5.336000000000002
98640,36.0,31.113999999999955,4.886000000000045
48393,32.7,26.357,6.3430000000000035
28478,40.6,36.76750000000001,3.832499999999989
57752,49.0,45.05600000000003,3.943999999999967
97329,39.1,36.54450000000003,2.5554999999999737
36477,42.0,41.42199999999996,0.5780000000000385
08350,31.4,37.31400000000007,-5.9140000000000725
30188,32.7,28.325000000000028,4.374999999999975
62819,39.5,34.76149999999997,4.73850000000003
90043,33.6,33.65149999999999,-0.05149999999999011
30022,22.6,25.16650000000002,-2.566500000000019
27587,29.4,26.97349999999998,2.4265000000000185
72031,41.3,45.850999999999885,-4.550999999999888
83616,28.3,28.122500000000038,0.1774999999999629
75089,32.2,33.21349999999996,-1.0134999999999579
64145,31.6,36.63349999999996,-5.033499999999961
13103,38.2,41.47000000000006,-3.27000000000006
25019,44.1,45.708,-1.607999999999997
31801,37.3,38.51450000000001,-1.2145000000000152
30751,41.1,37.59499999999994,3.5050000000000594
34677,30.5,30.198999999999984,0.30100000000001614
59075,35.8,39.548000000000066,-3.7480000000000686
47384,43.0,36.58250000000008,6.417499999999919
48331,28.8,27.14799999999997,1.6520000000000294
22488,44.0,41.00200000000006,2.9979999999999407
13746,36.2,38.694500000000005,-2.494500000000002
30360,30.6,36.13400000000002,-5.53400000000002
86433,34.6,37.73200000000002,-3.132000000000019
54824,36.0,36.90899999999996,-0.9089999999999634
67570,41.8,38.63149999999999,3.1685000000000088
08559,26.3,28.24499999999997,-1.9449999999999683
21060,37.2,32.21849999999999,4.981500000000011
24448,39.2,36.4325,2.7675000000000054
26369,42.5,39.83799999999998,2.6620000000000203
76569,40.8,39.38750000000002,1.41249999999998
63458,38.5,40.88349999999996,-2.3834999999999624
58243,36.5,36.89399999999992,-0.3939999999999202
92134,16.5,22.16800000000001,-5.66800000000001
59915,34.5,36.690999999999946,-2.1909999999999457
19730,29.2,32.04100000000003,-2.841000000000033
59761,29.0,34.090499999999956,-5.090499999999956
01609,33.2,35.410499999999985,-2.210499999999982
98925,35.7,30.547500000000042,5.152499999999961
34432,37.0,29.896000000000054,7.103999999999946
81655,28.2,34.41899999999996,-6.218999999999962
33315,28.3,32.62749999999997,-4.327499999999969
10990,28.6,31.953999999999997,-3.3539999999999957
50523,41.4,37.579000000000015,3.8209999999999837
10965,26.9,30.279500000000077,-3.3795000000000783
32822,35.5,35.184000000000054,0.31599999999994566
27571,30.2,25.61999999999997,4.58000000000003
38134,38.7,34.48999999999998,4.210000000000022
56263,37.3,36.431999999999896,0.8680000000001016
33043,26.3,32.96550000000001,-6.665500000000012
43240,29.5,31.400000000000055,-1.9000000000000554
73570,45.9,43.98300000000001,1.9169999999999874
79518,32.8,35.42900000000004,-2.6290000000000404
71424,36.3,36.37549999999994,-0.07549999999994128
54980,38.9,37.86849999999996,1.0315000000000367
11964,29.5,34.124500000000005,-4.624500000000005
62061,35.3,25.214500000000044,10.085499999999954
97424,36.1,31.18700000000004,4.912999999999961
83427,31.8,29.84299999999998,1.957000000000022
60103,27.4,28.39399999999997,-0.9939999999999714
76016,29.7,31.859500000000004,-2.159500000000005
58856,40.0,36.15299999999996,3.847000000000037
68971,35.3,38.28499999999995,-2.9849999999999497
12042,34.3,37.58099999999991,-3.2809999999999135
34705,37.7,39.74249999999994,-2.04249999999994
11420,25.6,38.93350000000012,-13.333500000000122
96742,37.0,36.57300000000001,0.4269999999999925
78122,40.5,44.156000000000006,-3.656000000000006
57760,37.0,40.24100000000004,-3.2410000000000423
08827,28.2,31.358999999999988,-3.1589999999999883
46701,38.6,35.40199999999998,3.1980000000000217
70576,40.9,40.579999999999984,0.3200000000000145
68955,39.7,34.948499999999946,4.751500000000057
46016,42.8,42.47250000000002,0.32749999999997925
06759,26.1,28.74499999999999,-2.644999999999989
08619,23.7,31.67500000000002,-7.975000000000019
47368,38.3,36.9645,1.3354999999999961
25181,47.7,42.79600000000011,4.90399999999989
34475,44.3,38.65799999999997,5.642000000000024
87106,32.0,28.820000000000032,3.1799999999999677
61230,34.2,33.882500000000064,0.3174999999999386
65013,40.1,42.833500000000015,-2.7335000000000136
28682,35.2,32.03799999999999,3.1620000000000132
78066,35.5,33.084999999999916,2.4150000000000844
79080,36.0,38.89700000000004,-2.897000000000041
06357,28.9,33.18250000000002,-4.28250000000002
49103,36.3,32.69949999999997,3.600500000000025
66524,38.2,39.925500000000014,-1.725500000000011
89003,43.7,45.600000000000016,-1.9000000000000128
10522,23.1,29.54200000000002,-6.442000000000018
37918,34.8,31.35299999999997,3.4470000000000276
24070,35.4,35.44549999999993,-0.04549999999993304
57349,35.7,39.88300000000009,-4.183000000000085
28077,35.3,38.52000000000008,-3.220000000000084
99349,43.0,38.65250000000001,4.3474999999999895
62546,36.1,35.35749999999998,0.742500000000021
71111,41.3,39.73099999999999,1.5690000000000097
45634,39.8,39.799500000000066,0.0004999999999313332
55118,35.2,34.95549999999997,0.24450000000003058
26167,45.0,43.367000000000104,1.632999999999896
38226,45.0,40.94500000000007,4.054999999999929
79778,37.5,39.58650000000004,-2.0865000000000435
48649,35.9,38.05149999999996,-2.151499999999963
38720,40.5,43.04949999999996,-2.5494999999999592
39162,41.6,41.42649999999999,0.1735000000000113
68351,42.6,39.75649999999994,2.8435000000000628
95820,32.6,33.712499999999984,-1.112499999999983
95694,29.1,32.91149999999997,-3.811499999999967
23111,34.1,33.86549999999997,0.23450000000003257
54950,38.8,38.09999999999997,0.7000000000000242
12495,28.2,27.49150000000002,0.7084999999999795
61547,33.1,31.26200000000001,1.8379999999999903
67219,42.7,38.07600000000003,4.623999999999974
76853,35.2,36.8,-1.5999999999999943
83251,31.8,35.84650000000008,-4.046500000000076
57544,34.7,35.301500000000026,-0.6015000000000228
73070,53.0,49.196,3.804000000000002
79014,33.5,37.43800000000001,-3.9380000000000095
46220,31.9,26.14100000000006,5.75899999999994
75969,40.9,42.01799999999994,-1.1179999999999382
90212,22.0,23.568999999999992,-1.568999999999992
86025,37.8,38.307499999999926,-0.5074999999999292
51564,35.4,36.643499999999946,-1.2434999999999476
99721,46.5,40.42849999999997,6.071500000000029
08225,27.1,32.777000000000065,-5.6770000000000636
72932,41.8,41.77100000000003,0.02899999999996794
75455,38.9,39.260999999999974,-0.3609999999999758
98823,38.9,37.377500000000076,1.5224999999999227
97867,37.9,34.924499999999995,2.975500000000004
54149,43.3,42.68149999999992,0.6185000000000755
01840,39.7,48.68649999999995,-8.98649999999995
93268,37.1,40.94050000000005,-3.8405000000000484
03038,32.5,31.958999999999943,0.5410000000000572
88065,32.1,36.98900000000009,-4.889000000000088
27215,36.9,27.955999999999964,8.944000000000035
36530,37.0,39.79549999999999,-2.79549999999999
58490,35.5,34.64550000000002,0.8544999999999803
